"plot_id","estate_id","plot_code","rr_no","street_no","main_structure_name","mcgm_allotted_no","mcgm_ward_name","location","city_survey_no","city_survey_div","area","plot_desc","update_by","update_timestamp","status","verified_return_by","is_verified","is_active","remarks","approve_reject_on","approve_reject_by","verified_return_on","div_id","unit_id","row_update_by","mcgm_plot_no","existing_plot_no","no_of_splits","owner","owner_name","owner_contactno","dept_name","zone_id","zone_detail_id","admin_id","schedule_east","schedule_west","schedule_north","schedule_south","pincode","ward_id","customer_code","mbpt_road_connectivity","from_date","to_date","created_by_merge","created_by_split","prev_plot_id","result_statement","rr_noplot","reservation","plot_split_no","plot_action_forwardedto","plot_action_forward_rmk","plot_action_apr_rmk","plot_action_aprovedby","plot_action_type","is_vacant","rrzone2017"
8392,11,"205010048",Land at STP and Portion of Kerosene Wharf and Jetty,,Open Plot,,F/S,,"145",PAREL-SEWERI,0.00,,CDAC,2020-05-09 18:01:36.360,A,,true,false,,,,,57,5,,,,0,true,,,,,,97,,,,,,,"20501240",false,,,false,false,7572,,,,,,,,,,false,
8393,5,"","IN HOUSE PHARMACY AT MBPT HOSPITAL
",,"",,"","","","",0.00,,CDAC,2026-03-03 16:20:30.300,A,,true,false,,,,,56,1,,,,0,true,,,,,,97,"","","","",,,"10101321",false,,,false,false,8393,,,,,,,,,,false,
8394,11,"","GR FLR&PARTOF 1ST FLR OF BLDG-32@OLD NADKARNI PARK(1-8,13-16
",,Open Plot,,F/S,,"","",0.00,,CDAC,2026-05-09 18:01:36.360,A,,true,false,,,,,57,5,,,,0,true,,,,,,97,,,,,,,"10101320",false,,,false,false,7572,,,,,,,,,,false,
8395,11,"",R R NO 122,,Open Plot,,F/S,,"","",0.00,,CDAC,2026-05-09 18:01:36.360,A,,true,false,,,,,57,5,,,,0,true,,,,,,97,,,,,,,"20701120",false,,,false,false,7572,,,,,,,,,,false,
8044,5,"101050048",OLD RR 1984,"", , ,F/S WARD, ,"145 (part)",PAREL SEWRI,10346.98,,Mahesh Mohite,2020-07-15 12:13:57.570,A,,true,false, ,,,,56,1,nihar, , ,0,true, , , ,,,97, , , , ,,,"10105117",false,,,false,false,8044,,,,,,,,,,true,
7695,16,"207010134",R R 2004,,Private Structure,,E,,"170",MAZAGAON,5499.30,,Mahesh Mohite,2020-05-09 18:01:36.360,A,,true,false,,,,,57,7,,,,0,true,,,,,,97,,,,,,,"20701339",false,,,false,false,7695,,,,,,,,,,true,
7776,17,"208010163","118 KASSARA STREET",,Private Structure,,E,,"1",MAZAGAON,55.18,,Mahesh Mohite,2020-05-09 18:01:36.360,A,,true,false,,,,,57,8,,,,0,true,,,,,,97,,,,,,,"20801305",false,,,false,false,7776,,,,,,,,,,true,
5522,14,"206010061","92",,,,,MAZGAON TANK BUNDER,"632",MAZGAON,184.41,,Mahesh Mohite,2020-03-03 16:20:30.300,A,,true,false,,,,,57,6,do_CD_shreyas,,,0,true,,,,,,97,REAY ROAD,PLOT NO.91,B.P.T ROAD,PLOT NO.93,400010,5,"20601234
",false,,,false,false,5522,,,,,,,,,,true,
5544,14,"206010082","120",,,,, MAZGAON TANK BUNDER,"3/630",MAZGAON,581.29,,Mahesh Mohite,2020-03-03 16:20:30.300,A,,true,false,,,,,57,6,do_CD_shreyas,,,0,true,,,,,,97,PLOT NO.121 FML,PLOT NO.119 FML,ROAD,ROAD,400010,5,"20601311
",true,,,false,false,5544,,,,,,,,,,true,
4236,19,"309010012","161",,,,B,ELPHINSTON (EAST),"1",PRINCESS DOCK,2.00,,Mahesh Mohite,2020-03-03 16:20:30.300,A,,true,false,,,,,58,9,,,,0,true,,,"4",,,97,,,,,400009,2,"30901426",false,,,false,false,4236,,,,,,,,,,true,
3606,11,"205010002","161 SURAT STREET",,,,F/S,MAZGAON SEWREE RECLAMATION (EAST),"323/145",PAREL-SEWERI,0.00,,Mahesh Mohite,2020-03-03 16:20:30.300,A,,true,false,,,,,57,5,,,,0,true,,,"4",,,97,,,,,400033,7,"20501111",false,,,false,false,3606,,,,,,,,,,true,
4224,21,"310010002","92",,,,B,ELPHINSTON (WEST),"59",PRINCESS DOCK,191.47,,Mahesh Mohite,2020-03-03 16:20:30.300,A,,true,false,,,,,58,10,,,,0,true,,,"4",,,97,,,,,400009,2,"31001411",false,,,false,false,4224,,,,,,,,,,true,
5434,38,"413040217",PART OF 10/8,,,,E,LAKRI BUNDER,"1",MAZAGAON,347.46,,Mahesh Mohite,2020-03-03 16:20:30.300,A,,true,false,,,,,59,13,,,,0,true,,,"4",,,97,,,,,400010,5,"41304404,
41304405,
41304406,
41304407,
",false,,,false,false,5434,,,,,,,,,,true,
8363,3,"0101030007",split 1,,,,,,,,23000.00,,mbpt_no,2024-02-08 12:53:31.224,SIP,,false,false,,,,,56,1,mbpt_no,"11",,0,true,xyz,"9089789876",,,,,c,d,a,b,,,,false,2024-02-07,,false,true,8187,,,,,,,,,,false,
8364,3,"0101030007",split 2,,,,,,,,500.00,,mbpt_no,2024-02-08 12:53:31.224,SIP,,false,false,,,,,56,1,mbpt_no,"12",,0,true,rtx,"9089789876",,,,,c,d,a,b,,,,false,2024-02-07,,false,true,8187,,,,,,,,,,false,
3068,1,"101010026",R R 1249,,PRIVATE STRUCTURE,,F/S,WADALA,"15/358",DADAR-NAIGAON,12541.91,,Mahesh Mohite,2020-03-03 16:20:30.300,A,,true,false,,,,,56,1,,,,0,true,,,,,,97,MbPT PASSAGE,L.M. NADKARNI MARG ,RR - 1314,RR - 1776,400035,7,"10101132",false,,,false,false,3068,,,,,,,,,,true,
3107,5,"101050007","31",,PRIVATE STRUCTURE,,F/S,SEWREE (EAST),"145",PAREL-SEWERI,1515.81,,Mahesh Mohite,2020-03-03 16:20:30.300,A,,true,false,,,,,56,1,,,,0,true,,,,,,97,CUSTOM PREVENTIVE QUARTERS,SEWREE FORT ROAD,MbPT QUARTERS,OFFICE MbPT REV.,400015,7,"10105203",true,,,false,false,3107,,,,,,,,,,true,
3225,8,"102030003","5",,PRIVATE STRUCTURE,,F/S,MAZGAON SEWREE RECLAMATION (J.B.),"145",PAREL-SEWERI,11.61,,Mahesh Mohite,2020-03-03 16:20:30.300,A,,true,false,,,,,56,2,,,,0,true,,,,,,97,RAILWAY SIDING,P.D MELLO ROAD,PLOT : 4,PLOT : 6,400010,7,"10203104",true,,,false,false,3225,,,,,,,,,,true,
3230,8,"102030008","12",,PRIVATE STRUCTURE,,F/S,MAZGAON SEWREE RECLAMATION (J.B.),"36/147",PAREL-SEWERI,16.44,,Mahesh Mohite,2020-03-03 16:20:30.300,A,,true,false,,,,,56,2,,,,0,true,,,,,,97,COTTON GREEN RAILWAY STATION,P.D MELLO ROAD,PLOT : 11,PLOT : 13,400010,7,"10203111",true,,,false,false,3230,,,,,,,,,,true,
3467,10,"104010104","3B",,OPEN PLOT,,F/S,MAZGAON SEWREE RECLAMATION (GRAIN & COTTON DEPOT),"145",PAREL-SEWERI,244.80,,Mahesh Mohite,2020-03-03 16:20:30.300,A,,true,false,,,,,56,4,,,,0,true,,,,,,97,PLOT : 3-A,RAILWAY SIDING,PLOT : 4-B,MbPT PASSAGE,400015,7,"10401425",false,,,false,false,3467,,,,,,,,,,true,
3516,10,"104010149",D-2  COAL DEPOT,,OPEN PLOT,,F/S,MAZGAON SEWREE RECLAMATION (GRAIN & COTTON DEPOT),"145",PAREL-SEWERI,278.71,,Mahesh Mohite,2020-03-03 16:20:30.300,A,,true,false,,,,,56,4,,,,0,true,,,,,,97,PLOT : D-3,MbPT ROAD,MbPT PASSAGE,PLOT : E-1,400015,7,"10401544",true,,,false,false,3516,,,,,,,,,,true,
3552,10,"104010185",NORTH OF F SHED GRAIN DEPOT,,PRIVATE STRUCTURE,,F/S,MAZGAON SEWREE RECLAMATION (GRAIN & COTTON DEPOT),"145",PAREL-SEWERI,82.31,,Mahesh Mohite,2020-03-03 16:20:30.300,A,,true,false,,,,,56,4,,,,0,true,,,,,,97,RAILWAY SIDING,RAILWAY SIDING,MbPT ROAD,SHED-F (GDN. 70),400015,7,"10401138",true,,,false,false,3552,,,,,,,,,,true,
3695,17,"208010030","187A/1",,,,E,MAZGAON RECLAMATION (SOUTH),"1/134A",MAZGAON,4.83,,Mahesh Mohite,2020-03-03 16:20:30.300,A,,true,false,,,,,57,8,,,,0,true,,,,,,97,Plot No.195 & RR No.2008,Quay Street,Plot No.186,Plot No.187-B,400010,5,"20801429
",false,,,false,false,3695,,,,,,,,,,true,
4032,17,"208010059","32 AT PANTON BUNDER",,,,E,MAZGAON RECLAMATION (SOUTH),"1/210",MAZGAON,258.55,,Mahesh Mohite,2020-03-03 16:20:30.300,A,,true,false,,,,,57,8,,,,0,true,,,,,,97,RR No.2019 & Plot No.31,Link Road,Plot No.22,Plot No.40-A,400010,5,"20801115
",false,,,false,false,4032,,,,,,,,,,true,
4230,19,"309010007","121",,,,B,ELPHINSTON (EAST),"1",PRINCESS DOCK,71.35,,Mahesh Mohite,2020-03-03 16:20:30.300,A,,true,false,,,,,58,9,,,,0,true,,,,,,97,PLOT NO. 120,O.N.G.C (15 ML),PLOT NO. 131-B,MALET ROAD,400009,2,"30901421",false,,,false,false,4230,,,,,,,,,,true,
4284,19,"309010014","120 121-A,121-B,122 & 119",,,,B,ELPHINSTON (EAST),"1",PRINCESS DOCK,1348.63,,Mahesh Mohite,2020-03-03 16:20:30.300,A,,true,false,,,,,58,9,,,,0,true,,,,,,97,PLOT NO-118,O.N.G.C (15.MT),LEASED TO STATE TRADING CORPORATION OF INDIA LTD,MALET ROAD,400009,2,"30901417",false,,,false,false,4284,,,,,,,,,,true,
4332,26,"312020017","26B",,,,A,SASSOON DOCK,"67",COLABA,9.38,,Mahesh Mohite,2020-03-03 16:20:30.300,A,mbpt_no,true,false, Date: 18-12-2019 User: mbpt_no <br>Remark: For sample<br> <br> Date: 18-12-2019 User: mbpt_hod <br>Remark: For sample<br>,,mbpt_hod,,58,12,mbpt_hod,,,0,true,,,,,,97,PLOT NO-26-A,PLOT NO-25,P.T PASSAGE,P.T PASSAGE,400005,1,"31202146",false,,,false,false,4332,,,,,,,,,,true,
4358,26,"312020030","36 C/C",,,,A,SASSOON DOCK,"67",COLABA,2.23,,Mahesh Mohite,2020-03-03 16:20:30.300,A,mbpt_no,true,false, Date: 18-12-2019 User: mbpt_no <br>Remark: For sample<br> <br> Date: 18-12-2019 User: mbpt_hod <br>Remark: For sample<br>,,mbpt_hod,,58,12,mbpt_hod,,,0,true,,,,,,97,P.T PASSAGE,P.T PASSAGE,PLOT NO-36C-c,PLOT NO36C-b,400005,1,"31202209",false,,,false,false,4358,,,,,,,,,,true,
4583,19,"309010045",OLD RR 1616,,,,B,ELPHINSTON (EAST),"43847",PRINCESS DOCK,138.00,,Mahesh Mohite,2020-03-03 16:20:30.300,A,,true,false,,,,,58,9,,,,0,true,,,,,,97,MANSION ROAD,P.D. MELLO ROAD,RR NO. 1866,RR NO. 1622,400009,2,"30901149",false,,,false,false,4583,,,,,,,,,,true,
3088,1,"101010041",R.R.2026,,PRIVATE STRUCTURE,,F/S,WADALA,"29/358",DADAR-NAIGAON,856.84,,Mahesh Mohite,2020-03-03 16:20:30.300,A,,true,false,,,,,56,1,,,,0,true,,,,,,97,MbPT LAND & RR - 1823,RYL. SIDING,MbPT LAND,RR - 1823,400035,7,"10101144",false,,,false,false,3088,,,,,,,,,,true,
3288,9,"103010041",JETHA F 105,,PRIVATE STRUCTURE,,E,MAZGAON SEWREE RECLAMATION (COTTON DEPOT),"24838",MAZAGAON,227.43,,Mahesh Mohite,2020-03-03 16:20:30.300,A,,true,false,,,,,56,3,,,,0,true,,,,,,97,RAILWAY SIDING,"JETHA 73 TO 107, 80 TO 85",FRAMJI AVENUE,"JETHA 86 TO 93, 95 TO 104",400033,5,"10301530",false,,,false,false,3288,,,,,,,,,,true,
4458,26,"312020037",GDN NO 158,,,,A,SASSOON DOCK,"67",COLABA,1460.59,,Mahesh Mohite,2020-03-03 16:20:30.300,A,mbpt_no,true,false, Date: 17-12-2019 User: mbpt_no <br>Remark: For sample<br> <br> Date: 17-12-2019 User: mbpt_hod <br>Remark: For sample<br>,,mbpt_hod,,58,12,mbpt_hod,,,0,true,,,,,,97,"159-MBPT QUARTERS",GATE,MIDDLE COLABA ROAD,PLOT NO-23A & PLOT NO-29A,400005,1,"31202140",false,,,false,false,4458,,,,,,,,,,true,
7730,17,"208010117","69 2ND CROSS STREET",,Private Structure,,E,,"1",MAZAGAON,90.02,,Mahesh Mohite,2020-05-09 18:01:36.360,A,,true,false,,,,,57,8,,,,0,true,,,,,,97,,,,,,,"20801206",false,,,false,false,7730,,,,,,,,,,false,
3231,8,"102030009","13",,PRIVATE STRUCTURE,,F/S,MAZGAON SEWREE RECLAMATION (J.B.),"36/147",PAREL-SEWERI,18.97,,Mahesh Mohite,2020-03-03 16:20:30.300,A,,true,false,,,,,56,2,,,,0,true,,,,,,97,COTTON GREEN RAILWAY STATION,P.D MELLO ROAD,PLOT : 12,PLOT : 14A C.RLY,400010,7,"10203126",true,,,false,false,3231,,,,,,,,,,true,
8312,12,"0205020007","88888",almeda street,shiva building,"99999",,titwala,"194/145",PAREL SEWRI,500.00,dqweeqweqwe,mbpt_do,2022-12-29 15:39:41.606,A,mbpt_no,true,false,ewerwerwer,2022-12-29 15:41:42.805,mbpt_hod,2022-12-29 15:41:00.175,57,5,mbpt_hod,,"",0,true,"","",,,,9,qwwqe,qew,aawd,dwd,110005,10,,false,2010-01-01,9999-01-28,false,false,8312,,R.R No,No,,,,,,,false,
4586,26,"312020048",OLD RR 1773,,,,A,SASSOON DOCK,"24869",COLABA,3172.79,,Mahesh Mohite,2020-03-03 16:20:30.300,A,mbpt_no,true,false, Date: 16-12-2019 User: mbpt_no <br>Remark: For sample<br> <br> Date: 18-12-2019 User: mbpt_hod <br>Remark: correct the CS no.<br> <br> Date: 18-12-2019 User: mbpt_no <br>Remark: For sample<br> <br> Date: 18-12-2019 User: mbpt_hod <br>Remark: For sample<br>,,mbpt_hod,,58,12,mbpt_hod,,,0,true,,,,,,97,RR NO. 1773-E,RR NO. 1773-J,MB.P.T ROAD,SAGAR PRESS GODOWNS,400005,1,"31202128",false,,,false,false,4586,,,,,,,,,,true,
5342,40,"413060053","62/C",,,,E,NEW TANK BUNDER,"1",MAZAGAON,120.40,,Mahesh Mohite,2020-03-03 16:20:30.300,A,,true,false,,,,,59,13,,,,0,true,,,,,,97,PLOT NO.63-C,PLOT NO.61,PLOT NO.55,MbPT ROAD,400010,5,"41306129",false,,,false,false,5342,,,,,,,,,,true,
5470,16,"207010048","5",,,,,MAZGAON RECLAMATION (NORTH),"1",MAZAGAON,118.36,,Mahesh Mohite,2020-03-03 16:20:30.300,A,,true,false,,,,,57,7,do_CD_shreyas,,,0,true,,,,,,97,MAGAZINE STREET,PLOT NO.4 & THE BOMBAY BURMA TDG.CORPTN.LTD.,PT PASSAGE,MAGAZINE STREET,400010,5,"20701109
",false,,,false,false,5470,,,,,,,,,,true,
5478,14,"206010021","21",,,,,MAZGAON TANK BUNDER,"19/671",MAZGAON,70.61,,Mahesh Mohite,2020-03-03 16:20:30.300,A,,true,false,,,,,57,6,do_CD_shreyas,,,0,true,,,,,,97,PLOT NO.22 FML,PLOT NO.20,PLOT NO.19,Ghorupdeo Cross Road No.1,400010,5,"20601117
",false,,,false,false,5478,,,,,,,,,,true,
4588,26,"312020049",OLD RR 1991,,,,A,SASSOON DOCK,"67",COLABA,774.82,,Mahesh Mohite,2020-03-03 16:20:30.300,A,mbpt_no,true,false, Date: 16-12-2019 User: mbpt_no <br>Remark: For sample<br> <br> Date: 18-12-2019 User: mbpt_hod <br>Remark: For sample<br>,,mbpt_hod,,58,12,mbpt_hod,,,0,true,,,,,,97,COMPARTMENT-C MT,COMPARTMENT-A MT VACANT,MT,P.T PASSAGE,400005,1,"31202116",false,,,false,false,4588,,,,,,,,,,false,
7990,23,"311010069","25 EAST OF R R 942", , , ,A WARD , ,"1187 (Part)",FORT,1.25,,Mahesh Mohite,2020-07-15 12:13:57.570,A,,true,false, ,,,,58,11,nihar, , ,0,true, , , ,,,97, , , , ,,,"31101241",false,,,false,false,7990,,,,,,,,,,false,
7956,26,"312020077", BELOW CLOCK TOWER, , , ,A WARD , ,"67 (Part)",Colaba,111.67,,Mahesh Mohite,2020-07-15 12:13:57.570,A,,true,false, ,,,,58,12,nihar, , ,0,true, , , ,,,97, , , , ,,,"31202148",false,,,false,false,7956,,,,,,,,,,false,
4213,26,"312020004","26",,,,A,SASSOON DOCK,"67",COLABA,77.76,,Mahesh Mohite,2020-03-03 16:20:30.300,A,mbpt_no,true,false, Date: 17-12-2019 User: mbpt_no <br>Remark: For sample<br> <br> Date: 17-12-2019 User: mbpt_hod <br>Remark: For sample<br>,,mbpt_hod,,58,12,mbpt_hod,,,0,true,,,,,,97,PLOT NO. 26-A,PLOT NO. 25,PLOT NO. 26-B,P.T PASSAGE,400005,1,"31202144",false,,,false,false,4213,,,,,,,,,,true,
8396,4,"101040001","Triangular Plot at PirPau (Near Old Pir Pau Berth)
",,,,M,PIR PAU PIER, , ,11904.33,,Mahesh Mohite,2020-03-03 16:20:30.300,A,,true,false,,,,,56,1,,,,0,true,,,"4",,,97,,,,,400074,9,"10104106",false,,,false,false,3099,,,,,,,,,,true,
8397,7,"102020021",RR NO. 2060,,,,F/S,FRERE LAND,"147",PAREL-SEWERI,2852.36,,Mahesh Mohite,2020-03-03 16:20:30.300,A,,true,false,,,,,56,2,,,,0,true,,,"4",,,97,,,,,400033,7,"10202223",false,,,false,false,3205,,,,,,,,,,false,
8398,10,"104010222",E SHED(BAY 53 TO 70),,"",,F/S,MAZGAON SEWREE RECLAMATION (GRAIN & COTTON DEPOT),"311/145",PAREL-SEWERI,2659.76,,Mahesh Mohite,2020-03-03 16:20:30.300,A,,true,false,,,,,56,4,,,,0,true,,,,,,97,RAILWAY SIDING,RAILWAY SIDING,MbPT ROAD,MbPT ROAD,400015,7,"10401151",true,,,false,false,3589,,,,,,,,,,true,
8399,18,"208020016",EKTA NAGAR, , , ,E WARD , ,"1 (Part)",MAZGAON,13379.70,,Mahesh Mohite,2020-07-15 12:13:57.570,A,,true,false, ,,,,57,8,nihar, , ,0,true, , , ,,,97, , , , ,,,"20802118",false,,,false,false,8399,,,,,,,,,,false,
8400,5,"","MbPA Workshop Plot, old COS Building and Intervenial Land",,"",,"","","","",58887.04,,CDAC,2026-03-03 16:20:30.300,A,,true,false,,,,,56,1,,,,0,true,,,,,,97,"","","","",,,"30901472",false,,,false,false,8400,,,,,,,,,,false,
8401,5,"","Plot No.159,159A,114,115,116,117,118,119,120,121A,121B & 122",,"",,"","","","",12804.06,,CDAC,2026-03-03 16:20:30.300,A,,true,false,,,,,56,1,,,,0,true,,,,,,97,"","","","",,,"30901474",false,,,false,false,8401,,,,,,,,,,false,
8308,11,"0205010073",R R 8000,Test,gehrgeur,"123",,Mumbai,"","",8000.00,Test,mbpt_do,2022-12-09 16:11:33.720,A,mbpt_no,true,false,to ,2022-12-09 16:13:07.073,mbpt_hod,2022-12-09 16:12:24.569,57,5,mbpt_hod,,"",0,true,"","",,,,9,C,D,A,B,400050,4,,true,2015-01-01,9999-01-28,false,false,8308,,R.R No,No,,,,,,,false,
8310,12,"0205020005",R R ABCD,Mumbai,ABCD,"01",,Mumbai,"24654",Colaba,6000.00,Test,mbpt_do,2022-12-11 09:24:58.357,A,mbpt_no,true,false,Test,2022-12-11 16:44:34.765,mbpt_hod,2022-12-11 16:44:34.765,57,5,mbpt_do,,"",0,true,"","",,,,8,C,D,A,B,400005,6,,false,2015-01-01,9999-01-28,false,false,8310,,R.R No,No,,,,,,,false,
8314,12,"0205020009","",Titwala,Titwala land,"",,Titwala,"","",78000.00,Titwala land testing,mbpt_do,2022-12-30 12:31:56.536,RT,mbpt_no,false,false,Testing,,,2022-12-30 12:43:16.438,57,5,mbpt_no,,"28",0,true,"","",,,,8,C,D,A,B,421605,10,,false,1982-02-12,9999-01-28,false,false,8314,,Plot,Yes,,,,,,,false,
8316,1,"0101010061",RR 511,Barkat Ali Marg,St1,"4130152231",,antop,MUMBAI,"",1350.00,plot create,mbpt_do,2023-01-06 18:07:21.917,A,mbpt_no,true,false,plot create,2023-01-06 18:14:40.042,mbpt_hod,2023-01-06 18:09:51.892,56,1,mbpt_hod,,"",0,true,"","",,,,9,garden,plot 25,plot,road,400037,7,,true,2020-03-05,9999-01-28,false,false,8316,,R.R No,No,,,,,,,false,
8317,4,"0101040007",ABCD123,"",Testing Building,"",,Mumbai,"47/1",PRINCESS DOCK,1500.00,"",mbpt_do,2023-02-01 11:54:56.338,RG,,false,false,Testing,,,,56,1,mbpt_do,,"",0,true,"","",,,,8,C,D,A,B,444001,1,,true,2000-01-01,9999-01-28,false,false,8317,,R.R No,No,,,,,,,false,
5446,47,"413130004",R.R.1808,,,,F/S,SEWREE BUNDER,"358/145",PAREL-SEWERI,2647.37,,Mahesh Mohite,2020-03-03 16:20:30.300,A,,true,false,,,,,59,13,,,,0,true,,,"4",,,97,,,,,400010,7,"41313105",false,,,false,false,5446,,,,,,,,,,false,
8391,5,"",WHARF LAND,,"",,"","","","",471.48,,CDAC,2020-03-03 16:20:30.300,A,,true,false,,,,,56,1,,,,0,true,,,,,,97,"","","","",,,"10105123",false,,,false,false,8391,,,,,,,,,,false,
3105,5,"101050005","15",,PRIVATE STRUCTURE,,F/S,SEWREE (EAST),"145",PAREL-SEWERI,61.78,,Mahesh Mohite,2020-03-03 16:20:30.300,A,,true,false,,,,,56,1,,,,0,true,,,,,,97,RAILWAY SIDING,MbPT ROAD,MbPT LAND,PLOT : 14,400015,7,"10105101",false,,,false,false,3105,,,,,,,,,,false,
3142,5,"101050038",R R 1973,,PRIVATE STRUCTURE,,F/S,SEWREE (EAST),"145",PAREL-SEWERI,1226.23,,Mahesh Mohite,2020-03-03 16:20:30.300,A,,true,false,,,,,56,1,,,,0,true,,,,,,97,SEWRI FORT ROAD,MbPT LAND,MbPT ROAD,MbPT LAND,400015,7,"10105112",true,,,false,false,3142,,,,,,,,,,false,
8323,4,"0101040008",M12,Test Ctton street,Test11,"5248",,Sewree11,"1",PAREL SEWRIMAZGAONPRINCESS DOCK,8090.00,PLOT CREATED by do,mbpt_do,2023-02-21 17:25:46.642,A,mbpt_no,true,false,to plot,2023-02-21 17:27:56.580,mbpt_hod,2023-02-21 17:26:59.188,56,1,mbpt_hod,,"",0,true,"","",,,,9,C,D,A,B,110003,1,,false,2000-02-01,9999-01-28,false,false,8323,,R.R No,Yes,,,,,,,false,
8324,1,"0101010062",Q1,ashoka road,building,"100",,nashik,"101",PRINCESS DOCK,3000.00,okk,mbpt_no,2023-03-02 14:01:20.502,A,,true,false,okayy,2023-03-02 14:03:23.582,mbpt_hod,,56,1,mbpt_hod,,Q1,0,true,"","",,,,9,"200","500","100","300",110006,1,,false,2023-02-28,9999-01-28,false,false,8324,,Plot,Yes,,,,,,,false,
8296,7,"0102020047","05",test,building,"5242",,Sewree,"1",PAREL SEWRIMAZGAONPRINCESS DOCK,1000.00,Plot created on 14.11.2022,mbpt_do,2022-11-14 17:04:34.434,A,mbpt_no,true,false,Test ,2022-11-14 17:07:43.876,mbpt_hod,2022-11-14 17:06:38.813,56,2,mbpt_hod,,"",0,true,"","",,,,9,Mumbai,"4000122",Estate,Mumbai,400005,5,,true,2022-11-01,9999-01-28,false,false,8296,,R.R No,Yes,,,,,,,false,
8303,12,"0205020003",Titwala Testing 01,mumbai,Titwala Testing,"01",,mumbai,"132",PRINCESS DOCKColabaMAZGAON,650.00,Test,mbpt_do,2022-11-30 14:24:19.730,A,mbpt_no,true,false,To Nodal Officer,2022-11-30 14:31:57.795,mbpt_hod,2022-11-30 14:30:31.360,57,5,mbpt_hod,,"",0,true,"","",,,,9,C,D,A,B,421605,1,,false,2017-01-01,9999-01-28,false,false,8303,,R.R No,Yes,,,,,,,false,
8306,11,"0205010072",Mbpt Testing 8000,Mumbai,Mbpt Testing ,"",,Mumbai,"10/1187",FORT,8000.00,Test,mbpt_do,2022-12-08 12:28:43.139,A,mbpt_no,true,false,Test plot to nodal,2022-12-08 12:30:44.633,mbpt_hod,2022-12-08 12:30:10.117,57,5,mbpt_hod,,"",0,true,"","",,,,9,C,D,A,B,110004,5,,true,2000-01-01,9999-01-28,false,false,8306,,R.R No,Yes,,,,,,,false,
8309,13,"0205030002",Sandesh Test,Sandsh,Sandesh Test,Sandesh ,,Mumbai,"10/1187",FORT,1000.00,DFASFA,mbpt_do,2022-12-09 16:43:06.309,A,mbpt_no,true,false,dasdsa,2022-12-09 16:44:34.765,mbpt_hod,2022-12-09 16:43:54.085,57,5,mbpt_hod,,"",0,true,"","",,,,9,C,D,Estate,B,444507,1,,true,2000-02-01,9999-01-28,false,false,8309,,R.R No,No,,,,,,,false,
8325,1,"0101010063",A2,,,,,,,,1500.00,,mbpt_no,2023-03-02 14:07:47.983,A,,false,false,,,,,56,1,mbpt_no,D4,,0,true,manishk,"9822702796",,,,,"89","90","90","23",,,,false,2023-03-01,,false,true,8325,,,,,,,,,,false,
8326,1,"0101010063",S1,,,,,,,,1500.00,,mbpt_no,2023-03-02 14:07:47.983,A,,false,false,,,,,56,1,mbpt_no,S3,,0,false,nehak,"9822702767",,,,,"11","77","100","78",,,,false,2023-03-22,,false,true,8326,,,,,,,,,,false,
8288,1,"0101010059",New Cdac 01,Cdac KH,CDAC TEST,"",,Kharghar,"100",PRINCESS DOCK,50000.00,Test,mbpt_no,2022-10-03 16:46:34.012,A,,true,false,Test,2022-10-03 16:49:03.928,mbpt_hod,,56,1,mbpt_hod,,"",0,true,"","",,,,9,C,D,A,B,400005,1,,true,2022-09-01,9999-01-28,false,false,8288,,R.R No,Yes,,,,,,,false,
8307,13,"0205030001",WORLI BUNDER 01,Mumbai,  WORLI BUNDER plot,"01",,Mumbai,"","",6000.00,Teasr,mbpt_do,2022-12-08 16:18:41.214,A,mbpt_no,true,false,New Plot,2022-12-08 16:20:50.654,mbpt_hod,2022-12-08 16:19:29.176,57,5,mbpt_hod,,"",0,true,"","",,,,9,C,D,A,B,400055,3,,false,2000-12-01,9999-01-28,false,false,8307,,R.R No,Yes,,,,,,,false,
7991,24,"311020118",R R 1925, , , ,A WARD , ,"1116",FORT,251.12,,Mahesh Mohite,2020-07-15 12:13:57.570,A,,true,false, ,,,,58,11,nihar, , ,0,true, , , ,,,97, , , , ,,,"31102227",false,,,false,false,7991,,,,,,,,,,true,
8379,4,"0101040009","12345",Jk,Hello,"1345",,Mumbai ,"","",15.00,Hello,vp.kuvale@mumbaiport.gov.in,2024-06-24 11:15:10.035,RG,,false,false,Na,,,,56,1,vp.kuvale@mumbaiport.gov.in,,"",0,true,"","",,,,8,"1","1","1","1",400009,5,,false,2024-06-01,9999-01-28,false,false,8379,,R.R No,Yes,,,,,,,false,
8360,1,"0101010067","561",raintree,new ,"",,kharghar,"","",5551.00,"",mbpt_do,2024-02-05 19:07:45.910,RG,,false,false,testing,,,,56,1,mbpt_do,,"",0,true,"","",,,,8,"32","34","3","32",110003,1,,false,2024-02-03,9999-01-28,false,false,8360,,R.R No,No,,,,,,,false,
8361,3,"0101030005","3456",,,,,,,,31363.14,,mbpt_no,2024-02-08 12:40:44.520,V,,true,false,"",,,,56,1,mbpt_no,"",,0,false,xyz,"8989887890",,,,,c,d,a,b,,,,false,2024-01-31,,true,false,8361,,,,,mbpt_hod,		                    ,,,PlotMerge,false,
8365,5,"0101050055","1515",pimpri road,test A,"",,navin kharghar,"1 - PAREL SEWRI","1 - PAREL SEWRI										 ",1287.00,description,mbpt_do,2024-03-20 10:45:13.550,RG,,false,false,reamrk,,,,56,1,mbpt_do,,"",0,true,"","",,,,8,"11","11","11","11",431121,1,,true,2024-03-12,9999-01-28,false,false,8365,,R.R No,Yes,,,,,,,false,
8366,5,"0101050056","1515",pimpri road,test A,"",,navin kharghar,"1 - PAREL SEWRI","1 - PAREL SEWRI										 ",1287.00,description,mbpt_do,2024-03-20 10:47:55.259,RG,,false,false,reamrk,,,,56,1,mbpt_do,,"",0,true,"","",,,,8,"11","11","11","11",431121,1,,true,2024-03-12,9999-01-28,false,false,8366,,R.R No,Yes,,,,,,,false,
8367,10,"0104010281","111213",Georai,test A,"285",,kharghar,Georai,"",321.00,description,mbpt_do,2024-03-20 11:29:09.811,RG,,false,false,remark,,,,56,4,mbpt_do,,"",0,true,"","",,,,8,"11","11","11","11",431127,1,,true,2024-03-13,9999-01-28,false,false,8367,,R.R No,Yes,,,,,,,false,
8368,8,"0102030026","97461",Georai,new ,"52",,kharghar,Georai,"",321.00,dec,mbpt_do,2024-03-20 11:54:09.656,RG,,false,false,remark,,,,56,2,mbpt_do,,"",0,true,"","",,,,8,"2","2","2","2",431127,2,,false,2024-03-13,9999-01-28,false,false,8368,,R.R No,Yes,,,,,,,false,
8369,8,"0102030027","97461",Georai,new ,"52",,kharghar,Georai,"",321.00,dec,mbpt_do,2024-03-20 11:55:31.403,RG,,false,false,remark,,,,56,2,mbpt_do,,"",0,true,"","",,,,8,"2","2","2","2",431127,2,,false,2024-03-13,9999-01-28,false,false,8369,,R.R No,Yes,,,,,,,false,
8370,8,"0102030028","97461",Georai,new ,"52",,kharghar,Georai,"",321.00,dec,mbpt_do,2024-03-20 12:10:51.983,RG,,false,false,remark,,,,56,2,mbpt_do,,"",0,true,"","",,,,8,"2","2","2","2",431127,2,,false,2024-03-13,9999-01-28,false,false,8370,,R.R No,Yes,,,,,,,false,
7572,11,"205010048",STRIP OF LAND BETWEEN RR NO.1779 & 1998,,Open Plot,,F/S,,"145",PAREL-SEWERI,988.57,,Mahesh Mohite,2020-05-09 18:01:36.360,A,,true,false,,,,,57,5,,,,0,true,,,,,,97,,,,,,,"20501233",false,,,false,false,7572,,,,,,,,,,false,
8373,20,"0309020001","557","",mansion,"",,mumbai,"","",120.00,ok,mbpt_do,2024-04-18 14:16:10.686,V,mbpt_no,true,false,ok,,,2024-04-18 14:18:28.573,58,9,mbpt_no,,"",0,true,"","",,,,9,"33","44","55","25",110006,2,,false,2024-04-17,9999-01-28,false,false,8373,,R.R No,Yes,,,,,,,false,
8374,64,"0414170002","1234",nextjs,taj,"0987655",,mumbai,"248/145 - PAREL SEWRI","248/145 - PAREL SEWRI										 ",15000.00,ok,mbpt_do,2024-04-23 11:20:06.172,RG,,false,false,ok,,,,59,14,mbpt_do,,"",0,true,"","",,,,8,"01","00","55","66",141418,5,,false,2024-04-10,9999-01-28,false,false,8374,,R.R No,Yes,,,,,,,false,
8375,14,"0206010131","12Tu","",Test,"",,Test,"","",20000.00,"",mbpt_do,2024-05-30 13:40:59.142,RG,,false,false,sdfgh,,,,57,6,mbpt_do,,"",0,true,"","",,,,8,"5","35","1","5",141416,7,,false,2023-08-22,9999-01-28,false,false,8375,,R.R No,Yes,,,,,,,false,
8376,2,"0101020002","4554","",test,"",,navi mumbai,"","",31363.14,"",mbpt_do,2024-05-30 13:50:47.188,RG,,false,false,ngnfgnfnfn,,,,56,1,mbpt_do,,"",0,true,"","",,,,70,test3,test4,test,test1,110004,1,,false,2024-05-14,9999-01-28,false,false,8376,,R.R No,Yes,,,,,,,false,
8377,2,"0101020003","5757","",test,"",,navi mumbai,"","",31363.14,fgfnfhnf,mbpt_do,2024-05-30 13:52:30.189,RG,,false,false,dfbbdgbd,,,,56,1,mbpt_do,,"",0,true,"","",,,,100,test3,test4,test,test1,110002,1,,true,2024-05-06,9999-01-28,false,false,8377,,R.R No,Yes,,,,,,,false,
8359,2,"0101020001","1321",raintree,test A,"",,kharghar,"","",321.00,Testing,mbpt_do,2024-02-05 18:56:11.967,RG,,false,false,testing ,,,,56,1,mbpt_do,,"",0,true,"","",,,,70,"65","65","21","22",134005,1,,false,2024-02-01,9999-01-28,false,false,8359,,R.R No,No,,,,,,,false,
8378,6,"0102010035","457","",Sdffghjjj,"",,Sdndjfkn,"","",3456.00,"",mbpt_do,2024-06-19 21:30:06.576,RG,,false,false,Asdg,,,,56,2,mbpt_do,,"",0,true,"","",,,,8,"1","0","1","0",442401,6,,false,2024-06-04,9999-01-28,false,false,8378,,R.R No,Yes,,,,,,,false,
5147,39,"413050036",,,,,E,COAL BUNDER,"1",MAZAGAON,416.21,,Mahesh Mohite,2020-03-03 16:20:30.300,A,,true,false,,,,,59,13,,,"234-7",0,true,,,,,,97,PLOT NO.235-B,PLOT NO.233-7,PLOT NO.234A-7,PT LAND,400010,5,"41305237",false,,,false,false,5147,,,,,,,,,,false,
8372,34,"0312100001","556","",mansion,"",,mumbai,"","",120.00,"",mbpt_do,2024-04-17 17:25:30.467,RG,,false,false,ok,,,,58,12,mbpt_do,,"",0,true,"","",,,,8,"33","44","55","25",110004,5,,false,2024-03-30,9999-01-28,false,false,8372,,R.R No,Yes,,,,,,,false,
3053,1,"101010011",Central Railway(Wadala),,,,F/N,WADALA,"8A/358",DADAR-NAIGAON,3081.02,,Mahesh Mohite,2020-03-03 16:20:30.300,A,,true,false,,,,,56,1,,,,0,true,,,"4",,,97,,,,,400035,6,"10101214,10101215,10101217",false,,,false,false,3053,,,,,,,,,,false,
7598,14,"206010112","129",,Private Structure,,E,,"895",MAZAGAON,324.05,,Mahesh Mohite,2020-05-09 18:01:36.360,A,,true,false,,,,,57,6,,,,0,true,,,,,,97,,,,,,,"20601320",false,,,false,false,7598,,,,,,,,,,false,
3091,1,"101010044",SHOPS (Tejas Nagar),,,,F/N,WADALA,"358",DADAR-NAIGAON,169.85,,Mahesh Mohite,2020-03-03 16:20:30.300,A,mbpt_no,true,false, Date: 22-11-2019 User: mbpt_no <br>Remark: Verified<br> <br> Date: 22-11-2019 User: mbpt_hod <br>Remark: Approved for testing purpose by mbpt_hod<br>,,mbpt_hod,,56,1,mbpt_hod,,,0,true,,,,,,97,TEST EAST,TEST WEST,TEST NORTH,TEST SOUTH,400035,6,"10101229,10101230,10101231,10101232,10101233,10101234,10101235",false,,,false,false,3091,,,,,,,,,,false,
3096,1,"101010049",Wadala Police Station,,,,F/N,WADALA,"358",DADAR-NAIGAON,2322.12,,Mahesh Mohite,2020-03-03 16:20:30.300,A,,true,false,,,,,56,1,,,,0,true,,,"4",,,97,,,,,400035,6,"10101127,10101128",false,,,false,false,3096,,,,,,,,,,false,
8362,3,"0101030006","3456",,,,,,,,31363.14,,mbpt_no,2024-02-08 12:40:47.506,V,,true,false,"",,,,56,1,mbpt_no,"",,0,false,xyz,"8989887890",,,,,c,d,a,b,,,,false,2024-01-31,,true,false,8362,,,,,mbpt_hod,		                    ,,,PlotMerge,false,
7540,10,"104010233",NORTH R R 1669,,Open Plot,,F/S,,"302/145",PAREL-SEWERI,16.44,,Mahesh Mohite,2020-05-09 18:01:36.360,A,,true,false,,,,,56,4,,,,0,true,,,,,,97,,,,,,,"10401633",false,,,false,false,7540,,,,,,,,,,false,
7627,16,"207010066","15  (JUNCTION PLOT)",,Private Structure,,E,,"1",MAZAGAON,138.15,,Mahesh Mohite,2020-05-09 18:01:36.360,A,,true,false,,,,,57,7,,,,0,true,,,,,,97,,,,,,,"20701118",false,,,false,false,7627,,,,,,,,,,false,
7628,16,"207010067","16 AT PALTONBR (JUNCTION PLOT)",,Private Structure,,E,,"1/220",MAZAGAON,547.38,,Mahesh Mohite,2020-05-09 18:01:36.360,A,,true,false,,,,,57,7,,,,0,true,,,,,,97,,,,,,,"20701119",false,,,false,false,7628,,,,,,,,,,false,
7630,16,"207010069",R R NO 412,,Private Structure,,E,,"531",MAZAGAON,2244.53,,Mahesh Mohite,2020-05-09 18:01:36.360,A,,true,false,,,,,57,7,,,,0,true,,,,,,97,,,,,,,"20701121",false,,,false,false,7630,,,,,,,,,,false,
7631,16,"207010070",R R NO 413,,Private Structure,,E,,"531",MAZAGAON,3702.00,,Mahesh Mohite,2020-05-09 18:01:36.360,A,,true,false,,,,,57,7,,,,0,true,,,,,,97,,,,,,,"20701122",false,,,false,false,7631,,,,,,,,,,false,
7632,16,"207010071",R R NO 145,,Private Structure,,E,,"531",MAZAGAON,919.74,,Mahesh Mohite,2020-05-09 18:01:36.360,A,,true,false,,,,,57,7,,,,0,true,,,,,,97,,,,,,,"20701123",false,,,false,false,7632,,,,,,,,,,false,
7633,16,"207010072",R R NO 581,,Private Structure,,E,,"531",MAZAGAON,806.58,,Mahesh Mohite,2020-05-09 18:01:36.360,A,,true,false,,,,,57,7,,,,0,true,,,,,,97,,,,,,,"20701124",false,,,false,false,7633,,,,,,,,,,false,
7634,16,"207010073",R R NO 333,,Private Structure,,E,,"531",MAZAGAON,2839.40,,Mahesh Mohite,2020-05-09 18:01:36.360,A,,true,false,,,,,57,7,,,,0,true,,,,,,97,,,,,,,"20701125",false,,,false,false,7634,,,,,,,,,,false,
7578,14,"206010092","12 CANNAUGHT RD.",,Private Structure,,E,,"14/671",MAZAGAON,285.49,,Mahesh Mohite,2020-05-09 18:01:36.360,A,,true,false,,,,,57,6,,,,0,true,,,,,,97,,,,,,,"20601109",false,,,false,false,7578,,,,,,,,,,false,
8328,1,"0101010066",N2,ashoka road,nehak,"100",,nashik,"101",PRINCESS DOCK,3000.00,okay,mbpt_no,2023-03-02 14:21:46.847,A,,true,false,testing,2023-03-02 14:24:11.084,mbpt_hod,,56,1,mbpt_hod,,N2,0,true,"","",,,,9,"56","56","80","12",110005,2,,false,2023-03-01,9999-01-28,false,false,8328,,Plot,Yes,,,,,,,false,
7636,16,"207010075",  65 & 66 WITH ADDL.LAND,,Private Structure,,E,,"1",MAZAGAON,284.56,,Mahesh Mohite,2020-05-09 18:01:36.360,A,,true,false,,,,,57,7,,,,0,true,,,,,,97,,,,,,,"20701128",false,,,false,false,7636,,,,,,,,,,false,
7638,16,"207010077","205",,Private Structure,,E,,"1/153",MAZAGAON,58.81,,Mahesh Mohite,2020-05-09 18:01:36.360,A,,true,false,,,,,57,7,,,,0,true,,,,,,97,,,,,,,"20701131",false,,,false,false,7638,,,,,,,,,,false,
7639,16,"207010078","206",,Private Structure,,E,,"1",MAZAGAON,71.54,,Mahesh Mohite,2020-05-09 18:01:36.360,A,,true,false,,,,,57,7,,,,0,true,,,,,,97,,,,,,,"20701132",false,,,false,false,7639,,,,,,,,,,false,
3176,6,"102010025",OLD Y T NO 241,,,,F/S,SEWARI (WEST), , ,135.73,,Mahesh Mohite,2020-03-03 16:20:30.300,A,,true,false,,,,,56,2,,,,0,true,,,"4",,,97,,,,,400015,7,"10201130",false,,,false,false,3176,,,,,,,,,,false,
7640,16,"207010079","207 AT QUAY STREET",,Private Structure,,E,,"1/153",MAZAGAON,113.90,,Mahesh Mohite,2020-05-09 18:01:36.360,A,,true,false,,,,,57,7,,,,0,true,,,,,,97,,,,,,,"20701133",false,,,false,false,7640,,,,,,,,,,false,
7641,16,"207010080","208 AT QUAY STREET",,Private Structure,,E,,"1/153",MAZAGAON,119.29,,Mahesh Mohite,2020-05-09 18:01:36.360,A,,true,false,,,,,57,7,,,,0,true,,,,,,97,,,,,,,"20701134",false,,,false,false,7641,,,,,,,,,,false,
7642,16,"207010081","209 AT QUAY STREET",,Private Structure,,E,,"1",MAZAGAON,102.19,,Mahesh Mohite,2020-05-09 18:01:36.360,A,,true,false,,,,,57,7,,,,0,true,,,,,,97,,,,,,,"20701135",false,,,false,false,7642,,,,,,,,,,false,
7643,16,"207010082","211 AT QUAY STREET",,Private Structure,,E,,"1",MAZAGAON,72.74,,Mahesh Mohite,2020-05-09 18:01:36.360,A,,true,false,,,,,57,7,,,,0,true,,,,,,97,,,,,,,"20701136",false,,,false,false,7643,,,,,,,,,,false,
7644,16,"207010083","212 AT QUAY STREET",,Private Structure,,E,,"1",MAZAGAON,24.25,,Mahesh Mohite,2020-05-09 18:01:36.360,A,,true,false,,,,,57,7,,,,0,true,,,,,,97,,,,,,,"20701137",false,,,false,false,7644,,,,,,,,,,false,
7645,16,"207010084",OLD R R NO 1877,,Private Structure,,E,,"1",MAZAGAON,968.98,,Mahesh Mohite,2020-05-09 18:01:36.360,A,,true,false,,,,,57,7,,,,0,true,,,,,,97,,,,,,,"20701138",false,,,false,false,7645,,,,,,,,,,false,
7646,16,"207010085",R R 2069,,Private Structure,,E,,"184/1",MAZAGAON,3318.87,,Mahesh Mohite,2020-05-09 18:01:36.360,A,,true,false,,,,,57,7,,,,0,true,,,,,,97,,,,,,,"20701140",false,,,false,false,7646,,,,,,,,,,false,
7648,16,"207010087","220 QUAY STREET",,Private Structure,,E,,"1",MAZAGAON,150.39,,Mahesh Mohite,2020-05-09 18:01:36.360,A,,true,false,,,,,57,7,,,,0,true,,,,,,97,,,,,,,"20701143",false,,,false,false,7648,,,,,,,,,,true,
7647,16,"207010086",R R 2019,,Private Structure,,E,,"1/199",MAZAGAON,1351.18,,Mahesh Mohite,2020-05-09 18:01:36.360,A,,true,false,,,,,57,7,,,,0,true,,,,,,97,,,,,,,"20701141",false,,,false,false,7647,,,,,,,,,,false,
5435,60,"414130021",PART OF 9,,,,G/N,MAHIM BUNDER, , ,27.87,,Mahesh Mohite,2020-03-03 16:20:30.300,A,,true,false,,,,,59,14,,,,0,true,,,"4",,,97,,,,,400016,8,"41413107",false,,,false,false,5435,,,,,,,,,,false,
7921,21,"310010211","143A BET'N 1-2 CLIVE CROSS LAN",,Open Plot,,B,,"146",PRINCESS DOCK,41.62,,Mahesh Mohite,2020-05-09 18:01:36.360,A,,true,false,,,,,58,10,,,,0,true,,,,,,97,,,,,,,"31001446",false,,,false,false,7921,,,,,,,,,,false,
4930,60,"414130012","18",,,,G/N,MAHIM BUNDER, , ,51.10,,Mahesh Mohite,2020-03-03 16:20:30.300,A,,true,false,,,,,59,14,,,,0,true,,,"4",,,97,,,,,400001,8,"41413116",false,,,false,false,4930,,,,,,,,,,false,
5439,57,"414100011",PIT NO 3,,,,B,NEW FERRY WHARF, , ,18.45,,Mahesh Mohite,2020-03-03 16:20:30.300,A,,true,false,,,,,59,14,,,,0,true,,,"4",,,97,,,,,400010,2,"41410214",false,,,false,false,5439,,,,,,,,,,false,
7685,16,"207010124",R R 1711,,Private Structure,,E,,"177/1",MAZAGAON,4876.66,,Mahesh Mohite,2020-05-09 18:01:36.360,A,,true,false,,,,,57,7,,,,0,true,,,,,,97,,,,,,,"20701327",false,,,false,false,7685,,,,,,,,,,false,
7686,16,"207010125",R R 1789,,Private Structure,,E,,"1",MAZAGAON,1667.15,,Mahesh Mohite,2020-05-09 18:01:36.360,A,,true,false,,,,,57,7,,,,0,true,,,,,,97,,,,,,,"20701328",false,,,false,false,7686,,,,,,,,,,false,
7687,16,"207010126","1695",,Private Structure,,E,,"1/214",MAZAGAON,828.33,,Mahesh Mohite,2020-05-09 18:01:36.360,A,,true,false,,,,,57,7,,,,0,true,,,,,,97,,,,,,,"20701329",false,,,false,false,7687,,,,,,,,,,false,
7688,16,"207010127","310",,Private Structure,,E,,"1/214",MAZAGAON,536.98,,Mahesh Mohite,2020-05-09 18:01:36.360,A,,true,false,,,,,57,7,,,,0,true,,,,,,97,,,,,,,"20701330",false,,,false,false,7688,,,,,,,,,,false,
7819,17,"208010206","193",,Private Structure,,E,,"1",MAZAGAON,208.38,,Mahesh Mohite,2020-05-09 18:01:36.360,A,,true,false,,,,,57,8,,,,0,true,,,,,,97,,,,,,,"20801439",false,,,false,false,7819,,,,,,,,,,false,
7541,11,"205010017",RR 1903,,Private Structure,,F/S,,"288A/145",PAREL-SEWERI,9262.34,,Mahesh Mohite,2020-05-09 18:01:36.360,A,,true,false,,,,,57,5,,,,0,true,,,,,,97,,,,,,,"20501105",false,,,false,false,7541,,,,,,,,,,false,
7820,17,"208010207",R R 2008,,Private Structure,,E,,"1/134A",MAZAGAON,2513.77,,Mahesh Mohite,2020-05-09 18:01:36.360,A,,true,false,,,,,57,8,,,,0,true,,,,,,97,,,,,,,"20801441",false,,,false,false,7820,,,,,,,,,,false,
7821,17,"208010208","196",,Private Structure,,E,,"1",MAZAGAON,248.33,,Mahesh Mohite,2020-05-09 18:01:36.360,A,,true,false,,,,,57,8,,,,0,true,,,,,,97,,,,,,,"20801442",false,,,false,false,7821,,,,,,,,,,false,
7822,17,"208010209","197",,Private Structure,,E,,"1",MAZAGAON,294.69,,Mahesh Mohite,2020-05-09 18:01:36.360,A,,true,false,,,,,57,8,,,,0,true,,,,,,97,,,,,,,"20801443",false,,,false,false,7822,,,,,,,,,,false,
5106,39,"413050003",,,,,E,COAL BUNDER,"1",MAZAGAON,241.55,,Mahesh Mohite,2020-03-03 16:20:30.300,A,,true,false,,,,,59,13,,,"212-1",0,true,,,,,,97,PLOT NO.213-1,PLOT NO.211-1,PLOT NO.212A-1,MbPT ROAD,400010,5,"41305242",true,,,false,false,5106,,,,,,,,,,false,
5143,42,"413080015",,,,,F/S,BRICK BUNDER,"436/145",PAREL-SEWERI,174.19,,Mahesh Mohite,2020-03-03 16:20:30.300,A,,true,false,,,,,59,13,,,"23-C",0,true,,,,,,97,PLOT NO.22-C,PLOT NO.24-C,P.T. ROAD,PLOT NO.20-C,400010,7,"41308120",true,,,false,false,5143,,,,,,,,,,false,
5144,39,"413050033",,,,,E,COAL BUNDER,"1",MAZAGAON,148.64,,Mahesh Mohite,2020-03-03 16:20:30.300,A,,true,false,,,,,59,13,,,"230A-7",0,true,,,,,,97,PT LAND,MbPT ROAD,COAL BUNDER ROAD,PLOT NO.230,400010,5,"41305301",true,,,false,false,5144,,,,,,,,,,false,
5145,39,"413050034",,,,,E,COAL BUNDER,"1",MAZAGAON,325.16,,Mahesh Mohite,2020-03-03 16:20:30.300,A,,true,false,,,,,59,13,,,"231-7",0,true,,,,,,97,PLOT NO.232,PLOT NO.230,"PLOT NO.230A-7,PT LAND",PT LAND,400010,5,"41305116",false,,,false,false,5145,,,,,,,,,,false,
7597,14,"206010111",RR 2002,,Private Structure,,E,,"894",MAZAGAON,336.12,,Mahesh Mohite,2020-05-09 18:01:36.360,A,,true,false,,,,,57,6,,,,0,true,,,,,,97,,,,,,,"20601319",false,,,false,false,7597,,,,,,,,,,false,
5148,39,"413050037",,,,,E,COAL BUNDER,"1",MAZAGAON,59.46,,Mahesh Mohite,2020-03-03 16:20:30.300,A,,true,false,,,,,59,13,,,"234A-7",0,true,,,,,,97,PLOT NO.235-A,PT LAND,COAL BUNDER ROAD,PLOT NO.234-7,400010,5,"41305304",false,,,false,false,5148,,,,,,,,,,false,
5149,39,"413050038",,,,,E,COAL BUNDER,"1",MAZAGAON,585.29,,Mahesh Mohite,2020-03-03 16:20:30.300,A,,true,false,,,,,59,13,,,"235A-7",0,true,,,,,,97,PT LAND,PLOT NO.235-B,PLOT NO.235-A,PT LAND,400010,5,"41305118",false,,,false,false,5149,,,,,,,,,,false,
5150,39,"413050039",,,,,E,COAL BUNDER,"1",MAZAGAON,522.58,,Mahesh Mohite,2020-03-03 16:20:30.300,A,,true,false,,,,,59,13,,,"236-1A",0,true,,,,,,97,PLOT NO.238-1A,PT LAND,WHARF ROAD,PLOT NO.237-1A,400010,5,"41305235",false,,,false,false,5150,,,,,,,,,,false,
5151,39,"413050040",,,,,E,COAL BUNDER,"1",MAZAGAON,522.58,,Mahesh Mohite,2020-03-03 16:20:30.300,A,,true,false,,,,,59,13,,,"237-1A",0,true,,,,,,97,PLOT NO.238-1A,PT ROAD,PLOT NO.236-1A,COAL BUNDR ROAD,400010,5,"41305119",true,,,false,false,5151,,,,,,,,,,false,
5152,39,"413050041",,,,,E,COAL BUNDER,"1",MAZAGAON,418.06,,Mahesh Mohite,2020-03-03 16:20:30.300,A,,true,false,,,,,59,13,,,"238-1A",0,true,,,,,,97,PLOT NO.239,"PLOT NO.237-1A,236-1A",WARF ROAD,COAL BUNDR ROAD,400010,5,"41305120",false,,,false,false,5152,,,,,,,,,,false,
5153,38,"413040114",,,,,E,LAKRI BUNDER,"1",MAZAGAON,76.65,,Mahesh Mohite,2020-03-03 16:20:30.300,A,,true,false,,,,,59,13,,,"43854",0,true,,,,,,97,PLOT NO.25-1,PLOT NO.23-1,LAKRI BUNDER NORTH ROAD,PLOT NO.33-1,400010,5,"41304119",false,,,false,false,5153,,,,,,,,,,false,
7701,16,"207010140","328 SUPPLY OF RR 2004",,Private Structure,,E,,"169/1",MAZAGAON,90.67,,Mahesh Mohite,2020-05-09 18:01:36.360,A,,true,false,,,,,57,7,,,,0,true,,,,,,97,,,,,,,"20701348",false,,,false,false,7701,,,,,,,,,,true,
5154,38,"413040115",,,,,E,LAKRI BUNDER,"1",MAZAGAON,178.84,,Mahesh Mohite,2020-03-03 16:20:30.300,A,,true,false,,,,,59,13,,,"44067",0,true,,,,,,97,PLOT NO.23-8,PLOT NO.9-8,"PLOT NO.10A-8,10-8",LAKRI BUNDER SOUTH ROAD,400010,5,"41304517",false,,,false,false,5154,,,,,,,,,,false,
5155,40,"413060030",,,,,E,NEW TANK BUNDER,"1",MAZAGAON,169.36,,Mahesh Mohite,2020-03-03 16:20:30.300,A,,true,false,,,,,59,13,,,"24-A",0,true,,,,,,97,PT LAND,PLOT NO.23,"PLOT NO.11,12",PT LAND,400010,5,"41306114",false,,,false,false,5155,,,,,,,,,,false,
5156,42,"413080016",,,,,F/S,BRICK BUNDER,"436/145",PAREL-SEWERI,137.96,,Mahesh Mohite,2020-03-03 16:20:30.300,A,,true,false,,,,,59,13,,,"24-C",0,true,,,,,,97,"PLOT NO.21-C,20-C,23-C",PLOT NO.25A-C,P.T. ROAD,PT LAND,400010,7,"41308121",true,,,false,false,5156,,,,,,,,,,false,
5157,39,"413050042",,,,,E,COAL BUNDER,"1",MAZAGAON,2020.64,,Mahesh Mohite,2020-03-03 16:20:30.300,A,,true,false,,,,,59,13,,,"240-2A",0,true,,,,,,97,MbPT ROAD,MbPT ROAD,WHARF ROAD,Coal Bunder Road,400010,5,"41305122",true,,,false,false,5157,,,,,,,,,,false,
7635,16,"207010074",R R NO 1424,,Private Structure,,E,,"1/153",MAZAGAON,10979.93,,Mahesh Mohite,2020-05-09 18:01:36.360,A,,true,false,,,,,57,7,,,,0,true,,,,,,97,,,,,,,"20701126",false,,,false,false,7635,,,,,,,,,,false,
5165,39,"413050050",,,,,E,COAL BUNDER,"1",MAZAGAON,766.45,,Mahesh Mohite,2020-03-03 16:20:30.300,A,,true,false,,,,,59,13,,,"247-5A",0,true,,,,,,97,PLOT NO.248-5A,PT ROAD,WHARF ROAD,COAL BUNDER ROAD,400010,5,"41305233",true,,,false,false,5165,,,,,,,,,,false,
7922,21,"310010212","143A BET'N 1&2 CLIVE CROSS LAN",,Private Structure,,B,,"146",PRINCESS DOCK,17.84,,Mahesh Mohite,2020-05-09 18:01:36.360,A,,true,false,,,,,58,10,,,,0,true,,,,,,97,,,,,,,"31001448",false,,,false,false,7922,,,,,,,,,,false,
7603,14,"206010117",LEASE OF LAND AT REAY RD,,Private Structure,,E,,"902",MAZAGAON,25.64,,Mahesh Mohite,2020-05-09 18:01:36.360,A,,true,false,,,,,57,6,,,,0,true,,,,,,97,,,,,,,"20601325",false,,,false,false,7603,,,,,,,,,,false,
7604,14,"206010118","134",,Open Plot,,E,,"902",MAZAGAON,172.21,,Mahesh Mohite,2020-05-09 18:01:36.360,A,,true,false,,,,,57,6,,,,0,true,,,,,,97,,,,,,,"20601326",false,,,false,false,7604,,,,,,,,,,false,
7605,14,"206010119","135",,Open Plot,,E,,"526",MAZAGAON,111.60,,Mahesh Mohite,2020-05-09 18:01:36.360,A,,true,false,,,,,57,6,,,,0,true,,,,,,97,,,,,,,"20601327",false,,,false,false,7605,,,,,,,,,,false,
7606,14,"206010120","136",,Private Structure,,E,,"526",MAZAGAON,135.20,,Mahesh Mohite,2020-05-09 18:01:36.360,A,,true,false,,,,,57,6,,,,0,true,,,,,,97,,,,,,,"20601328",false,,,false,false,7606,,,,,,,,,,false,
7607,14,"206010121","138",,Private Structure,, ,, , ,31.85,,Mahesh Mohite,2020-05-09 18:01:36.360,A,,true,false,,,,,57,6,,,,0,true,,,,,,97,,,,,,,"20601330",false,,,false,false,7607,,,,,,,,,,false,
7608,14,"206010122","139",,Private Structure,, ,, , ,14.77,,Mahesh Mohite,2020-05-09 18:01:36.360,A,,true,false,,,,,57,6,,,,0,true,,,,,,97,,,,,,,"20601331",false,,,false,false,7608,,,,,,,,,,false,
7609,14,"206010123","90 & 91",,Private Structure,,E,,"632",MAZAGAON,646.23,,Mahesh Mohite,2020-05-09 18:01:36.360,A,,true,false,,,,,57,6,,,,0,true,,,,,,97,,,,,,,"20601336",false,,,false,false,7609,,,,,,,,,,false,
7610,15,"206020003",RR-2001,,Private Structure,,E,,"728",MAZAGAON,585.29,,Mahesh Mohite,2020-05-09 18:01:36.360,A,,true,false,,,,,57,6,,,,0,true,,,,,,97,,,,,,,"20602101",false,,,false,false,7610,,,,,,,,,,false,
7612,15,"206020005","127",,Open Plot,,E,,"2/731",MAZAGAON,1745.18,,Mahesh Mohite,2020-05-09 18:01:36.360,A,,true,false,,,,,57,6,,,,0,true,,,,,,97,,,,,,,"20602107",false,,,false,false,7612,,,,,,,,,,false,
7684,16,"207010123",R R 2055,,Private Structure,,E,,"1/180A",MAZAGAON,2120.42,,Mahesh Mohite,2020-05-09 18:01:36.360,A,,true,false,,,,,57,7,,,,0,true,,,,,,97,,,,,,,"20701326",false,,,false,false,7684,,,,,,,,,,false,
5514,14,"206010053","80",,,,, MAZGAON TANK BUNDER,"632",MAZGAON,547.38,,Mahesh Mohite,2020-03-03 16:20:30.300,A,,true,false,,,,,57,6,do_CD_shreyas,,,0,true,,,,,,97,REAY ROAD,PLOT NO.81,PLOT NO.79,B.P.T CROSS ROAD NO.3,400010,5,"20601221
",false,,,false,false,5514,,,,,,,,,,false,
5541,14,"206010079","116",,,,, MAZGAON TANK BUNDER,"630",MAZGAON,845.42,,Mahesh Mohite,2020-03-03 16:20:30.300,A,,true,false,,,,,57,6,do_CD_shreyas,,,0,true,,,,,,97,PLOT NO.114,PLOT NO.117,PLOT NO.110,ROAD,400010,5,"20601306
",true,,,false,false,5541,,,,,,,,,,false,
5542,14,"206010080","117",,,,, MAZGAON TANK BUNDER,"630",MAZGAON,268.77,,Mahesh Mohite,2020-03-03 16:20:30.300,A,,true,false,,,,,57,6,do_CD_shreyas,,,0,true,,,,,,97,PLOT NO.116,OPEN DRAIN,PLOT NO.109 FML,ROAD,400010,5,"20601307
",false,,,false,false,5542,,,,,,,,,,false,
7542,11,"205010018",OLD RR NO.1865,,Private Structure,,F/S,,"327/145",PAREL-SEWERI,3869.87,,Mahesh Mohite,2020-05-09 18:01:36.360,A,,true,false,,,,,57,5,,,,0,true,,,,,,97,,,,,,,"20501107",false,,,false,false,7542,,,,,,,,,,false,
7543,11,"205010019",RR NO 2020,,Private Structure,,F/S,,"438/145",PAREL-SEWERI,2898.58,,Mahesh Mohite,2020-05-09 18:01:36.360,A,,true,false,,,,,57,5,,,,0,true,,,,,,97,,,,,,,"20501108",false,,,false,false,7543,,,,,,,,,,false,
5543,14,"206010081","119",,,,, MAZGAON TANK BUNDER,"3/630",MAZGAON,623.75,,Mahesh Mohite,2020-03-03 16:20:30.300,A,,true,false,,,,,57,6,do_CD_shreyas,,,0,true,,,,,,97,PLOT NO.120 FML,RR NO.858,ROAD,ROAD,400010,5,"20601310
",true,,,false,false,5543,,,,,,,,,,false,
5512,14,"206010051","78",,,,, MAZGAON TANK BUNDER,"632",MAZGAON,307.79,,Mahesh Mohite,2020-03-03 16:20:30.300,A,,true,false,,,,,57,6,do_CD_shreyas,,,0,true,,,,,,97,REAY ROAD,PLOT NO.81,PLOT NO.77,PLOT NO.79,400010,5,"20601219
",false,,,false,false,5512,,,,,,,,,,false,
7587,14,"206010101","69 TO 74",,Private Structure,,E,,"6/632",MAZAGAON,428.56,,Mahesh Mohite,2020-05-09 18:01:36.360,A,,true,false,,,,,57,6,,,,0,true,,,,,,97,,,,,,,"20601216",false,,,false,false,7587,,,,,,,,,,false,
7588,14,"206010102","75 AND 76",,Private Structure,,E,,"6/632",MAZAGAON,243.13,,Mahesh Mohite,2020-05-09 18:01:36.360,A,,true,false,,,,,57,6,,,,0,true,,,,,,97,,,,,,,"20601217",false,,,false,false,7588,,,,,,,,,,false,
7590,14,"206010104","102 & 103",,Private Structure,,E,,"630",MAZAGAON,458.48,,Mahesh Mohite,2020-05-09 18:01:36.360,A,,true,false,,,,,57,6,,,,0,true,,,,,,97,,,,,,,"20601244",false,,,false,false,7590,,,,,,,,,,false,
7555,11,"205010031",R R NO.2070(OLD R R NO.1764),,Private Structure,,F/S,,"303A/145",PAREL-SEWERI,3072.77,,Mahesh Mohite,2020-05-09 18:01:36.360,A,,true,false,,,,,57,5,,,,0,true,,,,,,97,,,,,,,"20501127",false,,,false,false,7555,,,,,,,,,,false,
7591,14,"206010105","112&113",,Private Structure,,E,,"630",MAZAGAON,966.19,,Mahesh Mohite,2020-05-09 18:01:36.360,A,,true,false,,,,,57,6,,,,0,true,,,,,,97,,,,,,,"20601303",false,,,false,false,7591,,,,,,,,,,false,
7611,15,"206020004",RR-2007,,Private Structure,,E,,"730",MAZAGAON,5017.88,,Mahesh Mohite,2020-05-09 18:01:36.360,A,,true,false,,,,,57,6,,,,0,true,,,,,,97,,,,,,,"20602106",false,,,false,false,7611,,,,,,,,,,false,
7592,14,"206010106",RR NO 2000,,Private Structure,,E,,"630",MAZAGAON,38.65,,Mahesh Mohite,2020-05-09 18:01:36.360,A,,true,false,,,,,57,6,,,,0,true,,,,,,97,,,,,,,"20601305",false,,,false,false,7592,,,,,,,,,,false,
7593,14,"206010107",LEASE OF LAND AT NARIALWADI,,Private Structure,,E,,"630",MAZAGAON,24.90,,Mahesh Mohite,2020-05-09 18:01:36.360,A,,true,false,,,,,57,6,,,,0,true,,,,,,97,,,,,,,"20601308",false,,,false,false,7593,,,,,,,,,,false,
7556,11,"205010032",OLD RR NO 1779,,Private Structure,,F/S,,"303/145",PAREL-SEWERI,7333.11,,Mahesh Mohite,2020-05-09 18:01:36.360,A,,true,false,,,,,57,5,,,,0,true,,,,,,97,,,,,,,"20501128",false,,,false,false,7556,,,,,,,,,,false,
7889,17,"208010276","354",,Private Structure,,E,,"896",MAZAGAON,134.43,,Mahesh Mohite,2020-05-09 18:01:36.360,A,,true,false,,,,,57,8,,,,0,true,,,,,,97,,,,,,,"20801635",false,,,false,false,7889,,,,,,,,,,false,
7594,14,"206010108",OLD RR NO 858,,Private Structure,,E,,"3/630",MAZAGAON,4365.51,,Mahesh Mohite,2020-05-09 18:01:36.360,A,,true,false,,,,,57,6,,,,0,true,,,,,,97,,,,,,,"20601309",false,,,false,false,7594,,,,,,,,,,false,
7595,14,"206010109",LEASE OF LAND 123,,Private Structure,,E,,"3/630",MAZAGAON,925.13,,Mahesh Mohite,2020-05-09 18:01:36.360,A,,true,false,,,,,57,6,,,,0,true,,,,,,97,,,,,,,"20601314",false,,,false,false,7595,,,,,,,,,,false,
7596,14,"206010110",OLD R R 1867,,Private Structure,,E,,"1/526",MAZAGAON,516.73,,Mahesh Mohite,2020-05-09 18:01:36.360,A,,true,false,,,,,57,6,,,,0,true,,,,,,97,,,,,,,"20601318",false,,,false,false,7596,,,,,,,,,,false,
7566,11,"205010042","24 AT HAJI BUNDER ROAD",,Private Structure,,F/S,,"145",PAREL-SEWERI,152.92,,Mahesh Mohite,2020-05-09 18:01:36.360,A,,true,false,,,,,57,5,,,,0,true,,,,,,97,,,,,,,"20501146",false,,,false,false,7566,,,,,,,,,,false,
7599,14,"206010113","130",,Private Structure,,E,,"896",MAZAGAON,479.01,,Mahesh Mohite,2020-05-09 18:01:36.360,A,,true,false,,,,,57,6,,,,0,true,,,,,,97,,,,,,,"20601321",false,,,false,false,7599,,,,,,,,,,false,
7600,14,"206010114","131",,Private Structure,,E,,"902",MAZAGAON,304.07,,Mahesh Mohite,2020-05-09 18:01:36.360,A,,true,false,,,,,57,6,,,,0,true,,,,,,97,,,,,,,"20601322",false,,,false,false,7600,,,,,,,,,,false,
7613,16,"207010052",OLD R R NO 1356 & 1958,,Private Structure,,E,,"1",MAZAGAON,276.29,,Mahesh Mohite,2020-05-09 18:01:36.360,A,,true,false,,,,,57,7,,,,0,true,,,,,,97,,,,,,,"20701101",false,,,false,false,7613,,,,,,,,,,false,
7711,16,"207010150","334",,Open Plot,,E,,"631",MAZAGAON,66.61,,Mahesh Mohite,2020-05-09 18:01:36.360,A,,true,false,,,,,57,7,,,,0,true,,,,,,97,,,,,,,"20701410",false,,,false,false,7711,,,,,,,,,,true,
7614,16,"207010053","2 SOUTH OF VICTORIA OVER BRIDG",,Private Structure,,E,,"1",MAZAGAON,168.90,,Mahesh Mohite,2020-05-09 18:01:36.360,A,,true,false,,,,,57,7,,,,0,true,,,,,,97,,,,,,,"20701102",false,,,false,false,7614,,,,,,,,,,false,
7616,16,"207010055",PORTION OF OLD RR NO 1851,,Private Structure,,E,,"1/148",MAZAGAON,1797.40,,Mahesh Mohite,2020-05-09 18:01:36.360,A,,true,false,,,,,57,7,,,,0,true,,,,,,97,,,,,,,"20701104",false,,,false,false,7616,,,,,,,,,,false,
7615,16,"207010054",PORTION OF THE OLD RR 1851,,Private Structure,,E,,"148A/1",MAZAGAON,3357.42,,Mahesh Mohite,2020-05-09 18:01:36.360,A,,true,false,,,,,57,7,,,,0,true,,,,,,97,,,,,,,"20701103",false,,,false,false,7615,,,,,,,,,,false,
5164,39,"413050049",,,,,E,COAL BUNDER,"1",MAZAGAON,643.82,,Mahesh Mohite,2020-03-03 16:20:30.300,A,,true,false,,,,,59,13,,,"246-4A",0,true,,,,,,97,PT ROAD,PLOT NO.245-4A,WHARF ROAD,COAL BUNDER ROAD,400010,5,"41305128",true,,,false,false,5164,,,,,,,,,,false,
7680,16,"207010119","299",,Private Structure,,E,,"1/232",MAZAGAON,1003.54,,Mahesh Mohite,2020-05-09 18:01:36.360,A,,true,false,,,,,57,7,,,,0,true,,,,,,97,,,,,,,"20701322",false,,,false,false,7680,,,,,,,,,,false,
7681,16,"207010120","300",,Private Structure,,E,,"1/232",MAZAGAON,691.09,,Mahesh Mohite,2020-05-09 18:01:36.360,A,,true,false,,,,,57,7,,,,0,true,,,,,,97,,,,,,,"20701323",false,,,false,false,7681,,,,,,,,,,false,
7682,16,"207010121",A & B,,Private Structure,,E,,"1/188",MAZAGAON,2263.58,,Mahesh Mohite,2020-05-09 18:01:36.360,A,,true,false,,,,,57,7,,,,0,true,,,,,,97,,,,,,,"20701324",false,,,false,false,7682,,,,,,,,,,false,
7683,16,"207010122",R R 2076,,Private Structure,,E,,"1/180A",MAZAGAON,1998.82,,Mahesh Mohite,2020-05-09 18:01:36.360,A,,true,false,,,,,57,7,,,,0,true,,,,,,97,,,,,,,"20701325",false,,,false,false,7683,,,,,,,,,,false,
5515,14,"206010054","81",,,,, MAZGAON TANK BUNDER,"4/632",MAZGAON,253.16,,Mahesh Mohite,2020-03-03 16:20:30.300,A,,true,false,,,,,57,6,do_CD_shreyas,,,0,true,,,,,,97,PLOT NO.80,PT PASSAGE,PT PASSAGE,B.P.T CROSS ROAD NO.3,400010,5,"20601222
",false,,,false,false,5515,,,,,,,,,,false,
7589,14,"206010103","82 & 86",,Private Structure,,E,,"3/632",MAZAGAON,1132.58,,Mahesh Mohite,2020-05-09 18:01:36.360,A,,true,false,,,,,57,6,,,,0,true,,,,,,97,,,,,,,"20601223",false,,,false,false,7589,,,,,,,,,,false,
7689,16,"207010128",R R 2009,,Private Structure,,E,,"1/145",MAZAGAON,1113.81,,Mahesh Mohite,2020-05-09 18:01:36.360,A,,true,false,,,,,57,7,,,,0,true,,,,,,97,,,,,,,"20701332",false,,,false,false,7689,,,,,,,,,,false,
7690,16,"207010129",R R 1550,,Private Structure,,E,,"166/1",MAZAGAON,558.35,,Mahesh Mohite,2020-05-09 18:01:36.360,A,,true,false,,,,,57,7,,,,0,true,,,,,,97,,,,,,,"20701334",false,,,false,false,7690,,,,,,,,,,false,
7619,16,"207010058","4 [2]",,Private Structure,,E,,"531",MAZAGAON,83.33,,Mahesh Mohite,2020-05-09 18:01:36.360,A,,true,false,,,,,57,7,,,,0,true,,,,,,97,,,,,,,"20701107",false,,,false,false,7619,,,,,,,,,,false,
7620,16,"207010059","4 [3] AT MAGAZINE STREET",,Private Structure,,E,,"531",MAZAGAON,104.98,,Mahesh Mohite,2020-05-09 18:01:36.360,A,,true,false,,,,,57,7,,,,0,true,,,,,,97,,,,,,,"20701108",false,,,false,false,7620,,,,,,,,,,false,
7621,16,"207010060",RR NO 1734 AT MAGAZINE STREET,,Private Structure,,E,,"1/183",MAZAGAON,3830.12,,Mahesh Mohite,2020-05-09 18:01:36.360,A,,true,false,,,,,57,7,,,,0,true,,,,,,97,,,,,,,"20701110",false,,,false,false,7621,,,,,,,,,,false,
7623,16,"207010062","9 & 10",,Private Structure,,E,,"1",MAZAGAON,781.87,,Mahesh Mohite,2020-05-09 18:01:36.360,A,,true,false,,,,,57,7,,,,0,true,,,,,,97,,,,,,,"20701112",false,,,false,false,7623,,,,,,,,,,false,
7624,16,"207010063","13(JUNCTION PLOT)",,Private Structure,,E,,"1/220",MAZAGAON,1620.14,,Mahesh Mohite,2020-05-09 18:01:36.360,A,,true,false,,,,,57,7,,,,0,true,,,,,,97,,,,,,,"20701115",false,,,false,false,7624,,,,,,,,,,false,
7625,16,"207010064","14 A",,Private Structure,,E,,"1/220",MAZAGAON,200.30,,Mahesh Mohite,2020-05-09 18:01:36.360,A,,true,false,,,,,57,7,,,,0,true,,,,,,97,,,,,,,"20701116",false,,,false,false,7625,,,,,,,,,,false,
7626,16,"207010065","14 B",,Private Structure,,E,,"1/220",MAZAGAON,177.17,,Mahesh Mohite,2020-05-09 18:01:36.360,A,,true,false,,,,,57,7,,,,0,true,,,,,,97,,,,,,,"20701117",false,,,false,false,7626,,,,,,,,,,false,
7923,22,"310020004",BAY NO 14 COMP G BLOCK SOUTH,,Mb.P.T. Structure,,B,,"56",PRINCESS DOCK,93.18,,Mahesh Mohite,2020-05-09 18:01:36.360,A,,true,false,,,,,58,10,,,,0,true,,,,,,97,,,,,,,"31002408",false,,,false,false,7923,,,,,,,,,,false,
7924,38,"413040219","68C/3",,Private Structure,,E,,"1",MAZAGAON,102.19,,Mahesh Mohite,2020-05-09 18:01:36.360,A,,true,false,,,,,59,13,,,,0,true,,,,,,97,,,,,,,"41304216",false,,,false,false,7924,,,,,,,,,,false,
7649,16,"207010088","221 & 222 QUAY STREET",,Private Structure,,E,,"1/245",MAZAGAON,1071.67,,Mahesh Mohite,2020-05-09 18:01:36.360,A,,true,false,,,,,57,7,,,,0,true,,,,,,97,,,,,,,"20701144",false,,,false,false,7649,,,,,,,,,,false,
7650,16,"207010089","223 QUAY STREET",,Private Structure,,E,,"1/224",MAZAGAON,193.52,,Mahesh Mohite,2020-05-09 18:01:36.360,A,,true,false,,,,,57,7,,,,0,true,,,,,,97,,,,,,,"20701145",false,,,false,false,7650,,,,,,,,,,false,
7651,16,"207010090","224",,Private Structure,,E,,"1/219",MAZAGAON,367.06,,Mahesh Mohite,2020-05-09 18:01:36.360,A,,true,false,,,,,57,7,,,,0,true,,,,,,97,,,,,,,"20701146",false,,,false,false,7651,,,,,,,,,,false,
7652,16,"207010091","225",,Private Structure,,E,,"1",MAZAGAON,389.88,,Mahesh Mohite,2020-05-09 18:01:36.360,A,,true,false,,,,,57,7,,,,0,true,,,,,,97,,,,,,,"20701147",false,,,false,false,7652,,,,,,,,,,false,
7654,16,"207010093","227",,Private Structure,,E,,"1/209",MAZAGAON,354.24,,Mahesh Mohite,2020-05-09 18:01:36.360,A,,true,false,,,,,57,7,,,,0,true,,,,,,97,,,,,,,"20701149",false,,,false,false,7654,,,,,,,,,,false,
7655,16,"207010094",OLD RR 1883,,Private Structure,,E,,"1",MAZAGAON,402.73,,Mahesh Mohite,2020-05-09 18:01:36.360,A,,true,false,,,,,57,7,,,,0,true,,,,,,97,,,,,,,"20701201",false,,,false,false,7655,,,,,,,,,,false,
7656,16,"207010095","229 A",,Private Structure,,E,,"1",MAZAGAON,71.07,,Mahesh Mohite,2020-05-09 18:01:36.360,A,,true,false,,,,,57,7,,,,0,true,,,,,,97,,,,,,,"20701202",false,,,false,false,7656,,,,,,,,,,false,
7657,16,"207010096","230",,Private Structure,,E,,"1/209",MAZAGAON,260.13,,Mahesh Mohite,2020-05-09 18:01:36.360,A,,true,false,,,,,57,7,,,,0,true,,,,,,97,,,,,,,"20701203",false,,,false,false,7657,,,,,,,,,,false,
7658,16,"207010097","231,JUNCTION PLOT",,Private Structure,,E,,"1/250",MAZAGAON,929.03,,Mahesh Mohite,2020-05-09 18:01:36.360,A,,true,false,,,,,57,7,,,,0,true,,,,,,97,,,,,,,"20701204",false,,,false,false,7658,,,,,,,,,,false,
7659,16,"207010098","232",,Private Structure,,E,,"1/250",MAZAGAON,20.90,,Mahesh Mohite,2020-05-09 18:01:36.360,A,,true,false,,,,,57,7,,,,0,true,,,,,,97,,,,,,,"20701205",false,,,false,false,7659,,,,,,,,,,false,
7660,16,"207010099","233 & 234",,Private Structure,,E,,"1/250",MAZAGAON,225.48,,Mahesh Mohite,2020-05-09 18:01:36.360,A,,true,false,,,,,57,7,,,,0,true,,,,,,97,,,,,,,"20701206",false,,,false,false,7660,,,,,,,,,,false,
7661,16,"207010100","237",,Private Structure,,E,,"1/209",MAZAGAON,501.40,,Mahesh Mohite,2020-05-09 18:01:36.360,A,,true,false,,,,,57,7,,,,0,true,,,,,,97,,,,,,,"20701208",false,,,false,false,7661,,,,,,,,,,false,
8386,1,"0101010068",rr 2000,"",test C,"",,kharghar,"","",3001.00,"",mbpt_do,2024-12-10 15:09:09.590,V,mbpt_no,true,false,remark,,,2024-12-10 15:14:12.488,,,mbpt_no,,"",0,true,"","",,,,549,e,w,n,s,410210,1,,false,2024-12-03,9999-01-28,false,false,8386,,R.R No,No,,,,,,,,
7662,16,"207010101","239 & 240",,Private Structure,,E,,"1/155",MAZAGAON,390.28,,Mahesh Mohite,2020-05-09 18:01:36.360,A,,true,false,,,,,57,7,,,,0,true,,,,,,97,,,,,,,"20701210",false,,,false,false,7662,,,,,,,,,,false,
7663,16,"207010102","241",,Private Structure,,E,,"1/156",MAZAGAON,120.03,,Mahesh Mohite,2020-05-09 18:01:36.360,A,,true,false,,,,,57,7,,,,0,true,,,,,,97,,,,,,,"20701211",false,,,false,false,7663,,,,,,,,,,false,
7664,16,"207010103","242",,Private Structure,,E,,"1/156",MAZAGAON,148.83,,Mahesh Mohite,2020-05-09 18:01:36.360,A,,true,false,,,,,57,7,,,,0,true,,,,,,97,,,,,,,"20701212",false,,,false,false,7664,,,,,,,,,,false,
7665,16,"207010104","243",,Private Structure,,E,,"1/156",MAZAGAON,165.92,,Mahesh Mohite,2020-05-09 18:01:36.360,A,,true,false,,,,,57,7,,,,0,true,,,,,,97,,,,,,,"20701213",false,,,false,false,7665,,,,,,,,,,false,
7666,16,"207010105","244-A",,Private Structure,,E,,"1/156",MAZAGAON,87.33,,Mahesh Mohite,2020-05-09 18:01:36.360,A,,true,false,,,,,57,7,,,,0,true,,,,,,97,,,,,,,"20701214",false,,,false,false,7666,,,,,,,,,,false,
7667,16,"207010106","244-B",,Private Structure,,E,,"1/156",MAZAGAON,87.33,,Mahesh Mohite,2020-05-09 18:01:36.360,A,,true,false,,,,,57,7,,,,0,true,,,,,,97,,,,,,,"20701215",false,,,false,false,7667,,,,,,,,,,false,
7668,16,"207010107","245",,Private Structure,,E,,"1/156",MAZAGAON,175.40,,Mahesh Mohite,2020-05-09 18:01:36.360,A,,true,false,,,,,57,7,,,,0,true,,,,,,97,,,,,,,"20701216",false,,,false,false,7668,,,,,,,,,,false,
7669,16,"207010108","246",,Private Structure,,E,,"1/156",MAZAGAON,175.22,,Mahesh Mohite,2020-05-09 18:01:36.360,A,,true,false,,,,,57,7,,,,0,true,,,,,,97,,,,,,,"20701217",false,,,false,false,7669,,,,,,,,,,false,
7670,16,"207010109","247",,Private Structure,,E,,"1/156",MAZAGAON,175.49,,Mahesh Mohite,2020-05-09 18:01:36.360,A,,true,false,,,,,57,7,,,,0,true,,,,,,97,,,,,,,"20701218",false,,,false,false,7670,,,,,,,,,,false,
7671,16,"207010110","248",,Private Structure,,E,,"1/156",MAZAGAON,175.77,,Mahesh Mohite,2020-05-09 18:01:36.360,A,,true,false,,,,,57,7,,,,0,true,,,,,,97,,,,,,,"20701219",false,,,false,false,7671,,,,,,,,,,false,
7672,16,"207010111","249",,Private Structure,,E,,"1/156",MAZAGAON,183.39,,Mahesh Mohite,2020-05-09 18:01:36.360,A,,true,false,,,,,57,7,,,,0,true,,,,,,97,,,,,,,"20701220",false,,,false,false,7672,,,,,,,,,,false,
7673,16,"207010112","250",,Private Structure,,E,,"1/156",MAZAGAON,183.67,,Mahesh Mohite,2020-05-09 18:01:36.360,A,,true,false,,,,,57,7,,,,0,true,,,,,,97,,,,,,,"20701221",false,,,false,false,7673,,,,,,,,,,false,
7674,16,"207010113","251",,Private Structure,,E,,"1/156",MAZAGAON,183.95,,Mahesh Mohite,2020-05-09 18:01:36.360,A,,true,false,,,,,57,7,,,,0,true,,,,,,97,,,,,,,"20701222",false,,,false,false,7674,,,,,,,,,,false,
7675,16,"207010114","252",,Private Structure,,E,,"1/156",MAZAGAON,184.23,,Mahesh Mohite,2020-05-09 18:01:36.360,A,,true,false,,,,,57,7,,,,0,true,,,,,,97,,,,,,,"20701223",false,,,false,false,7675,,,,,,,,,,false,
7676,16,"207010115","253",,Private Structure,,E,,"1/156",MAZAGAON,184.51,,Mahesh Mohite,2020-05-09 18:01:36.360,A,,true,false,,,,,57,7,,,,0,true,,,,,,97,,,,,,,"20701224",false,,,false,false,7676,,,,,,,,,,false,
7677,16,"207010116","296",,Private Structure,,E,,"1/232",MAZAGAON,102.10,,Mahesh Mohite,2020-05-09 18:01:36.360,A,,true,false,,,,,57,7,,,,0,true,,,,,,97,,,,,,,"20701319",false,,,false,false,7677,,,,,,,,,,false,
7678,16,"207010117","297",,Open Plot,,E,,"1/232",MAZAGAON,266.45,,Mahesh Mohite,2020-05-09 18:01:36.360,A,,true,false,,,,,57,7,,,,0,true,,,,,,97,,,,,,,"20701320",false,,,false,false,7678,,,,,,,,,,false,
7679,16,"207010118","298",,Private Structure,,E,,"1",MAZAGAON,189.22,,Mahesh Mohite,2020-05-09 18:01:36.360,A,,true,false,,,,,57,7,,,,0,true,,,,,,97,,,,,,,"20701321",false,,,false,false,7679,,,,,,,,,,false,
7618,16,"207010057","4 (1)",,Private Structure,,E,,"531",MAZAGAON,52.86,,Mahesh Mohite,2020-05-09 18:01:36.360,A,,true,false,,,,,57,7,,,,0,true,,,,,,97,,,,,,,"20701106",false,,,false,false,7618,,,,,,,,,,false,
7691,16,"207010130",R R 1586,,Private Structure,,E,,"167/1",MAZAGAON,557.42,,Mahesh Mohite,2020-05-09 18:01:36.360,A,,true,false,,,,,57,7,,,,0,true,,,,,,97,,,,,,,"20701335",false,,,false,false,7691,,,,,,,,,,false,
7692,16,"207010131",R R 1541,,Private Structure,,E,,"184/1",MAZAGAON,927.82,,Mahesh Mohite,2020-05-09 18:01:36.360,A,,true,false,,,,,57,7,,,,0,true,,,,,,97,,,,,,,"20701336",false,,,false,false,7692,,,,,,,,,,false,
7693,16,"207010132",R R 1602,,Private Structure,,E,,"165/1",MAZAGAON,712.94,,Mahesh Mohite,2020-05-09 18:01:36.360,A,,true,false,,,,,57,7,,,,0,true,,,,,,97,,,,,,,"20701337",false,,,false,false,7693,,,,,,,,,,false,
7694,16,"207010133","302  (JUNCTION PLOT)",,Private Structure,,E,,"170A/1",MAZAGAON,253.25,,Mahesh Mohite,2020-05-09 18:01:36.360,A,,true,false,,,,,57,7,,,,0,true,,,,,,97,,,,,,,"20701338",false,,,false,false,7694,,,,,,,,,,false,
7696,16,"207010135","306",,Private Structure,,E,,"1",MAZAGAON,384.80,,Mahesh Mohite,2020-05-09 18:01:36.360,A,,true,false,,,,,57,7,,,,0,true,,,,,,97,,,,,,,"20701340",false,,,false,false,7696,,,,,,,,,,false,
7697,16,"207010136","307",,Private Structure,,E,,"211/1",MAZAGAON,335.75,,Mahesh Mohite,2020-05-09 18:01:36.360,A,,true,false,,,,,57,7,,,,0,true,,,,,,97,,,,,,,"20701341",false,,,false,false,7697,,,,,,,,,,false,
7698,16,"207010137","308",,Private Structure,,E,,"1",MAZAGAON,689.53,,Mahesh Mohite,2020-05-09 18:01:36.360,A,,true,false,,,,,57,7,,,,0,true,,,,,,97,,,,,,,"20701342",false,,,false,false,7698,,,,,,,,,,false,
7699,16,"207010138",R R 1935,,Private Structure,,E,,"169/1",MAZAGAON,3754.96,,Mahesh Mohite,2020-05-09 18:01:36.360,A,,true,false,,,,,57,7,,,,0,true,,,,,,97,,,,,,,"20701343",false,,,false,false,7699,,,,,,,,,,false,
7700,16,"207010139",CUSTOM CHOWKEY EAST OF RR1711,,Private Structure,,E,,"1",MAZAGAON,2.70,,Mahesh Mohite,2020-05-09 18:01:36.360,A,,true,false,,,,,57,7,,,,0,true,,,,,,97,,,,,,,"20701345",false,,,false,false,7700,,,,,,,,,,false,
7702,16,"207010141","330 SUPPLY TO RR 2055",,Private Structure,,E,,"1/180A",MAZAGAON,223.99,,Mahesh Mohite,2020-05-09 18:01:36.360,A,,true,false,,,,,57,7,,,,0,true,,,,,,97,,,,,,,"20701350",false,,,false,false,7702,,,,,,,,,,false,
7703,16,"207010142","332 SUPPL TO R R 1711",,Private Structure,,E,,"177/1",MAZAGAON,529.88,,Mahesh Mohite,2020-05-09 18:01:36.360,A,,true,false,,,,,57,7,,,,0,true,,,,,,97,,,,,,,"20701401",false,,,false,false,7703,,,,,,,,,,false,
7704,16,"207010143",AT VICTORIA OVER BRIDGE ROAD,,Private Structure,,E,,"1/183",MAZAGAON,5.00,,Mahesh Mohite,2020-05-09 18:01:36.360,A,,true,false,,,,,57,7,,,,0,true,,,,,,97,,,,,,,"20701402",false,,,false,false,7704,,,,,,,,,,false,
7705,16,"207010144",STRIP OF LAND ADJ P 339 V O B,,Open Plot,,E,,"1",MAZAGAON,655.17,,Mahesh Mohite,2020-05-09 18:01:36.360,A,,true,false,,,,,57,7,,,,0,true,,,,,,97,,,,,,,"20701404",false,,,false,false,7705,,,,,,,,,,false,
7706,16,"207010145","336",,Open Plot,,E,,"1",MAZAGAON,61.78,,Mahesh Mohite,2020-05-09 18:01:36.360,A,,true,false,,,,,57,7,,,,0,true,,,,,,97,,,,,,,"20701405",false,,,false,false,7706,,,,,,,,,,false,
7707,16,"207010146","337",,Open Plot,,E,,"1",MAZAGAON,61.78,,Mahesh Mohite,2020-05-09 18:01:36.360,A,,true,false,,,,,57,7,,,,0,true,,,,,,97,,,,,,,"20701406",false,,,false,false,7707,,,,,,,,,,false,
7708,16,"207010147","338",,Open Plot,,E,,"1",MAZAGAON,61.78,,Mahesh Mohite,2020-05-09 18:01:36.360,A,,true,false,,,,,57,7,,,,0,true,,,,,,97,,,,,,,"20701407",false,,,false,false,7708,,,,,,,,,,false,
7709,16,"207010148","333",,Open Plot,,E,,"631",MAZAGAON,63.54,,Mahesh Mohite,2020-05-09 18:01:36.360,A,,true,false,,,,,57,7,,,,0,true,,,,,,97,,,,,,,"20701408",false,,,false,false,7709,,,,,,,,,,false,
7710,16,"207010149","335",,Open Plot,,E,,"1",MAZAGAON,66.89,,Mahesh Mohite,2020-05-09 18:01:36.360,A,,true,false,,,,,57,7,,,,0,true,,,,,,97,,,,,,,"20701409",false,,,false,false,7710,,,,,,,,,,false,
7713,17,"208010100",COMPTT.1&2 OF GDN.NO.45,,Mb.P.T. Structure,,E,,"1",MAZAGAON,527.50,,Mahesh Mohite,2020-05-09 18:01:36.360,A,,true,false,,,,,57,8,,,,0,true,,,,,,97,,,,,,,"20801129",false,,,false,false,7713,,,,,,,,,,false,
7714,17,"208010101",NEW PLOT 49(WITH ADDL LAND),,Private Structure,,E,,"1/179",MAZAGAON,2224.00,,Mahesh Mohite,2020-05-09 18:01:36.360,A,,true,false,,,,,57,8,,,,0,true,,,,,,97,,,,,,,"20801134",false,,,false,false,7714,,,,,,,,,,false,
7715,17,"208010102","53 1ST CROSS STREET",,Private Structure,,E,,"1",MAZAGAON,141.21,,Mahesh Mohite,2020-05-09 18:01:36.360,A,,true,false,,,,,57,8,,,,0,true,,,,,,97,,,,,,,"20801138",false,,,false,false,7715,,,,,,,,,,false,
7716,17,"208010103","54,73 & 73A 1ST CROSS STREET",,Private Structure,,E,,"1",MAZAGAON,539.12,,Mahesh Mohite,2020-05-09 18:01:36.360,A,,true,false,,,,,57,8,,,,0,true,,,,,,97,,,,,,,"20801139",false,,,false,false,7716,,,,,,,,,,false,
7717,17,"208010104","55 1ST CROSS STREET",,Private Structure,,E,,"1",MAZAGAON,174.19,,Mahesh Mohite,2020-05-09 18:01:36.360,A,,true,false,,,,,57,8,,,,0,true,,,,,,97,,,,,,,"20801140",false,,,false,false,7717,,,,,,,,,,false,
7718,17,"208010105","56 1ST CROSS STREET",,Private Structure,,E,,"1",MAZAGAON,95.41,,Mahesh Mohite,2020-05-09 18:01:36.360,A,,true,false,,,,,57,8,,,,0,true,,,,,,97,,,,,,,"20801141",false,,,false,false,7718,,,,,,,,,,false,
7719,17,"208010106","58 1ST CROSS STREET",,Private Structure,,E,,"1",MAZAGAON,1452.26,,Mahesh Mohite,2020-05-09 18:01:36.360,A,,true,false,,,,,57,8,,,,0,true,,,,,,97,,,,,,,"20801143",false,,,false,false,7719,,,,,,,,,,false,
7720,17,"208010107","59 1ST CROSS STREET",,Private Structure,,E,,"1",MAZAGAON,253.44,,Mahesh Mohite,2020-05-09 18:01:36.360,A,,true,false,,,,,57,8,,,,0,true,,,,,,97,,,,,,,"20801144",false,,,false,false,7720,,,,,,,,,,false,
7721,17,"208010108","60 1ST CROSS STREET",,Private Structure,,E,,"1/252",MAZAGAON,154.13,,Mahesh Mohite,2020-05-09 18:01:36.360,A,,true,false,,,,,57,8,,,,0,true,,,,,,97,,,,,,,"20801145",false,,,false,false,7721,,,,,,,,,,false,
7722,17,"208010109",PLOT 61-A 1ST CROSS STREET,,Private Structure,,E,,"1/252",MAZAGAON,652.92,,Mahesh Mohite,2020-05-09 18:01:36.360,A,,true,false,,,,,57,8,,,,0,true,,,,,,97,,,,,,,"20801146",false,,,false,false,7722,,,,,,,,,,false,
7723,17,"208010110",PLOT 61-B 2ND CROSS STREET,,Private Structure,,E,,"1",MAZAGAON,813.09,,Mahesh Mohite,2020-05-09 18:01:36.360,A,,true,false,,,,,57,8,,,,0,true,,,,,,97,,,,,,,"20801147",false,,,false,false,7723,,,,,,,,,,false,
7724,17,"208010111",PLOT 61-C 2ND CROSS STREET,,Open Plot,,E,,"1/251",MAZAGAON,299.89,,Mahesh Mohite,2020-05-09 18:01:36.360,A,,true,false,,,,,57,8,,,,0,true,,,,,,97,,,,,,,"20801148",false,,,false,false,7724,,,,,,,,,,false,
7725,17,"208010112","63 1ST CROSS STREET",,Private Structure,,E,,"1/253",MAZAGAON,162.67,,Mahesh Mohite,2020-05-09 18:01:36.360,A,,true,false,,,,,57,8,,,,0,true,,,,,,97,,,,,,,"20801150",false,,,false,false,7725,,,,,,,,,,false,
7726,17,"208010113","65 1ST CROSS STREET",,Private Structure,,E,,"1",MAZAGAON,190.36,,Mahesh Mohite,2020-05-09 18:01:36.360,A,,true,false,,,,,57,8,,,,0,true,,,,,,97,,,,,,,"20801202",false,,,false,false,7726,,,,,,,,,,false,
7727,17,"208010114","66 1ST CROSS STREET(JUN'ON PLO",,Private Structure,,E,,"1",MAZAGAON,169.46,,Mahesh Mohite,2020-05-09 18:01:36.360,A,,true,false,,,,,57,8,,,,0,true,,,,,,97,,,,,,,"20801203",false,,,false,false,7727,,,,,,,,,,false,
7728,17,"208010115","67 QUAY STREET JUNCTION PLOT",,Private Structure,,E,,"1/264",MAZAGAON,418.90,,Mahesh Mohite,2020-05-09 18:01:36.360,A,,true,false,,,,,57,8,,,,0,true,,,,,,97,,,,,,,"20801204",false,,,false,false,7728,,,,,,,,,,false,
7729,17,"208010116","68 2ND CROSS STREET",,Private Structure,,E,,"1/237",MAZAGAON,153.94,,Mahesh Mohite,2020-05-09 18:01:36.360,A,,true,false,,,,,57,8,,,,0,true,,,,,,97,,,,,,,"20801205",false,,,false,false,7729,,,,,,,,,,false,
7712,17,"208010099",RRNO 2017 AT MAGAZINE STREET,,Private Structure,,E,,"1/210",MAZAGAON,2789.32,,Mahesh Mohite,2020-05-09 18:01:36.360,A,,true,false,,,,,57,8,,,,0,true,,,,,,97,,,,,,,"20801114",false,,,false,false,7712,,,,,,,,,,true,
7731,17,"208010118","70 2ND CROSS STREET",,Private Structure,,E,,"1",MAZAGAON,102.29,,Mahesh Mohite,2020-05-09 18:01:36.360,A,,true,false,,,,,57,8,,,,0,true,,,,,,97,,,,,,,"20801207",false,,,false,false,7731,,,,,,,,,,false,
5516,14,"206010055","83",,,,, MAZGAON TANK BUNDER,"632",MAZGAON,604.06,,Mahesh Mohite,2020-03-03 16:20:30.300,A,,true,false,,,,,57,6,do_CD_shreyas,,,0,true,,,,,,97,PLOT NO.82 & 86,PT PASSAGE,B.P.T CROSS ROAD NO.3,PLOT NO.84,400010,5,"20601225
",false,,,false,false,5516,,,,,,,,,,false,
7732,17,"208010119","71 2ND CROSS STREET",,Private Structure,,E,,"1/258",MAZAGAON,332.78,,Mahesh Mohite,2020-05-09 18:01:36.360,A,,true,false,,,,,57,8,,,,0,true,,,,,,97,,,,,,,"20801208",false,,,false,false,7732,,,,,,,,,,false,
7733,17,"208010120","72 2ND CROSS STREET",,Private Structure,,E,,"1",MAZAGAON,284.10,,Mahesh Mohite,2020-05-09 18:01:36.360,A,,true,false,,,,,57,8,,,,0,true,,,,,,97,,,,,,,"20801209",false,,,false,false,7733,,,,,,,,,,false,
7734,17,"208010121","74 2ND CROSS STREET",,Private Structure,,E,,"1",MAZAGAON,134.15,,Mahesh Mohite,2020-05-09 18:01:36.360,A,,true,false,,,,,57,8,,,,0,true,,,,,,97,,,,,,,"20801210",false,,,false,false,7734,,,,,,,,,,false,
7735,17,"208010122","76 2ND CROSS STRTT.JUN.ON PLOT",,Private Structure,,E,,"1",MAZAGAON,308.53,,Mahesh Mohite,2020-05-09 18:01:36.360,A,,true,false,,,,,57,8,,,,0,true,,,,,,97,,,,,,,"20801212",false,,,false,false,7735,,,,,,,,,,false,
7736,17,"208010123","78 1ST CROSS STREET",,Private Structure,,E,,"1/217",MAZAGAON,333.89,,Mahesh Mohite,2020-05-09 18:01:36.360,A,,true,false,,,,,57,8,,,,0,true,,,,,,97,,,,,,,"20801213",false,,,false,false,7736,,,,,,,,,,false,
7737,17,"208010124","79 PANTON BUNDER",,Private Structure,,E,,"1/217",MAZAGAON,72.74,,Mahesh Mohite,2020-05-09 18:01:36.360,A,,true,false,,,,,57,8,,,,0,true,,,,,,97,,,,,,,"20801214",false,,,false,false,7737,,,,,,,,,,false,
7738,17,"208010125","80 1ST CROSS STREET",,Private Structure,,E,,"1/217",MAZAGAON,258.64,,Mahesh Mohite,2020-05-09 18:01:36.360,A,,true,false,,,,,57,8,,,,0,true,,,,,,97,,,,,,,"20801215",false,,,false,false,7738,,,,,,,,,,false,
7739,17,"208010126","81 1ST CROSS STREET",,Private Structure,,E,,"1/217",MAZAGAON,134.15,,Mahesh Mohite,2020-05-09 18:01:36.360,A,,true,false,,,,,57,8,,,,0,true,,,,,,97,,,,,,,"20801216",false,,,false,false,7739,,,,,,,,,,false,
7740,17,"208010127","82 1ST CROSS STREET",,Private Structure,,E,,"1/217",MAZAGAON,67.35,,Mahesh Mohite,2020-05-09 18:01:36.360,A,,true,false,,,,,57,8,,,,0,true,,,,,,97,,,,,,,"20801217",false,,,false,false,7740,,,,,,,,,,false,
7741,17,"208010128","83 1ST CROSS STREET",,Private Structure,,E,,"1/217",MAZAGAON,67.45,,Mahesh Mohite,2020-05-09 18:01:36.360,A,,true,false,,,,,57,8,,,,0,true,,,,,,97,,,,,,,"20801218",false,,,false,false,7741,,,,,,,,,,false,
7742,17,"208010129","84 1ST CROSS STREET",,Private Structure,,E,,"1/217",MAZAGAON,135.36,,Mahesh Mohite,2020-05-09 18:01:36.360,A,,true,false,,,,,57,8,,,,0,true,,,,,,97,,,,,,,"20801219",false,,,false,false,7742,,,,,,,,,,false,
7743,17,"208010130","85 1ST CROSS STREET",,Private Structure,,E,,"1/217",MAZAGAON,175.12,,Mahesh Mohite,2020-05-09 18:01:36.360,A,,true,false,,,,,57,8,,,,0,true,,,,,,97,,,,,,,"20801220",false,,,false,false,7743,,,,,,,,,,false,
7744,17,"208010131","86 1ST CROSS STREET",,Private Structure,,E,,"1/217",MAZAGAON,560.39,,Mahesh Mohite,2020-05-09 18:01:36.360,A,,true,false,,,,,57,8,,,,0,true,,,,,,97,,,,,,,"20801221",false,,,false,false,7744,,,,,,,,,,false,
7745,17,"208010132","87 1ST CROSS STREET",,Private Structure,,E,,"244/1",MAZAGAON,456.25,,Mahesh Mohite,2020-05-09 18:01:36.360,A,,true,false,,,,,57,8,,,,0,true,,,,,,97,,,,,,,"20801222",false,,,false,false,7745,,,,,,,,,,false,
7746,17,"208010133","R.R.1686,1ST CROSS STREET",,Private Structure,,E,,"1/883",MAZAGAON,2806.79,,Mahesh Mohite,2020-05-09 18:01:36.360,A,,true,false,,,,,57,8,,,,0,true,,,,,,97,,,,,,,"20801224",false,,,false,false,7746,,,,,,,,,,false,
7747,17,"208010134",R R 1693,,Private Structure,,E,,"2/883",MAZAGAON,6898.88,,Mahesh Mohite,2020-05-09 18:01:36.360,A,,true,false,,,,,57,8,,,,0,true,,,,,,97,,,,,,,"20801225",false,,,false,false,7747,,,,,,,,,,false,
7748,17,"208010135",R R NO.1791(SUPPL.TO R R 1693),,Private Structure,,E,,"883",MAZAGAON,45.06,,Mahesh Mohite,2020-05-09 18:01:36.360,A,,true,false,,,,,57,8,,,,0,true,,,,,,97,,,,,,,"20801226",false,,,false,false,7748,,,,,,,,,,false,
7749,17,"208010136",R R NO.1728 (SUPPL RR NO.1693),,Private Structure,,E,,"883",MAZAGAON,24.34,,Mahesh Mohite,2020-05-09 18:01:36.360,A,,true,false,,,,,57,8,,,,0,true,,,,,,97,,,,,,,"20801227",false,,,false,false,7749,,,,,,,,,,false,
7750,17,"208010137","92  JUNCTION PLOT",,Private Structure,,E,,"1",MAZAGAON,365.39,,Mahesh Mohite,2020-05-09 18:01:36.360,A,,true,false,,,,,57,8,,,,0,true,,,,,,97,,,,,,,"20801228",false,,,false,false,7750,,,,,,,,,,false,
7751,17,"208010138","93 2ND CROSS STREET",,Private Structure,,E,,"1",MAZAGAON,230.40,,Mahesh Mohite,2020-05-09 18:01:36.360,A,,true,false,,,,,57,8,,,,0,true,,,,,,97,,,,,,,"20801229",false,,,false,false,7751,,,,,,,,,,false,
7752,17,"208010139","94 2ND CROSS STREET",,Private Structure,,E,,"1",MAZAGAON,192.31,,Mahesh Mohite,2020-05-09 18:01:36.360,A,,true,false,,,,,57,8,,,,0,true,,,,,,97,,,,,,,"20801230",false,,,false,false,7752,,,,,,,,,,false,
7753,17,"208010140","95 2ND CROSS STREET",,Private Structure,,E,,"1",MAZAGAON,186.27,,Mahesh Mohite,2020-05-09 18:01:36.360,A,,true,false,,,,,57,8,,,,0,true,,,,,,97,,,,,,,"20801231",false,,,false,false,7753,,,,,,,,,,false,
7754,17,"208010141","96 2ND CROSS STREET",,Private Structure,,E,,"1",MAZAGAON,783.64,,Mahesh Mohite,2020-05-09 18:01:36.360,A,,true,false,,,,,57,8,,,,0,true,,,,,,97,,,,,,,"20801232",false,,,false,false,7754,,,,,,,,,,false,
7755,17,"208010142","97A 2ND CROSS STREET",,Private Structure,,E,,"1",MAZAGAON,240.34,,Mahesh Mohite,2020-05-09 18:01:36.360,A,,true,false,,,,,57,8,,,,0,true,,,,,,97,,,,,,,"20801233",false,,,false,false,7755,,,,,,,,,,false,
7805,17,"208010192","149 QUAY STREET",,Private Structure,,E,,"1",MAZAGAON,174.75,,Mahesh Mohite,2020-05-09 18:01:36.360,A,,true,false,,,,,57,8,,,,0,true,,,,,,97,,,,,,,"20801337",false,,,false,false,7805,,,,,,,,,,false,
7756,17,"208010143","97B 2ND CROSS STREET",,Private Structure,,E,,"1/249",MAZAGAON,214.14,,Mahesh Mohite,2020-05-09 18:01:36.360,A,,true,false,,,,,57,8,,,,0,true,,,,,,97,,,,,,,"20801234",false,,,false,false,7756,,,,,,,,,,false,
7757,17,"208010144","97C 2ND CROSS STREET",,Private Structure,,E,,"1/242",MAZAGAON,199.09,,Mahesh Mohite,2020-05-09 18:01:36.360,A,,true,false,,,,,57,8,,,,0,true,,,,,,97,,,,,,,"20801235",false,,,false,false,7757,,,,,,,,,,false,
7758,17,"208010145","98 2ND CROSS STREET",,Private Structure,,E,,"1",MAZAGAON,418.15,,Mahesh Mohite,2020-05-09 18:01:36.360,A,,true,false,,,,,57,8,,,,0,true,,,,,,97,,,,,,,"20801236",false,,,false,false,7758,,,,,,,,,,false,
7759,17,"208010146","99 2ND CROSS STREET",,Private Structure,,E,,"1",MAZAGAON,109.44,,Mahesh Mohite,2020-05-09 18:01:36.360,A,,true,false,,,,,57,8,,,,0,true,,,,,,97,,,,,,,"20801237",false,,,false,false,7759,,,,,,,,,,false,
7760,17,"208010147","100 2ND CROSS STREET",,Private Structure,,E,,"1",MAZAGAON,242.48,,Mahesh Mohite,2020-05-09 18:01:36.360,A,,true,false,,,,,57,8,,,,0,true,,,,,,97,,,,,,,"20801238",false,,,false,false,7760,,,,,,,,,,false,
7761,17,"208010148","101 & 102 2ND CROSS STREET",,Private Structure,,E,,"1",MAZAGAON,195.10,,Mahesh Mohite,2020-05-09 18:01:36.360,A,,true,false,,,,,57,8,,,,0,true,,,,,,97,,,,,,,"20801239",false,,,false,false,7761,,,,,,,,,,false,
7762,17,"208010149","103 2ND CROSS STREET",,Private Structure,,E,,"1",MAZAGAON,67.82,,Mahesh Mohite,2020-05-09 18:01:36.360,A,,true,false,,,,,57,8,,,,0,true,,,,,,97,,,,,,,"20801240",false,,,false,false,7762,,,,,,,,,,false,
7763,17,"208010150","104 2ND CROSS STREET",,Private Structure,,E,,"1",MAZAGAON,106.38,,Mahesh Mohite,2020-05-09 18:01:36.360,A,,true,false,,,,,57,8,,,,0,true,,,,,,97,,,,,,,"20801241",false,,,false,false,7763,,,,,,,,,,false,
7764,17,"208010151","105 2ND CROSS STREET",,Private Structure,,E,,"1",MAZAGAON,99.78,,Mahesh Mohite,2020-05-09 18:01:36.360,A,,true,false,,,,,57,8,,,,0,true,,,,,,97,,,,,,,"20801242",false,,,false,false,7764,,,,,,,,,,false,
7765,17,"208010152","106 2ND CROSS STREET",,Private Structure,,E,,"1",MAZAGAON,157.09,,Mahesh Mohite,2020-05-09 18:01:36.360,A,,true,false,,,,,57,8,,,,0,true,,,,,,97,,,,,,,"20801243",false,,,false,false,7765,,,,,,,,,,false,
7766,17,"208010153","107 QUAY STREET JUNCTION PLOT",,Private Structure,,E,,"1",MAZAGAON,244.09,,Mahesh Mohite,2020-05-09 18:01:36.360,A,,true,false,,,,,57,8,,,,0,true,,,,,,97,,,,,,,"20801244",false,,,false,false,7766,,,,,,,,,,false,
7767,17,"208010154","108 KASSARA STREET",,Private Structure,,E,,"1",MAZAGAON,103.12,,Mahesh Mohite,2020-05-09 18:01:36.360,A,,true,false,,,,,57,8,,,,0,true,,,,,,97,,,,,,,"20801245",false,,,false,false,7767,,,,,,,,,,false,
7768,17,"208010155","110 KASSARA STREET",,Private Structure,,E,,"1",MAZAGAON,79.43,,Mahesh Mohite,2020-05-09 18:01:36.360,A,,true,false,,,,,57,8,,,,0,true,,,,,,97,,,,,,,"20801247",false,,,false,false,7768,,,,,,,,,,false,
7769,17,"208010156","111 KASSARA STREET",,Private Structure,,E,,"1",MAZAGAON,78.87,,Mahesh Mohite,2020-05-09 18:01:36.360,A,,true,false,,,,,57,8,,,,0,true,,,,,,97,,,,,,,"20801248",false,,,false,false,7769,,,,,,,,,,false,
7770,17,"208010157","112 KASSARA STREET",,Private Structure,,E,,"1",MAZAGAON,112.13,,Mahesh Mohite,2020-05-09 18:01:36.360,A,,true,false,,,,,57,8,,,,0,true,,,,,,97,,,,,,,"20801249",false,,,false,false,7770,,,,,,,,,,false,
7771,17,"208010158","113 KASSARA STREET",,Private Structure,,E,,"1",MAZAGAON,81.57,,Mahesh Mohite,2020-05-09 18:01:36.360,A,,true,false,,,,,57,8,,,,0,true,,,,,,97,,,,,,,"20801250",false,,,false,false,7771,,,,,,,,,,false,
7772,17,"208010159","114 KASARA STREET",,Private Structure,,E,,"1",MAZAGAON,355.45,,Mahesh Mohite,2020-05-09 18:01:36.360,A,,true,false,,,,,57,8,,,,0,true,,,,,,97,,,,,,,"20801301",false,,,false,false,7772,,,,,,,,,,false,
7773,17,"208010160","115 KASARA STREET",,Private Structure,,E,,"1",MAZAGAON,69.58,,Mahesh Mohite,2020-05-09 18:01:36.360,A,,true,false,,,,,57,8,,,,0,true,,,,,,97,,,,,,,"20801302",false,,,false,false,7773,,,,,,,,,,false,
7774,17,"208010161","116 KASSARA STREET",,Open Plot,,E,,"1",MAZAGAON,39.02,,Mahesh Mohite,2020-05-09 18:01:36.360,A,,true,false,,,,,57,8,,,,0,true,,,,,,97,,,,,,,"20801303",false,,,false,false,7774,,,,,,,,,,false,
5518,14,"206010057","85",,,,, MAZGAON TANK BUNDER,"632",MAZGAON,497.50,,Mahesh Mohite,2020-03-03 16:20:30.300,A,,true,false,,,,,57,6,do_CD_shreyas,,,0,true,,,,,,97,PLOT NO.88 & 89,PLOT NO.84,PLOT NO.86 FML,B.P.T ROAD,400010,5,"20601227
",false,,,false,false,5518,,,,,,,,,,false,
5519,14,"206010058","87",,,,, MAZGAON TANK BUNDER,"3/632",MAZGAON,174.66,,Mahesh Mohite,2020-03-03 16:20:30.300,A,,true,false,,,,,57,6,do_CD_shreyas,,,0,true,,,,,,97,REAY ROAD,PLOT NO.86 FML,PLOT NO.86 FML,PLOT NO.87A,400010,5,"20601228
",false,,,false,false,5519,,,,,,,,,,false,
5520,14,"206010059","88",,,,, MAZGAON TANK BUNDER,"632",MAZGAON,163.51,,Mahesh Mohite,2020-03-03 16:20:30.300,A,,true,false,,,,,57,6,do_CD_shreyas,,,0,true,,,,,,97,REAY ROAD,PT PASSAGE,PLOT NO.87A,PLOT NO.89,400010,5,"20601230
",false,,,false,false,5520,,,,,,,,,,false,
5521,14,"206010060","89",,,,, MAZGAON TANK BUNDER,"632",MAZGAON,267.56,,Mahesh Mohite,2020-03-03 16:20:30.300,A,,true,false,,,,,57,6,do_CD_shreyas,,,0,true,,,,,,97,REAY ROAD,PLOT NO.85,PLOT NO.88,B.P.T ROAD,400010,5,"20601231
",false,,,false,false,5521,,,,,,,,,,false,
7775,17,"208010162","117 KASSARA STREET",,Private Structure,,E,,"1",MAZAGAON,105.91,,Mahesh Mohite,2020-05-09 18:01:36.360,A,,true,false,,,,,57,8,,,,0,true,,,,,,97,,,,,,,"20801304",false,,,false,false,7775,,,,,,,,,,false,
7777,17,"208010164","119 KASSARA STREET",,Private Structure,,E,,"1",MAZAGAON,870.44,,Mahesh Mohite,2020-05-09 18:01:36.360,A,,true,false,,,,,57,8,,,,0,true,,,,,,97,,,,,,,"20801306",false,,,false,false,7777,,,,,,,,,,false,
7778,17,"208010165","120 KASSARA STREET",,Private Structure,,E,,"1",MAZAGAON,117.89,,Mahesh Mohite,2020-05-09 18:01:36.360,A,,true,false,,,,,57,8,,,,0,true,,,,,,97,,,,,,,"20801307",false,,,false,false,7778,,,,,,,,,,false,
7780,17,"208010167","123 KASSARA STREET",,Private Structure,,E,,"1",MAZAGAON,212.56,,Mahesh Mohite,2020-05-09 18:01:36.360,A,,true,false,,,,,57,8,,,,0,true,,,,,,97,,,,,,,"20801310",false,,,false,false,7780,,,,,,,,,,false,
7781,17,"208010168","124 KASSARA STREET",,Private Structure,,E,,"1",MAZAGAON,75.16,,Mahesh Mohite,2020-05-09 18:01:36.360,A,,true,false,,,,,57,8,,,,0,true,,,,,,97,,,,,,,"20801311",false,,,false,false,7781,,,,,,,,,,false,
7782,17,"208010169","125 KASSARA STREET",,Private Structure,,E,,"1",MAZAGAON,529.36,,Mahesh Mohite,2020-05-09 18:01:36.360,A,,true,false,,,,,57,8,,,,0,true,,,,,,97,,,,,,,"20801312",false,,,false,false,7782,,,,,,,,,,false,
7783,17,"208010170","126 KASSARA STREET JUNCTION PL",,Private Structure,,E,,"1",MAZAGAON,297.29,,Mahesh Mohite,2020-05-09 18:01:36.360,A,,true,false,,,,,57,8,,,,0,true,,,,,,97,,,,,,,"20801313",false,,,false,false,7783,,,,,,,,,,false,
7784,17,"208010171","126A KASSARA STREET",,Private Structure,,E,,"1",MAZAGAON,300.26,,Mahesh Mohite,2020-05-09 18:01:36.360,A,,true,false,,,,,57,8,,,,0,true,,,,,,97,,,,,,,"20801314",false,,,false,false,7784,,,,,,,,,,false,
7785,17,"208010172","127A KASSARA ST.,JUNCTION PLOT",,Private Structure,,E,,"1/231",MAZAGAON,295.71,,Mahesh Mohite,2020-05-09 18:01:36.360,A,,true,false,,,,,57,8,,,,0,true,,,,,,97,,,,,,,"20801315",false,,,false,false,7785,,,,,,,,,,false,
7786,17,"208010173","127B KASSARA STREET",,Private Structure,,E,,"1",MAZAGAON,176.79,,Mahesh Mohite,2020-05-09 18:01:36.360,A,,true,false,,,,,57,8,,,,0,true,,,,,,97,,,,,,,"20801316",false,,,false,false,7786,,,,,,,,,,false,
7787,17,"208010174","128 KASSARA STREET",,Private Structure,,E,,"129",MAZAGAON,195.75,,Mahesh Mohite,2020-05-09 18:01:36.360,A,,true,false,,,,,57,8,,,,0,true,,,,,,97,,,,,,,"20801317",false,,,false,false,7787,,,,,,,,,,false,
7788,17,"208010175","129 KASSARA STREET",,Private Structure,,E,,"130",MAZAGAON,310.85,,Mahesh Mohite,2020-05-09 18:01:36.360,A,,true,false,,,,,57,8,,,,0,true,,,,,,97,,,,,,,"20801318",false,,,false,false,7788,,,,,,,,,,false,
7789,17,"208010176","130 KASSARA STREET",,Private Structure,,E,,"131",MAZAGAON,445.38,,Mahesh Mohite,2020-05-09 18:01:36.360,A,,true,false,,,,,57,8,,,,0,true,,,,,,97,,,,,,,"20801319",false,,,false,false,7789,,,,,,,,,,false,
7790,17,"208010177","131 KASSARA STREET",,Private Structure,,E,,"132",MAZAGAON,528.62,,Mahesh Mohite,2020-05-09 18:01:36.360,A,,true,false,,,,,57,8,,,,0,true,,,,,,97,,,,,,,"20801320",false,,,false,false,7790,,,,,,,,,,false,
7791,17,"208010178","132 KASSARA STREET",,Private Structure,,E,,"133",MAZAGAON,320.42,,Mahesh Mohite,2020-05-09 18:01:36.360,A,,true,false,,,,,57,8,,,,0,true,,,,,,97,,,,,,,"20801321",false,,,false,false,7791,,,,,,,,,,false,
7792,17,"208010179","133A KASSARA STREET",,Private Structure,,E,,"136",MAZAGAON,460.33,,Mahesh Mohite,2020-05-09 18:01:36.360,A,,true,false,,,,,57,8,,,,0,true,,,,,,97,,,,,,,"20801322",false,,,false,false,7792,,,,,,,,,,false,
7793,17,"208010180","134 4TH CROSS STREET",,Open Plot,,E,,"1/243",MAZAGAON,142.33,,Mahesh Mohite,2020-05-09 18:01:36.360,A,,true,false,,,,,57,8,,,,0,true,,,,,,97,,,,,,,"20801324",false,,,false,false,7793,,,,,,,,,,false,
7794,17,"208010181","136 KASSARA STREET",,Private Structure,,E,,"136",MAZAGAON,259.39,,Mahesh Mohite,2020-05-09 18:01:36.360,A,,true,false,,,,,57,8,,,,0,true,,,,,,97,,,,,,,"20801325",false,,,false,false,7794,,,,,,,,,,false,
7795,17,"208010182","137A KASSARA STREET",,Private Structure,,E,,"1",MAZAGAON,146.32,,Mahesh Mohite,2020-05-09 18:01:36.360,A,,true,false,,,,,57,8,,,,0,true,,,,,,97,,,,,,,"20801326",false,,,false,false,7795,,,,,,,,,,false,
7796,17,"208010183","137B KASSARA STREET",,Private Structure,,E,,"1/215",MAZAGAON,146.32,,Mahesh Mohite,2020-05-09 18:01:36.360,A,,true,false,,,,,57,8,,,,0,true,,,,,,97,,,,,,,"20801327",false,,,false,false,7796,,,,,,,,,,false,
7797,17,"208010184","138 KASSARA STREET",,Private Structure,,E,,"1",MAZAGAON,185.81,,Mahesh Mohite,2020-05-09 18:01:36.360,A,,true,false,,,,,57,8,,,,0,true,,,,,,97,,,,,,,"20801328",false,,,false,false,7797,,,,,,,,,,false,
7798,17,"208010185","139 140 & 141 KASSARA STREET",,Private Structure,,E,,"1",MAZAGAON,438.32,,Mahesh Mohite,2020-05-09 18:01:36.360,A,,true,false,,,,,57,8,,,,0,true,,,,,,97,,,,,,,"20801329",false,,,false,false,7798,,,,,,,,,,false,
7799,17,"208010186","142 KASSARA STREET",,Private Structure,,E,,"1",MAZAGAON,134.15,,Mahesh Mohite,2020-05-09 18:01:36.360,A,,true,false,,,,,57,8,,,,0,true,,,,,,97,,,,,,,"20801330",false,,,false,false,7799,,,,,,,,,,false,
7800,17,"208010187","143 KASSARA STREET",,Private Structure,,E,,"1/223",MAZAGAON,93.18,,Mahesh Mohite,2020-05-09 18:01:36.360,A,,true,false,,,,,57,8,,,,0,true,,,,,,97,,,,,,,"20801331",false,,,false,false,7800,,,,,,,,,,false,
7801,17,"208010188","144 KASSARA STREET",,Private Structure,,E,,"1/223",MAZAGAON,364.09,,Mahesh Mohite,2020-05-09 18:01:36.360,A,,true,false,,,,,57,8,,,,0,true,,,,,,97,,,,,,,"20801332",false,,,false,false,7801,,,,,,,,,,false,
7802,17,"208010189","146 KASSARA STREET",,Private Structure,,E,,"1",MAZAGAON,104.70,,Mahesh Mohite,2020-05-09 18:01:36.360,A,,true,false,,,,,57,8,,,,0,true,,,,,,97,,,,,,,"20801334",false,,,false,false,7802,,,,,,,,,,false,
7803,17,"208010190","147 QUAY STREET",,Private Structure,,E,,"1",MAZAGAON,200.76,,Mahesh Mohite,2020-05-09 18:01:36.360,A,,true,false,,,,,57,8,,,,0,true,,,,,,97,,,,,,,"20801335",false,,,false,false,7803,,,,,,,,,,false,
7806,17,"208010193","150 QUAY STREET",,Private Structure,,E,,"1",MAZAGAON,291.25,,Mahesh Mohite,2020-05-09 18:01:36.360,A,,true,false,,,,,57,8,,,,0,true,,,,,,97,,,,,,,"20801338",false,,,false,false,7806,,,,,,,,,,false,
7807,17,"208010194","151 QUAY STREET",,Private Structure,,E,,"1",MAZAGAON,204.85,,Mahesh Mohite,2020-05-09 18:01:36.360,A,,true,false,,,,,57,8,,,,0,true,,,,,,97,,,,,,,"20801339",false,,,false,false,7807,,,,,,,,,,false,
7808,17,"208010195","152 QUAY STREET",,Private Structure,,E,,"1",MAZAGAON,303.61,,Mahesh Mohite,2020-05-09 18:01:36.360,A,,true,false,,,,,57,8,,,,0,true,,,,,,97,,,,,,,"20801340",false,,,false,false,7808,,,,,,,,,,false,
7809,17,"208010196","153",,Private Structure,,E,,"1",MAZAGAON,273.13,,Mahesh Mohite,2020-05-09 18:01:36.360,A,,true,false,,,,,57,8,,,,0,true,,,,,,97,,,,,,,"20801341",false,,,false,false,7809,,,,,,,,,,false,
7779,17,"208010166","121 KASSARA STREET",,Private Structure,,E,,"1",MAZAGAON,113.71,,Mahesh Mohite,2020-05-09 18:01:36.360,A,,true,false,,,,,57,8,,,,0,true,,,,,,97,,,,,,,"20801308",false,,,false,false,7779,,,,,,,,,,true,
7804,17,"208010191","148 QUAY STREET",,Private Structure,,E,,"1",MAZAGAON,146.42,,Mahesh Mohite,2020-05-09 18:01:36.360,A,,true,false,,,,,57,8,,,,0,true,,,,,,97,,,,,,,"20801336",false,,,false,false,7804,,,,,,,,,,true,
7810,17,"208010197","154",,Private Structure,,E,,"1",MAZAGAON,121.98,,Mahesh Mohite,2020-05-09 18:01:36.360,A,,true,false,,,,,57,8,,,,0,true,,,,,,97,,,,,,,"20801342",false,,,false,false,7810,,,,,,,,,,false,
7811,17,"208010198","155",,Private Structure,,E,,"1",MAZAGAON,241.92,,Mahesh Mohite,2020-05-09 18:01:36.360,A,,true,false,,,,,57,8,,,,0,true,,,,,,97,,,,,,,"20801343",false,,,false,false,7811,,,,,,,,,,false,
7812,17,"208010199","156",,Private Structure,,E,,"1/223",MAZAGAON,202.99,,Mahesh Mohite,2020-05-09 18:01:36.360,A,,true,false,,,,,57,8,,,,0,true,,,,,,97,,,,,,,"20801344",false,,,false,false,7812,,,,,,,,,,false,
7813,17,"208010200","157",,Private Structure,,E,,"1/243",MAZAGAON,401.90,,Mahesh Mohite,2020-05-09 18:01:36.360,A,,true,false,,,,,57,8,,,,0,true,,,,,,97,,,,,,,"20801345",false,,,false,false,7813,,,,,,,,,,false,
4925,60,"414130008","10",,,,G/N,MAHIM BUNDER, , ,275.92,,Mahesh Mohite,2020-03-03 16:20:30.300,A,,true,false,,,,,59,14,,,,0,true,,,"4",,,97,,,,,400001,8,"41413118",false,,,false,false,4925,,,,,,,,,,false,
7814,17,"208010201","158",,Private Structure,,E,,"1/243",MAZAGAON,67.63,,Mahesh Mohite,2020-05-09 18:01:36.360,A,,true,false,,,,,57,8,,,,0,true,,,,,,97,,,,,,,"20801346",false,,,false,false,7814,,,,,,,,,,false,
7815,17,"208010202","159",,Private Structure,,E,,"1/243",MAZAGAON,139.45,,Mahesh Mohite,2020-05-09 18:01:36.360,A,,true,false,,,,,57,8,,,,0,true,,,,,,97,,,,,,,"20801347",false,,,false,false,7815,,,,,,,,,,false,
7817,17,"208010204","162",,Private Structure,,E,,"1/243",MAZAGAON,137.03,,Mahesh Mohite,2020-05-09 18:01:36.360,A,,true,false,,,,,57,8,,,,0,true,,,,,,97,,,,,,,"20801350",false,,,false,false,7817,,,,,,,,,,false,
7818,17,"208010205","184",,Private Structure,,E,,"1/134",MAZAGAON,124.86,,Mahesh Mohite,2020-05-09 18:01:36.360,A,,true,false,,,,,57,8,,,,0,true,,,,,,97,,,,,,,"20801422",false,,,false,false,7818,,,,,,,,,,false,
7824,17,"208010211",DURGAH POWDER WORKS BUNDER,,Private Structure,,E,,"253",MAZAGAON,260.87,,Mahesh Mohite,2020-05-09 18:01:36.360,A,,true,false,,,,,57,8,,,,0,true,,,,,,97,,,,,,,"20801505",false,,,false,false,7824,,,,,,,,,,false,
7825,17,"208010212",AD'ING DURGAH POWDER WORKS BUN,,Private Structure,,E,,"253",MAZAGAON,20.07,,Mahesh Mohite,2020-05-09 18:01:36.360,A,,true,false,,,,,57,8,,,,0,true,,,,,,97,,,,,,,"20801507",false,,,false,false,7825,,,,,,,,,,false,
7826,17,"208010213",ADJ'ING DURGAH POWDER WORKS BU,,Private Structure,,E,,"1/252",MAZAGAON,154.50,,Mahesh Mohite,2020-05-09 18:01:36.360,A,,true,false,,,,,57,8,,,,0,true,,,,,,97,,,,,,,"20801508",false,,,false,false,7826,,,,,,,,,,false,
7827,17,"208010214", LRR NO. 1997,,Private Structure,,E,,"251",MAZAGAON,14948.28,,Mahesh Mohite,2020-05-09 18:01:36.360,A,,true,false,,,,,57,8,,,,0,true,,,,,,97,,,,,,,"20801509",false,,,false,false,7827,,,,,,,,,,false,
7828,17,"208010215", OLD RR NO 861 JUNCTION PLOT,,Private Structure,,E,,"1/142",MAZAGAON,3253.74,,Mahesh Mohite,2020-05-09 18:01:36.360,A,,true,false,,,,,57,8,,,,0,true,,,,,,97,,,,,,,"20801511",false,,,false,false,7828,,,,,,,,,,false,
7829,17,"208010216",STALL SITE NO.1 PANTON BUNDER,,Private Structure,,E,,"1",MAZAGAON,5.57,,Mahesh Mohite,2020-05-09 18:01:36.360,A,,true,false,,,,,57,8,,,,0,true,,,,,,97,,,,,,,"20801512",false,,,false,false,7829,,,,,,,,,,false,
7830,17,"208010217", STALL SITE NO.2 PANTON BUNDER,,Private Structure,,E,,"1",MAZAGAON,6.50,,Mahesh Mohite,2020-05-09 18:01:36.360,A,,true,false,,,,,57,8,,,,0,true,,,,,,97,,,,,,,"20801513",false,,,false,false,7830,,,,,,,,,,false,
7831,17,"208010218", STALL SITE NO.3 PANTON BUNDER,,Private Structure,,E,,"1",MAZAGAON,6.50,,Mahesh Mohite,2020-05-09 18:01:36.360,A,,true,false,,,,,57,8,,,,0,true,,,,,,97,,,,,,,"20801514",false,,,false,false,7831,,,,,,,,,,false,
7832,17,"208010219",STALL SITE NO.4 PANTON BUNDER,,Private Structure,,E,,"1",MAZAGAON,6.50,,Mahesh Mohite,2020-05-09 18:01:36.360,A,,true,false,,,,,57,8,,,,0,true,,,,,,97,,,,,,,"20801515",false,,,false,false,7832,,,,,,,,,,false,
7833,17,"208010220",STALL SITE NO.5 PANTON BUNDER,,Private Structure,,E,,"1",MAZAGAON,6.50,,Mahesh Mohite,2020-05-09 18:01:36.360,A,,true,false,,,,,57,8,,,,0,true,,,,,,97,,,,,,,"20801516",false,,,false,false,7833,,,,,,,,,,false,
7834,17,"208010221",STALL SITE NO.6 PANTON BUNDER,,Private Structure,,E,,"1",MAZAGAON,6.50,,Mahesh Mohite,2020-05-09 18:01:36.360,A,,true,false,,,,,57,8,,,,0,true,,,,,,97,,,,,,,"20801517",false,,,false,false,7834,,,,,,,,,,false,
7835,17,"208010222",STALL SITE NO.7 PANTON BUNDER,,Private Structure,,E,,"1",MAZAGAON,6.50,,Mahesh Mohite,2020-05-09 18:01:36.360,A,,true,false,,,,,57,8,,,,0,true,,,,,,97,,,,,,,"20801518",false,,,false,false,7835,,,,,,,,,,false,
7836,17,"208010223",STALL NO.9 PANTON BUNDER,,Private Structure,,E,,"1",MAZAGAON,4.20,,Mahesh Mohite,2020-05-09 18:01:36.360,A,,true,false,,,,,57,8,,,,0,true,,,,,,97,,,,,,,"20801520",false,,,false,false,7836,,,,,,,,,,false,
7837,17,"208010224",BAY NO 1 OFRR772 PANTON BUNDER,,Mb.P.T. Structure,,E,,"529",MAZAGAON,96.99,,Mahesh Mohite,2020-05-09 18:01:36.360,A,,true,false,,,,,57,8,,,,0,true,,,,,,97,,,,,,,"20801521",false,,,false,false,7837,,,,,,,,,,false,
7838,17,"208010225",BAY NO.2 OF RR 772 PANTON BR.,,Mb.P.T. Structure,,E,,"529",MAZAGAON,96.99,,Mahesh Mohite,2020-05-09 18:01:36.360,A,,true,false,,,,,57,8,,,,0,true,,,,,,97,,,,,,,"20801522",false,,,false,false,7838,,,,,,,,,,false,
7839,17,"208010226",BAY NO.3 RR772 POWDER WORKS BR,,Mb.P.T. Structure,,E,,"529",MAZAGAON,100.34,,Mahesh Mohite,2020-05-09 18:01:36.360,A,,true,false,,,,,57,8,,,,0,true,,,,,,97,,,,,,,"20801523",false,,,false,false,7839,,,,,,,,,,false,
7840,17,"208010227",BAY NO4 RR772 POWDER WORKS BR.,,Mb.P.T. Structure,,E,,"529",MAZAGAON,100.34,,Mahesh Mohite,2020-05-09 18:01:36.360,A,,true,false,,,,,57,8,,,,0,true,,,,,,97,,,,,,,"20801524",false,,,false,false,7840,,,,,,,,,,false,
7841,17,"208010228",SAPCE BET'N BAY NO4&5 OF RR772,,Mb.P.T. Structure,,E,,"529",MAZAGAON,98.66,,Mahesh Mohite,2020-05-09 18:01:36.360,A,,true,false,,,,,57,8,,,,0,true,,,,,,97,,,,,,,"20801525",false,,,false,false,7841,,,,,,,,,,false,
7842,17,"208010229",BAY NO5 OLDRR772 POWDER WORKS,,Mb.P.T. Structure,,E,,"529",MAZAGAON,100.34,,Mahesh Mohite,2020-05-09 18:01:36.360,A,,true,false,,,,,57,8,,,,0,true,,,,,,97,,,,,,,"20801526",false,,,false,false,7842,,,,,,,,,,false,
7843,17,"208010230",BAY NO6 RR772 POWDER WORKS BR.,,Mb.P.T. Structure,,E,,"529",MAZAGAON,113.71,,Mahesh Mohite,2020-05-09 18:01:36.360,A,,true,false,,,,,57,8,,,,0,true,,,,,,97,,,,,,,"20801527",false,,,false,false,7843,,,,,,,,,,false,
7844,17,"208010231",BAY NO7 RR772 POWDER WORKS BR.,,Mb.P.T. Structure,,E,,"529",MAZAGAON,113.71,,Mahesh Mohite,2020-05-09 18:01:36.360,A,,true,false,,,,,57,8,,,,0,true,,,,,,97,,,,,,,"20801528",false,,,false,false,7844,,,,,,,,,,false,
7845,17,"208010232",BAY NO8 RR772 POWDER WORKS BR.,,Mb.P.T. Structure,,E,,"529",MAZAGAON,123.75,,Mahesh Mohite,2020-05-09 18:01:36.360,A,,true,false,,,,,57,8,,,,0,true,,,,,,97,,,,,,,"20801529",false,,,false,false,7845,,,,,,,,,,false,
7846,17,"208010233",BAY NO9 0F RR7722 POWDER WORKS,,Mb.P.T. Structure,,E,,"529",MAZAGAON,110.37,,Mahesh Mohite,2020-05-09 18:01:36.360,A,,true,false,,,,,57,8,,,,0,true,,,,,,97,,,,,,,"20801530",false,,,false,false,7846,,,,,,,,,,false,
7847,17,"208010234",BAY NO10 RR772 POWDER WORKS BR,,Mb.P.T. Structure,,E,,"529",MAZAGAON,100.34,,Mahesh Mohite,2020-05-09 18:01:36.360,A,,true,false,,,,,57,8,,,,0,true,,,,,,97,,,,,,,"20801531",false,,,false,false,7847,,,,,,,,,,false,
7848,17,"208010235",BAY NO11 RR772 POWDER WORKS BR,,Mb.P.T. Structure,,E,,"529",MAZAGAON,100.34,,Mahesh Mohite,2020-05-09 18:01:36.360,A,,true,false,,,,,57,8,,,,0,true,,,,,,97,,,,,,,"20801532",false,,,false,false,7848,,,,,,,,,,false,
4926,60,"414130009","11",,,,G/N,MAHIM BUNDER, , ,60.00,,Mahesh Mohite,2020-03-03 16:20:30.300,A,,true,false,,,,,59,14,,,,0,true,,,"4",,,97,,,,,400001,8,"41413119",false,,,false,false,4926,,,,,,,,,,false,
7849,17,"208010236",BAY NO12 RR772 POWDER WORKS BR,,Mb.P.T. Structure,,E,,"529",MAZAGAON,100.34,,Mahesh Mohite,2020-05-09 18:01:36.360,A,,true,false,,,,,57,8,,,,0,true,,,,,,97,,,,,,,"20801533",false,,,false,false,7849,,,,,,,,,,false,
7850,17,"208010237",BAY NO13 RR72 POWDER WORKS BR.,,Mb.P.T. Structure,,E,,"529",MAZAGAON,96.99,,Mahesh Mohite,2020-05-09 18:01:36.360,A,,true,false,,,,,57,8,,,,0,true,,,,,,97,,,,,,,"20801534",false,,,false,false,7850,,,,,,,,,,false,
7851,17,"208010238",BAY NO14 RR772 POWDER WORKS BR,,Mb.P.T. Structure,,E,,"529",MAZAGAON,96.99,,Mahesh Mohite,2020-05-09 18:01:36.360,A,,true,false,,,,,57,8,,,,0,true,,,,,,97,,,,,,,"20801535",false,,,false,false,7851,,,,,,,,,,false,
7852,17,"208010239",BAY NO15 RR772 POWDER WORKS BR,,Mb.P.T. Structure,,E,,"529",MAZAGAON,96.99,,Mahesh Mohite,2020-05-09 18:01:36.360,A,,true,false,,,,,57,8,,,,0,true,,,,,,97,,,,,,,"20801536",false,,,false,false,7852,,,,,,,,,,false,
7816,17,"208010203","161",,Private Structure,,E,,"1/243",MAZAGAON,153.85,,Mahesh Mohite,2020-05-09 18:01:36.360,A,,true,false,,,,,57,8,,,,0,true,,,,,,97,,,,,,,"20801349",false,,,false,false,7816,,,,,,,,,,true,
7823,17,"208010210",COMPT 1&2,,Mb.P.T. Structure,,E,,"883",MAZAGAON,102.01,,Mahesh Mohite,2020-05-09 18:01:36.360,A,,true,false,,,,,57,8,,,,0,true,,,,,,97,,,,,,,"20801447",false,,,false,false,7823,,,,,,,,,,true,
7853,17,"208010240",BAY NO16 RR772 POWDER WORKS BR,,Mb.P.T. Structure,,E,,"529",MAZAGAON,93.65,,Mahesh Mohite,2020-05-09 18:01:36.360,A,,true,false,,,,,57,8,,,,0,true,,,,,,97,,,,,,,"20801537",false,,,false,false,7853,,,,,,,,,,false,
7854,17,"208010241",BAY NO17 RR772 POWDER WORKS BR,,Mb.P.T. Structure,,E,,"529",MAZAGAON,100.34,,Mahesh Mohite,2020-05-09 18:01:36.360,A,,true,false,,,,,57,8,,,,0,true,,,,,,97,,,,,,,"20801538",false,,,false,false,7854,,,,,,,,,,false,
7855,17,"208010242",BAY NO18 RR772 POWDER WORKS BR,,Mb.P.T. Structure,,E,,"529",MAZAGAON,100.34,,Mahesh Mohite,2020-05-09 18:01:36.360,A,,true,false,,,,,57,8,,,,0,true,,,,,,97,,,,,,,"20801539",false,,,false,false,7855,,,,,,,,,,false,
7856,17,"208010243",BAY NO19RR772 POWDER WORKS BR,,Mb.P.T. Structure,,E,,"529",MAZAGAON,100.34,,Mahesh Mohite,2020-05-09 18:01:36.360,A,,true,false,,,,,57,8,,,,0,true,,,,,,97,,,,,,,"20801540",false,,,false,false,7856,,,,,,,,,,false,
7857,17,"208010244",BAY NO20 RR772 POWDER WORKS BR,,Mb.P.T. Structure,,E,,"529",MAZAGAON,100.34,,Mahesh Mohite,2020-05-09 18:01:36.360,A,,true,false,,,,,57,8,,,,0,true,,,,,,97,,,,,,,"20801541",false,,,false,false,7857,,,,,,,,,,false,
7858,17,"208010245","BAY NO.21,OLD772 POWDER WORKS",,Mb.P.T. Structure,,E,,"529",MAZAGAON,127.09,,Mahesh Mohite,2020-05-09 18:01:36.360,A,,true,false,,,,,57,8,,,,0,true,,,,,,97,,,,,,,"20801542",false,,,false,false,7858,,,,,,,,,,false,
7859,17,"208010246",BAY NO22 RR772 POWDER WROKS BR,,Mb.P.T. Structure,,E,,"529",MAZAGAON,155.52,,Mahesh Mohite,2020-05-09 18:01:36.360,A,,true,false,,,,,57,8,,,,0,true,,,,,,97,,,,,,,"20801543",false,,,false,false,7859,,,,,,,,,,false,
5524,14,"206010062","93",,,,, MAZGAON TANK BUNDER,"632",MAZGAON,376.26,,Mahesh Mohite,2020-03-03 16:20:30.300,A,,true,false,,,,,57,6,do_CD_shreyas,,,0,true,,,,,,97,REAY ROAD,PLOT NO.91,PLOT NO.92,PLOT NO.94,400010,5,"20601235
",false,,,false,false,5524,,,,,,,,,,false,
7860,17,"208010247",BAY NO23 RR772 POWDER WORKS BR,,Mb.P.T. Structure,,E,,"529",MAZAGAON,128.21,,Mahesh Mohite,2020-05-09 18:01:36.360,A,,true,false,,,,,57,8,,,,0,true,,,,,,97,,,,,,,"20801544",false,,,false,false,7860,,,,,,,,,,false,
5525,14,"206010063","94",,,,, MAZGAON TANK BUNDER,"632",MAZGAON,1058.44,,Mahesh Mohite,2020-03-03 16:20:30.300,A,,true,false,,,,,57,6,do_CD_shreyas,,,0,true,,,,,,97,REAY ROAD,PT PASSAGE,PLOT NO.93 & 91 & 90,TANK BUNDER ROAD,400010,5,"20601236
",false,,,false,false,5525,,,,,,,,,,false,
5526,14,"206010064","95",,,,, MAZGAON TANK BUNDER,"4/630",MAZGAON,594.49,,Mahesh Mohite,2020-03-03 16:20:30.300,A,,true,false,,,,,57,6,do_CD_shreyas,,,0,true,,,,,,97,REAY ROAD,PLOT NO.96,TANK BUNDER ROAD,PLOT NO.108 FML ,400010,5,"20601237
",false,,,false,false,5526,,,,,,,,,,false,
7861,17,"208010248",BAY NO24 RR772 POWDER WORKS BR,,Mb.P.T. Structure,,E,,"529",MAZAGAON,128.21,,Mahesh Mohite,2020-05-09 18:01:36.360,A,,true,false,,,,,57,8,,,,0,true,,,,,,97,,,,,,,"20801545",false,,,false,false,7861,,,,,,,,,,false,
7862,17,"208010249",BAY NO 25 RR772 POWDER WORKS BR,,Mb.P.T. Structure,,E,,"529",MAZAGAON,128.21,,Mahesh Mohite,2020-05-09 18:01:36.360,A,,true,false,,,,,57,8,,,,0,true,,,,,,97,,,,,,,"20801546",false,,,false,false,7862,,,,,,,,,,false,
7863,17,"208010250",BAY NO26 RR772 POWDER WORKS BR,,Mb.P.T. Structure,,E,,"529",MAZAGAON,128.21,,Mahesh Mohite,2020-05-09 18:01:36.360,A,,true,false,,,,,57,8,,,,0,true,,,,,,97,,,,,,,"20801547",false,,,false,false,7863,,,,,,,,,,false,
5527,14,"206010065","96",,,,, MAZGAON TANK BUNDER,"630",MAZGAON,428.56,,Mahesh Mohite,2020-03-03 16:20:30.300,A,,true,false,,,,,57,6,do_CD_shreyas,,,0,true,,,,,,97,PLOT NO.95 FML,PLOT NO.97,TANK BUNDER ROAD,PLOT NO.107,400010,5,"20601238
",false,,,false,false,5527,,,,,,,,,,false,
5528,14,"206010066","97",,,,, MAZGAON TANK BUNDER,"630",MAZGAON,302.59,,Mahesh Mohite,2020-03-03 16:20:30.300,A,,true,false,,,,,57,6,do_CD_shreyas,,,0,true,,,,,,97,PLOT NO.96,PLOT NO.98 FML,TANK BUNDER ROAD,PLOT NO.107,400010,5,"20601239
",false,,,false,false,5528,,,,,,,,,,false,
5529,14,"206010067","98",,,,, MAZGAON TANK BUNDER,"630",MAZGAON,598.67,,Mahesh Mohite,2020-03-03 16:20:30.300,A,,true,false,,,,,57,6,do_CD_shreyas,,,0,true,,,,,,97,PLOT NO.97,PLOT NO.99,TANK BUNDER ROAD,PLOT NO.105 & 106,400010,5,"20601240
",false,,,false,false,5529,,,,,,,,,,false,
5530,14,"206010068","99",,,,, MAZGAON TANK BUNDER,"630",MAZGAON,257.25,,Mahesh Mohite,2020-03-03 16:20:30.300,A,,true,false,,,,,57,6,do_CD_shreyas,,,0,true,,,,,,97,PLOT NO.98,PLOT NO.100,TANK BUNDER ROAD,PLOT NO.105,400010,5,"20601241
",false,,,false,false,5530,,,,,,,,,,false,
5531,14,"206010069","101",,,,,MAZGAON TANK BUNDER,"630",MAZGAON,297.29,,Mahesh Mohite,2020-03-03 16:20:30.300,A,,true,false,,,,,57,6,do_CD_shreyas,,,0,true,,,,,,97,PLOT NO.100,PLOT NO.102,TANK BUNDER ROAD,PLOT NO.104 FML,400010,5,"20601243
",false,,,false,false,5531,,,,,,,,,,false,
5532,14,"206010070","104",,,,, MAZGAON TANK BUNDER,"630",MAZGAON,606.84,,Mahesh Mohite,2020-03-03 16:20:30.300,A,,true,false,,,,,57,6,do_CD_shreyas,,,0,true,,,,,,97,PLOT NO.105 ,PLOT NO.103,PLOT NO.101,ROAD,400010,5,"20601245
",true,,,false,false,5532,,,,,,,,,,false,
7864,17,"208010251",BAY NO27 RR772 POWDER WORKS BR,,Mb.P.T. Structure,,E,,"529",MAZAGAON,123.93,,Mahesh Mohite,2020-05-09 18:01:36.360,A,,true,false,,,,,57,8,,,,0,true,,,,,,97,,,,,,,"20801548",false,,,false,false,7864,,,,,,,,,,false,
7865,17,"208010252",BAY NO28 RR772 POWDER WORKS BR,,Mb.P.T. Structure,,E,,"529",MAZAGAON,123.93,,Mahesh Mohite,2020-05-09 18:01:36.360,A,,true,false,,,,,57,8,,,,0,true,,,,,,97,,,,,,,"20801549",false,,,false,false,7865,,,,,,,,,,false,
7866,17,"208010253",PASSAGE BET'N BAY NO 6&7 RR772,,Mb.P.T. Structure,,E,,"529",MAZAGAON,98.66,,Mahesh Mohite,2020-05-09 18:01:36.360,A,,true,false,,,,,57,8,,,,0,true,,,,,,97,,,,,,,"20801550",false,,,false,false,7866,,,,,,,,,,false,
7867,17,"208010254",GULLY BET.BAY7&8 OLD RR NO.772,,Mb.P.T. Structure,,E,,"529",MAZAGAON,36.42,,Mahesh Mohite,2020-05-09 18:01:36.360,A,,true,false,,,,,57,8,,,,0,true,,,,,,97,,,,,,,"20801601",false,,,false,false,7867,,,,,,,,,,false,
7868,17,"208010255",GULLY BET.BAY8&21 OF OLD RR772,,Mb.P.T. Structure,,E,,"529",MAZAGAON,40.60,,Mahesh Mohite,2020-05-09 18:01:36.360,A,,true,false,,,,,57,8,,,,0,true,,,,,,97,,,,,,,"20801602",false,,,false,false,7868,,,,,,,,,,false,
7869,17,"208010256",GULLY BET BAY 20&21 OF RR772,,Mb.P.T. Structure,,E,,"529",MAZAGAON,90.30,,Mahesh Mohite,2020-05-09 18:01:36.360,A,,true,false,,,,,57,8,,,,0,true,,,,,,97,,,,,,,"20801603",false,,,false,false,7869,,,,,,,,,,false,
7870,17,"208010257",GULLY BET BAY21&22 OF OLDRR772,,Mb.P.T. Structure,,E,,"529",MAZAGAON,40.60,,Mahesh Mohite,2020-05-09 18:01:36.360,A,,true,false,,,,,57,8,,,,0,true,,,,,,97,,,,,,,"20801604",false,,,false,false,7870,,,,,,,,,,false,
7871,17,"208010258",GULLY INFRONT OF BAY21&22RR772,,Mb.P.T. Structure,,E,,"1",MAZAGAON,28.89,,Mahesh Mohite,2020-05-09 18:01:36.360,A,,true,false,,,,,57,8,,,,0,true,,,,,,97,,,,,,,"20801605",false,,,false,false,7871,,,,,,,,,,false,
7872,17,"208010259",GULLY BET.BAY22&23 OF OLDRR772,,Mb.P.T. Structure,,E,,"529",MAZAGAON,97.83,,Mahesh Mohite,2020-05-09 18:01:36.360,A,,true,false,,,,,57,8,,,,0,true,,,,,,97,,,,,,,"20801606",false,,,false,false,7872,,,,,,,,,,false,
7873,17,"208010260",TRANSIT SHED EAST OF OLD RR772,,Mb.P.T. Structure,,E,,"883",MAZAGAON,1179.87,,Mahesh Mohite,2020-05-09 18:01:36.360,A,,true,false,,,,,57,8,,,,0,true,,,,,,97,,,,,,,"20801607",false,,,false,false,7873,,,,,,,,,,false,
7875,17,"208010262",SHED BELOW DOCKYARD FOOTBRIDGE,,Mb.P.T. Structure,,E,,"1",MAZAGAON,26.94,,Mahesh Mohite,2020-05-09 18:01:36.360,A,,true,false,,,,,57,8,,,,0,true,,,,,,97,,,,,,,"20801609",false,,,false,false,7875,,,,,,,,,,false,
7876,17,"208010263","331",,Open Plot,,E,,"1921",MAZAGAON,140.84,,Mahesh Mohite,2020-05-09 18:01:36.360,A,,true,false,,,,,57,8,,,,0,true,,,,,,97,,,,,,,"20801610",false,,,false,false,7876,,,,,,,,,,false,
7877,17,"208010264",OLD RR 1410,,Private Structure,,E,,"154/1",MAZAGAON,320.52,,Mahesh Mohite,2020-05-09 18:01:36.360,A,,true,false,,,,,57,8,,,,0,true,,,,,,97,,,,,,,"20801612",false,,,false,false,7877,,,,,,,,,,false,
7878,17,"208010265",OLD RR1856,,Private Structure,,E,,"136/1",MAZAGAON,321.07,,Mahesh Mohite,2020-05-09 18:01:36.360,A,,true,false,,,,,57,8,,,,0,true,,,,,,97,,,,,,,"20801613",false,,,false,false,7878,,,,,,,,,,false,
7879,17,"208010266",R R NO.1373,,Private Structure,,E,,"135/1",MAZAGAON,1150.42,,Mahesh Mohite,2020-05-09 18:01:36.360,A,,true,false,,,,,57,8,,,,0,true,,,,,,97,,,,,,,"20801615",false,,,false,false,7879,,,,,,,,,,false,
7874,17,"208010261",OLD RR 1703,,Private Structure,,E,,"1/178",MAZAGAON,741.46,,Mahesh Mohite,2020-05-09 18:01:36.360,A,,true,false,,,,,57,8,,,,0,true,,,,,,97,,,,,,,"20801608",false,,,false,false,7874,,,,,,,,,,false,
7880,17,"208010267",OLD R R 2054,,Private Structure,,E,,"1/159",MAZAGAON,883.04,,Mahesh Mohite,2020-05-09 18:01:36.360,A,,true,false,,,,,57,8,,,,0,true,,,,,,97,,,,,,,"20801618",false,,,false,false,7880,,,,,,,,,,false,
7881,17,"208010268","342",,Private Structure,,E,,"1/240",MAZAGAON,160.07,,Mahesh Mohite,2020-05-09 18:01:36.360,A,,true,false,,,,,57,8,,,,0,true,,,,,,97,,,,,,,"20801621",false,,,false,false,7881,,,,,,,,,,false,
7882,17,"208010269","344",,Private Structure,,E,,"1",MAZAGAON,223.71,,Mahesh Mohite,2020-05-09 18:01:36.360,A,,true,false,,,,,57,8,,,,0,true,,,,,,97,,,,,,,"20801623",false,,,false,false,7882,,,,,,,,,,false,
7883,17,"208010270","345",,Private Structure,,E,,"1",MAZAGAON,1380.26,,Mahesh Mohite,2020-05-09 18:01:36.360,A,,true,false,,,,,57,8,,,,0,true,,,,,,97,,,,,,,"20801624",false,,,false,false,7883,,,,,,,,,,false,
7884,17,"208010271","349",,Private Structure,,E,,"1",MAZAGAON,64.66,,Mahesh Mohite,2020-05-09 18:01:36.360,A,,true,false,,,,,57,8,,,,0,true,,,,,,97,,,,,,,"20801630",false,,,false,false,7884,,,,,,,,,,false,
7885,17,"208010272","350",,Private Structure,,E,,"1",MAZAGAON,19.32,,Mahesh Mohite,2020-05-09 18:01:36.360,A,,true,false,,,,,57,8,,,,0,true,,,,,,97,,,,,,,"20801631",false,,,false,false,7885,,,,,,,,,,false,
5533,14,"206010071","105",,,,,MAZGAON TANK BUNDER,"630",MAZGAON,860.56,,Mahesh Mohite,2020-03-03 16:20:30.300,A,,true,false,,,,,57,6,do_CD_shreyas,,,0,true,,,,,,97,PLOT NO.106,PLOT NO.104 FML,PLOT NO.98 & 99 & 100,ROAD,400010,5,"20601246
",true,,,false,false,5533,,,,,,,,,,false,
5534,14,"206010072","106",,,,, MAZGAON TANK BUNDER,"630",MAZGAON,288.93,,Mahesh Mohite,2020-03-03 16:20:30.300,A,,true,false,,,,,57,6,do_CD_shreyas,,,0,true,,,,,,97,PLOT NO.107,PLOT NO.105,PLOT NO.98,ROAD,400010,5,"20601247
",false,,,false,false,5534,,,,,,,,,,false,
5535,14,"206010073","107",,,,, MAZGAON TANK BUNDER,"630",MAZGAON,920.67,,Mahesh Mohite,2020-03-03 16:20:30.300,A,,true,false,,,,,57,6,do_CD_shreyas,,,0,true,,,,,,97,PLOT NO.108 FML,PLOT NO.106,PLOT NO.96 & 97,ROAD,400010,5,"20601248
",false,,,false,false,5535,,,,,,,,,,false,
5536,14,"206010074","108",,,,,MAZGAON TANK BUNDER,"630",MAZGAON,603.87,,Mahesh Mohite,2020-03-03 16:20:30.300,A,,true,false,,,,,57,6,do_CD_shreyas,,,0,true,,,,,,97,REAY ROAD,PLOT NO.107,PLOT NO.95 FML,ROAD,400010,5,"20601249
",true,,,false,false,5536,,,,,,,,,,false,
5537,14,"206010075","109",,,,,MAZGAON TANK BUNDER,"630",MAZGAON,392.61,,Mahesh Mohite,2020-03-03 16:20:30.300,A,,true,false,,,,,57,6,do_CD_shreyas,,,0,true,,,,,,97,PLOT NO.110,PLOT NO.103,ROAD,PLOT NO.117 FML,400010,5,"20601250
",false,,,false,false,5537,,,,,,,,,,false,
5538,14,"206010076","110",,,,, MAZGAON TANK BUNDER,"630",MAZGAON,896.79,,Mahesh Mohite,2020-03-03 16:20:30.300,A,,true,false,,,,,57,6,do_CD_shreyas,,,0,true,,,,,,97,PLOT NO.111,PLOT NO.109,ROAD,PLOT NO.116,400010,5,"20601301
",true,,,false,false,5538,,,,,,,,,,false,
5539,14,"206010077","111",,,,, MAZGAON TANK BUNDER,"630",MAZGAON,954.21,,Mahesh Mohite,2020-03-03 16:20:30.300,A,,true,false,,,,,57,6,do_CD_shreyas,,,0,true,,,,,,97,PLOT NO.112,PLOT NO.110,ROAD,PLOT NO.114 FML ,400010,5,"20601302
",true,,,false,false,5539,,,,,,,,,,false,
5540,14,"206010078","114",,,,, MAZGAON TANK BUNDER,"630",MAZGAON,673.92,,Mahesh Mohite,2020-03-03 16:20:30.300,A,,true,false,,,,,57,6,do_CD_shreyas,,,0,true,,,,,,97,PLOT NO.113,PLOT NO.116,PLOT NO.111,ROAD,400010,5,"20601304
",true,,,false,false,5540,,,,,,,,,,false,
7544,11,"205010020",RR NO 1598,,Private Structure,,F/S,,"289/145",PAREL-SEWERI,47975.55,,Mahesh Mohite,2020-05-09 18:01:36.360,A,,true,false,,,,,57,5,,,,0,true,,,,,,97,,,,,,,"20501112",false,,,false,false,7544,,,,,,,,,,false,
7546,11,"205010022",SITE-E,,Private Structure,,F/S,,"289/145",PAREL-SEWERI,14332.43,,Mahesh Mohite,2020-05-09 18:01:36.360,A,,true,false,,,,,57,5,,,,0,true,,,,,,97,,,,,,,"20501117",false,,,false,false,7546,,,,,,,,,,false,
4899,21,"310010197",STABLE NO4 CLIVE RD,,,,B,ELPHINSTON (WEST),#N/A,#N/A,19.12,,Mahesh Mohite,2020-03-03 16:20:30.300,A,,true,false,,,,,58,10,,,,0,true,,,"4",,,97,,,,,400009,2,"31001610",false,,,false,false,4899,,,,,,,,,,false,
5546,14,"206010084","122",,,,,MAZGAON TANK BUNDER,"630",MAZGAON,265.24,,Mahesh Mohite,2020-03-03 16:20:30.300,A,,true,false,,,,,57,6,do_CD_shreyas,,,0,true,,,,,,97,REAY ROAD,PLOT NO.121 FML,ROAD,PLOT NO.123,400010,5,"20601313
",false,,,false,false,5546,,,,,,,,,,false,
7552,11,"205010028",OLD RR NO 1794,,Private Structure,,F/S,,"325/145",PAREL-SEWERI,8210.21,,Mahesh Mohite,2020-05-09 18:01:36.360,A,,true,false,,,,,57,5,,,,0,true,,,,,,97,,,,,,,"20501123",false,,,false,false,7552,,,,,,,,,,false,
7553,11,"205010029",RR NO 1625,,Private Structure,,F/S,,"325/145",PAREL-SEWERI,39.95,,Mahesh Mohite,2020-05-09 18:01:36.360,A,,true,false,,,,,57,5,,,,0,true,,,,,,97,,,,,,,"20501125",false,,,false,false,7553,,,,,,,,,,false,
7554,11,"205010030",OLD RR. NO. 1820,,Private Structure,,F/S,,"145",PAREL-SEWERI,153.48,,Mahesh Mohite,2020-05-09 18:01:36.360,A,,true,false,,,,,57,5,,,,0,true,,,,,,97,,,,,,,"20501126",false,,,false,false,7554,,,,,,,,,,false,
7886,17,"208010273","351",,Private Structure,,E,,"1",MAZAGAON,575.63,,Mahesh Mohite,2020-05-09 18:01:36.360,A,,true,false,,,,,57,8,,,,0,true,,,,,,97,,,,,,,"20801632",false,,,false,false,7886,,,,,,,,,,false,
3057,1,"101010015",LEASE OF PORTION INCINERATOR,,,,F/S,WADALA,"358",DADAR-NAIGAON,1736.00,,Mahesh Mohite,2020-03-03 16:20:30.300,A,,true,false,,,,,56,1,,,,0,true,,,"4",,,97,,,,,400035,7,"10101204",false,,,false,false,3057,,,,,,,,,,false,
4507,21,"310010125",MT PLOT NO.70,,,,B,ELPHINSTON (WEST),"9",PRINCESS DOCK,126.71,,Mahesh Mohite,2020-03-03 16:20:30.300,A,,true,false,,,,,58,10,,,,0,true,,,"4",,,97,,,,,400009,2,"31001334",false,,,false,false,4507,,,,,,,,,,false,
7887,17,"208010274","352",,Private Structure,,E,,"897",MAZAGAON,184.04,,Mahesh Mohite,2020-05-09 18:01:36.360,A,,true,false,,,,,57,8,,,,0,true,,,,,,97,,,,,,,"20801633",false,,,false,false,7887,,,,,,,,,,false,
3097,3,"101030001","P.T.LAND S.N.86(1&2),87(1,2)",,,,M,MAHUL VILLAGE,,,31363.14,,Mahesh Mohite,2020-03-03 16:20:30.300,A,,true,false,,,,,56,1,,,,0,true,,,"4",,,97,,,,,400074,9,"10103125",false,,,false,false,3097,,,,,,,,,,false,
3100,4,"101040002",,,,,M,PIR PAU PIER, , ,25979.78,,Mahesh Mohite,2020-03-03 16:20:30.300,A,,true,false,,,,,56,1,,,,0,true,,,"4",,,97,,,,,400074,9,"10104101",false,,,false,false,3100,,,,,,,,,,false,
7888,17,"208010275","353",,Private Structure,,E,,"897",MAZAGAON,193.89,,Mahesh Mohite,2020-05-09 18:01:36.360,A,,true,false,,,,,57,8,,,,0,true,,,,,,97,,,,,,,"20801634",false,,,false,false,7888,,,,,,,,,,false,
4928,60,"414130010","16",,,,G/N,MAHIM BUNDER, , ,55.74,,Mahesh Mohite,2020-03-03 16:20:30.300,A,,true,false,,,,,59,14,,,,0,true,,,"4",,,97,,,,,400001,8,"41413121",false,,,false,false,4928,,,,,,,,,,false,
3140,5,"101050036",Petroleum Godown (Sewri),,,,F/S,SEWREE (EAST),"358(PT)",DADAR-NAIGAON,917.87,,Mahesh Mohite,2020-03-03 16:20:30.300,A,,true,false,,,,,56,1,,,,0,true,,,"4",,,97,,,,,400015,7,"10105137,
10105138,
10105139,
10105140,
10105141,
10105142",false,,,false,false,3140,,,,,,,,,,false,
5548,14,"206010086","125",,,,,MAZGAON TANK BUNDER,"862",MAZGAON,382.48,,Mahesh Mohite,2020-03-03 16:20:30.300,A,,true,false,,,,,57,6,do_CD_shreyas,,,0,true,,,,,,97,PT PASSAGE,REAY ROAD,RR NO.2005,STATION,400010,5,"20601316
",false,,,false,false,5548,,,,,,,,,,false,
7545,11,"205010021",OLD RR NO 1692,,Private Structure,,F/S,,"288/145",PAREL-SEWERI,12529.45,,Mahesh Mohite,2020-05-09 18:01:36.360,A,,true,false,,,,,57,5,,,,0,true,,,,,,97,,,,,,,"20501113",false,,,false,false,7545,,,,,,,,,,true,
7562,11,"205010038",RR NO 1998,,Private Structure,,F/S,,"314/145",PAREL-SEWERI,3839.97,,Mahesh Mohite,2020-05-09 18:01:36.360,A,,true,false,,,,,57,5,,,,0,true,,,,,,97,,,,,,,"20501137",false,,,false,false,7562,,,,,,,,,,false,
3201,7,"102020017",Old RR 1002 & 1614,,,,E,FRERE LAND,"671/2A",MAZAGAON,2833.43,,Mahesh Mohite,2020-03-03 16:20:30.300,A,,true,false,,,,,56,2,,,,0,true,,,"4",,,97,,,,,400033,5,"10202110,
10202111,
10202112,
10202113,
10202115,
10202116,",false,,,false,false,3201,,,,,,,,,,false,
7557,11,"205010033",RR NO 1975,,Private Structure,,F/S,,"312/145",PAREL-SEWERI,1672.25,,Mahesh Mohite,2020-05-09 18:01:36.360,A,,true,false,,,,,57,5,,,,0,true,,,,,,97,,,,,,,"20501129",false,,,false,false,7557,,,,,,,,,,false,
3205,7,"102020021",Old RR 941,,,,F/S,FRERE LAND,"147",PAREL-SEWERI,2515.02,,Mahesh Mohite,2020-03-03 16:20:30.300,A,,true,false,,,,,56,2,,,,0,true,,,"4",,,97,,,,,400033,7,"10202203,
10202204,
10202205,
10202206,
10202207,
10202220,
10202221,",false,,,false,false,3205,,,,,,,,,,false,
3222,7,"102020038",RR896,,,,F/S,FRERE LAND,"1/147",PAREL-SEWERI,1717.71,,Mahesh Mohite,2020-03-03 16:20:30.300,A,,true,false,,,,,56,2,,,,0,true,,,"4",,,97,,,,,400033,7,"10202133,
10202134,
10202135,
10202136,
10202137,
10202138,
10202139,
10202140,
10202141,
10202142,
10202143,
10202144,
10202145,
10202146,
10202147,
10202148,
10202149",false,,,false,false,3222,,,,,,,,,,false,
5545,14,"206010083","121",,,,, MAZGAON TANK BUNDER,"3/630",MAZGAON,411.37,,Mahesh Mohite,2020-03-03 16:20:30.300,A,,true,false,,,,,57,6,do_CD_shreyas,,,0,true,,,,,,97,PLOT NO.122 & 123,PLOT NO.120,ROAD,ROAD,400010,5,"20601312
",false,,,false,false,5545,,,,,,,,,,true,
4927,51,"414040004","13",,,,A,JAMSHEDJI BUNDER,"132",COLABA,93.27,,Mahesh Mohite,2020-03-03 16:20:30.300,A,,true,false,,,,,59,14,,,,0,true,,,"4",,,97,,,,,400001,1,"41404102",false,,,false,false,4927,,,,,,,,,,true,
5547,14,"206010085","124",,,,,MAZGAON TANK BUNDER,"533",MAZGAON,734.58,,Mahesh Mohite,2020-03-03 16:20:30.300,A,,true,false,,,,,57,6,do_CD_shreyas,,,0,true,,,,,,97,ROAD,B.P.T BOUNDARY,ROAD,PT PASSAGE,400010,5,"20601315
",true,,,false,false,5547,,,,,,,,,,true,
3268,9,"103010021",GDN 10-19 & GDN 22 & 26,,,,F/S,MAZGAON SEWREE RECLAMATION (COTTON DEPOT),"127/145",PAREL-SEWERI,5678.01,,Mahesh Mohite,2020-03-03 16:20:30.300,A,,true,false,,,,,56,3,,,,0,true,,,"4",,,97,,,,,400033,7,"10301112,
10301113,
10301114,
10301115,
10301116,
10301117,
10301118,
10301119,
10301120,
10301121,
10301124,
10301128,",false,,,false,false,3268,,,,,,,,,,false,
3269,9,"103010022",GDN 1-9 & GDN 30-34,,,,F/S,MAZGAON SEWREE RECLAMATION (COTTON DEPOT),"118/145",PAREL-SEWERI,4271.38,,Mahesh Mohite,2020-03-03 16:20:30.300,A,,true,false,,,,,56,3,,,,0,true,,,"4",,,97,,,,,400033,7,"10301103,
10301104,
10301105,
10301106,
10301107,
10301108,
10301109,
10301110,
10301111,
10301132,
10301133,
10301134,
10301136,
10301432",false,,,false,false,3269,,,,,,,,,,false,
3270,9,"103010023",GDN 20-30 ,,,,F/S,MAZGAON SEWREE RECLAMATION (COTTON DEPOT),#N/A,#N/A,5883.69,,Mahesh Mohite,2020-03-03 16:20:30.300,A,,true,false,,,,,56,3,,,,0,true,,,"4",,,97,,,,,400033,7,"10301122,
10301123,
10301125,
10301126,
10301127,
10301129,
10301130,
10301131,",false,,,false,false,3270,,,,,,,,,,false,
3271,9,"103010024",GDN 31-40,,,,F/S,MAZGAON SEWREE RECLAMATION (COTTON DEPOT),#N/A,#N/A,5469.55,,Mahesh Mohite,2020-03-03 16:20:30.300,A,,true,false,,,,,56,3,,,,0,true,,,"4",,,97,,,,,400033,7,"10301135,
10301137,
10301138,
10301139,
10301140,
10301141,
10301142,
10301143,
10301144,",false,,,false,false,3271,,,,,,,,,,false,
3272,9,"103010025",GDN E-43-E-53,,,,F/S,MAZGAON SEWREE RECLAMATION (COTTON DEPOT),"160/145",PAREL-SEWERI,5443.02,,Mahesh Mohite,2020-03-03 16:20:30.300,A,,true,false,,,,,56,3,,,,0,true,,,"4",,,97,,,,,400033,7,"10301145,
10301146,
10301147,
10301148,
10301149,
10301150,
10301201
10301202
10301203
10301204
10301205",false,,,false,false,3272,,,,,,,,,,false,
3055,1,"101010013",Flour Mill (Tejas Nagar),,,,F/N,WADALA,"358",DADAR-NAIGAON,57.09,,Mahesh Mohite,2020-03-03 16:20:30.300,A,,true,false,,,,,56,1,,,,0,true,,,"4",,,97,,,,,400035,6,"10101244,10101224,10101228",false,,,false,false,3055,,,,,,,,,,false,
3092,1,"101010045",Shops        (Hospital),,,,F/S,WADALA,"9/358",DADAR-NAIGAON,33.44,,Mahesh Mohite,2020-03-03 16:20:30.300,A,,true,false,,,,,56,1,,,,0,true,,,"4",,,97,,,,,400035,7,"10101239,10101240",false,,,false,false,3092,,,,,,,,,,false,
3273,9,"103010026",GDN E-54-E-64 & MT,,,,F/S,MAZGAON SEWREE RECLAMATION (COTTON DEPOT),"174/145",PAREL-SEWERI,5052.55,,Mahesh Mohite,2020-03-03 16:20:30.300,A,,true,false,,,,,56,3,,,,0,true,,,"4",,,97,,,,,400033,7,"10301208,
10301210,
10301211,
10301212,
10301213,
10301214,
10301215,
10301216,",false,,,false,false,3273,,,,,,,,,,false,
3274,9,"103010027",GDN E-65-E-75,,,,F/S,MAZGAON SEWREE RECLAMATION (COTTON DEPOT),"183/145",PAREL-SEWERI,5038.85,,Mahesh Mohite,2020-03-03 16:20:30.300,A,,true,false,,,,,56,3,,,,0,true,,,"4",,,97,,,,,400033,7,"10301217,
10301218,
10301219,
10301220,
10301221,
10301222,
10301223,
10301224,
10301225,
10301226,
10301227,",false,,,false,false,3274,,,,,,,,,,false,
3275,9,"103010028",GDN E-76-E-86,,,,F/S,MAZGAON SEWREE RECLAMATION (COTTON DEPOT),"194/145",PAREL-SEWERI,5096.41,,Mahesh Mohite,2020-03-03 16:20:30.300,A,,true,false,,,,,56,3,,,,0,true,,,"4",,,97,,,,,400033,7,"10301228,
10301229,
10301230,
10301231,
10301232,
10301233,
10301234,
10301235,
10301236,
10301237,
10301238,",false,,,false,false,3275,,,,,,,,,,false,
3276,9,"103010029",GDN H-107-H-116,,,,E,MAZGAON SEWREE RECLAMATION (COTTON DEPOT),"1/113",MAZAGAON,5198.11,,Mahesh Mohite,2020-03-03 16:20:30.300,A,,true,false,,,,,56,3,,,,0,true,,,"4",,,97,,,,,400033,5,"10301309,
10301310,
10301311,
10301312,
10301313,
10301314,
10301315,
10301316,
10301318,
10301695,
10301696,
10301697,
10301698,
10301699,
10301701,
10301702,
10301703,
10301704,
10301705,
10301706,
10301707,
10301708,
10301709,
10301710,
10301711,
10301693,
10301694,",false,,,false,false,3276,,,,,,,,,,false,
3277,9,"103010030",GDN H-117-H-125,,,,E,MAZGAON SEWREE RECLAMATION (COTTON DEPOT),"1/123",MAZAGAON,5731.27,,Mahesh Mohite,2020-03-03 16:20:30.300,A,,true,false,,,,,56,3,,,,0,true,,,"4",,,97,,,,,400033,5,"10301319,
10301320,
10301321,
10301322,
10301323,
10301324,
10301325,
10301326,
10301718,
10301719,
10301722,
10301723,
10301730,
10301731,",false,,,false,false,3277,,,,,,,,,,false,
7567,11,"205010043",PLOT NO.7,,Private Structure,,F/S,,"276/145",PAREL-SEWERI,365.76,,Mahesh Mohite,2020-05-09 18:01:36.360,A,,true,false,,,,,57,5,,,,0,true,,,,,,97,,,,,,,"20501148",false,,,false,false,7567,,,,,,,,,,false,
7568,11,"205010044","7A",,Private Structure,,F/S,,"145",PAREL-SEWERI,35.30,,Mahesh Mohite,2020-05-09 18:01:36.360,A,,true,false,,,,,57,5,,,,0,true,,,,,,97,,,,,,,"20501149",false,,,false,false,7568,,,,,,,,,,false,
7570,11,"205010046",PLOT AT HAJI BUNDER MSR ESTATE,,Private Structure,,F/S,,"361/145",PAREL-SEWERI,7464.71,,Mahesh Mohite,2020-05-09 18:01:36.360,A,,true,false,,,,,57,5,,,,0,true,,,,,,97,,,,,,,"20501224",false,,,false,false,7570,,,,,,,,,,false,
3278,9,"103010031",GDN H-87-H-96,,,,E,MAZGAON SEWREE RECLAMATION (COTTON DEPOT),#N/A,#N/A,5185.79,,Mahesh Mohite,2020-03-03 16:20:30.300,A,,true,false,,,,,56,3,,,,0,true,,,"4",,,97,,,,,400033,5,"10301239,
10301240,
10301241,
10301242,
10301243,
10301244,
10301245,
10301246,
10301247,
10301248,
10301653,
10301654,
10301657,
10301658,
10301661,
10301662,
10301651,
10301652,
10301655,
10301656,
10301659,
10301660,

",false,,,false,false,3278,,,,,,,,,,false,
3279,9,"103010032",GDN H-97-H-106,,,,E,MAZGAON SEWREE RECLAMATION (COTTON DEPOT),"103/1",MAZAGAON,4865.75,,Mahesh Mohite,2020-03-03 16:20:30.300,A,,true,false,,,,,56,3,,,,0,true,,,"4",,,97,,,,,400033,5,"10301249,
10301250,
10301301,
10301302,
10301303,
10301304,
10301305,
10301306,
10301307,
10301308,
10301673,
10301674,
10301675,
10301676,
10301685,
10301686,
10301687,
10301688,
10301683,
10301684,
10301689,
10301690,",false,,,false,false,3279,,,,,,,,,,false,
3198,6,"102010033","GWND OFFICE AT KALA CHOWKEY, SEWREE",,,,F/S,FRERE LAND,"1/147",PAREL-SEWERI,330.18,,Mahesh Mohite,2020-03-03 16:20:30.300,A,,true,false,,,,,56,2,,,,0,true,,,"4",,,97,,,,,400033,7,"10201136",false,,,false,false,3198,,,,,,,,,,true,
7558,11,"205010034",RR NO 1724,,Private Structure,,F/S,,"384/145",PAREL-SEWERI,9485.87,,Mahesh Mohite,2020-05-09 18:01:36.360,A,,true,false,,,,,57,5,,,,0,true,,,,,,97,,,,,,,"20501130",false,,,false,false,7558,,,,,,,,,,true,
7559,11,"205010035",RR NO 1647,,Private Structure,,F/S,,"329/145",PAREL-SEWERI,15872.21,,Mahesh Mohite,2020-05-09 18:01:36.360,A,,true,false,,,,,57,5,,,,0,true,,,,,,97,,,,,,,"20501131",false,,,false,false,7559,,,,,,,,,,true,
7560,11,"205010036",RR NO 1581,,Private Structure,,F/S,,"315/145",PAREL-SEWERI,17582.26,,Mahesh Mohite,2020-05-09 18:01:36.360,A,,true,false,,,,,57,5,,,,0,true,,,,,,97,,,,,,,"20501132",false,,,false,false,7560,,,,,,,,,,true,
7561,11,"205010037",RR NO 1540(ADDL LAND),,Private Structure,,F/S,,"145",PAREL-SEWERI,12425.04,,Mahesh Mohite,2020-05-09 18:01:36.360,A,,true,false,,,,,57,5,,,,0,true,,,,,,97,,,,,,,"20501136",false,,,false,false,7561,,,,,,,,,,true,
7563,11,"205010039",OLD RR NO 1547,,Private Structure,,F/S,,"309/145",PAREL-SEWERI,55.74,,Mahesh Mohite,2020-05-09 18:01:36.360,A,,true,false,,,,,57,5,,,,0,true,,,,,,97,,,,,,,"20501138",false,,,false,false,7563,,,,,,,,,,true,
7564,11,"205010040",OLD RR NO 1594,,Private Structure,,F/S,,"341/145",PAREL-SEWERI,5800.96,,Mahesh Mohite,2020-05-09 18:01:36.360,A,,true,false,,,,,57,5,,,,0,true,,,,,,97,,,,,,,"20501139",false,,,false,false,7564,,,,,,,,,,true,
7571,11,"205010047",RR NO. 1836 & 1743,,Open Plot,,F/S,,"270/145",PAREL-SEWERI,6959.83,,Mahesh Mohite,2020-05-09 18:01:36.360,A,,true,false,,,,,57,5,,,,0,true,,,,,,97,,,,,,,"20501225",false,,,false,false,7571,,,,,,,,,,true,
7569,11,"205010045",ADDL LAND TO N OF OLD RR 1692,,Private Structure,,F/S,,"288/145",PAREL-SEWERI,2173.38,,Mahesh Mohite,2020-05-09 18:01:36.360,A,,true,false,,,,,57,5,,,,0,true,,,,,,97,,,,,,,"20501218",false,,,false,false,7569,,,,,,,,,,true,
8196,19,"309010120",OLD R.R.NO.1533, , , ,A WARD , ,,FORT,321.91,,Mahesh Mohite,2020-07-15 12:13:57.570,A,,true,false, ,,,,58,9,nihar, , ,0,true, , , ,,,97, , , , ,,,"30901118",false,,,false,false,8196,,,,,,,,,,false,
3284,9,"103010037",GDN L-155-L-160,,,,F/S,MAZGAON SEWREE RECLAMATION (COTTON DEPOT),"232/145",PAREL-SEWERI,3768.53,,Mahesh Mohite,2020-03-03 16:20:30.300,A,,true,false,,,,,56,3,,,,0,true,,,"4",,,97,,,,,400033,7,"10301406,
10301407,
10301408,
10301409,
10301410,
10301411",false,,,false,false,3284,,,,,,,,,,false,
3280,9,"103010033",GDN J-127-J-133,,,,F/S,MAZGAON SEWREE RECLAMATION (COTTON DEPOT),#N/A,#N/A,4516.27,,Mahesh Mohite,2020-03-03 16:20:30.300,A,,true,false,,,,,56,3,,,,0,true,,,"4",,,97,,,,,400033,7,"10301327,
10301328,
10301329,
10301330,
10301331,
10301332,
10301333,
10301736,
10301737,
10301738,
10301739,
10301742,
10301743,
10301740,
10301741,
10301732,
10301733,
10301785,
10301786,
10301744,
10301745,",false,,,false,false,3280,,,,,,,,,,false,
3281,9,"103010034",GDN J-134-J-140,,,,F/S,MAZGAON SEWREE RECLAMATION (COTTON DEPOT),"211/145",PAREL-SEWERI,4161.09,,Mahesh Mohite,2020-03-03 16:20:30.300,A,,true,false,,,,,56,3,,,,0,true,,,"4",,,97,,,,,400033,7,"10301334,
10301335,
10301336,
10301337,
10301338,
10301339,
10301340,
10301750,
10301751,
10301752,
10301753,
10301754,
10301755,
10301756,
10301757,",false,,,false,false,3281,,,,,,,,,,false,
3282,9,"103010035",GDN J-141-J-147,,,,F/S,MAZGAON SEWREE RECLAMATION (COTTON DEPOT),"218/145",PAREL-SEWERI,4204.62,,Mahesh Mohite,2020-03-03 16:20:30.300,A,,true,false,,,,,56,3,,,,0,true,,,"4",,,97,,,,,400033,7,"10301341,
10301342,
10301343,
10301344,
10301345,
10301346,
10301347,
10301766,
10301767,
10301768,
10301769,
10301764,
10301765,
10301772,
10301773,",false,,,false,false,3282,,,,,,,,,,false,
3283,9,"103010036",GDN J-148-J-154,,,,F/S,MAZGAON SEWREE RECLAMATION (COTTON DEPOT),#N/A,#N/A,5281.26,,Mahesh Mohite,2020-03-03 16:20:30.300,A,,true,false,,,,,56,3,,,,0,true,,,"4",,,97,,,,,400033,7,"10301348,
10301349,
10301350,
10301401,
10301402,
10301403,
10301404,
10301774,
10301775,
10301776,
10301777,
10301778,
10301779,
10301783,",false,,,false,false,3283,,,,,,,,,,false,
3285,9,"103010038",GDN L-161-L-166,,,,F/S,MAZGAON SEWREE RECLAMATION (COTTON DEPOT),"238/145",PAREL-SEWERI,3520.80,,Mahesh Mohite,2020-03-03 16:20:30.300,A,,true,false,,,,,56,3,,,,0,true,,,"4",,,97,,,,,400033,7,"10301412,
10301413,
10301414,
10301415,
10301416,",false,,,false,false,3285,,,,,,,,,,false,
3286,9,"103010039",GDN L-167-L-172,,,,F/S,MAZGAON SEWREE RECLAMATION (COTTON DEPOT),"244/145",PAREL-SEWERI,3400.57,,Mahesh Mohite,2020-03-03 16:20:30.300,A,,true,false,,,,,56,3,,,,0,true,,,"4",,,97,,,,,400033,7,"10301418,
10301419,
10301420,
10301421,
10301422,
10301423,",false,,,false,false,3286,,,,,,,,,,false,
3287,9,"103010040",GDN L-173-L-178,,,,F/S,MAZGAON SEWREE RECLAMATION (COTTON DEPOT),"250/145",PAREL-SEWERI,3069.24,,Mahesh Mohite,2020-03-03 16:20:30.300,A,,true,false,,,,,56,3,,,,0,true,,,"4",,,97,,,,,400033,7,"10301424,
10301425,
10301426,
10301427,
10301428,
10301429",false,,,false,false,3287,,,,,,,,,,false,
7890,17,"208010277",LEASE  OF PLOT 356,,Private Structure,, ,, , ,20608.78,,Mahesh Mohite,2020-05-09 18:01:36.360,A,,true,false,,,,,57,8,,,,0,true,,,,,,97,,,,,,,"20801637",false,,,false,false,7890,,,,,,,,,,false,
7891,17,"208010278",LEASE OF PLOT 357,,Private Structure,, ,, , ,9125.05,,Mahesh Mohite,2020-05-09 18:01:36.360,A,,true,false,,,,,57,8,,,,0,true,,,,,,97,,,,,,,"20801638",false,,,false,false,7891,,,,,,,,,,false,
7892,17,"208010279","343",,Private Structure,,E,,"1",MAZAGAON,141.12,,Mahesh Mohite,2020-05-09 18:01:36.360,A,,true,false,,,,,57,8,,,,0,true,,,,,,97,,,,,,,"20801639",false,,,false,false,7892,,,,,,,,,,false,
7893,17,"208010280","355",,Private Structure,, ,, , ,6240.14,,Mahesh Mohite,2020-05-09 18:01:36.360,A,,true,false,,,,,57,8,,,,0,true,,,,,,97,,,,,,,"20801640",false,,,false,false,7893,,,,,,,,,,false,
3557,10,"104010190",OLD RR 1769(SHED J.K.N.O.),,,,F/S,MAZGAON SEWREE RECLAMATION (GRAIN & COTTON DEPOT),#N/A,#N/A,3754.85,,Mahesh Mohite,2020-03-03 16:20:30.300,A,,true,false,,,,,56,4,,,,0,true,,,"4",,,97,,,,,400015,7,"10401146",false,,,false,false,3557,,,,,,,,,,false,
3559,10,"104010192",P.T.BLDG.NO.III,,,,F/S,MAZGAON SEWREE RECLAMATION (GRAIN & COTTON DEPOT),"145",PAREL-SEWERI,27.96,,Mahesh Mohite,2020-03-03 16:20:30.300,A,,true,false,,,,,56,4,,,,0,true,,,"4",,,97,,,,,400015,7,"10401102",false,,,false,false,3559,,,,,,,,,,false,
7894,17,"208010281",OLD Y T 244,,Private Structure,,E,,"173",MAZAGAON,142.98,,Mahesh Mohite,2020-05-09 18:01:36.360,A,,true,false,,,,,57,8,,,,0,true,,,,,,97,,,,,,,"20801641",false,,,false,false,7894,,,,,,,,,,false,
3583,10,"104010216",SHED A,,,,F/S,MAZGAON SEWREE RECLAMATION (GRAIN & COTTON DEPOT),#N/A,#N/A,10660.61,,Mahesh Mohite,2020-03-03 16:20:30.300,A,,true,false,,,,,56,4,,,,0,true,,,"4",,,97,,,,,400015,7,"10401106, 
10401107, 
10401108, 
10401109, ",false,,,false,false,3583,,,,,,,,,,false,
3584,10,"104010217",SHED B,,,,F/S,MAZGAON SEWREE RECLAMATION (GRAIN & COTTON DEPOT),#N/A,#N/A,10219.33,,Mahesh Mohite,2020-03-03 16:20:30.300,A,,true,false,,,,,56,4,,,,0,true,,,"4",,,97,,,,,400015,7,"10401113",false,,,false,false,3584,,,,,,,,,,false,
7929,42,"413080060","34/B",,Private Structure,,F/S,,"438/145",PAREL-SEWERI,875.52,,Mahesh Mohite,2020-05-09 18:01:36.360,A,,true,false,,,,,59,13,,,,0,true,,,,,,97,,,,,,,"41308135",false,,,false,false,7929,,,,,,,,,,false,
3585,10,"104010218",SHED C ,,,,F/S,MAZGAON SEWREE RECLAMATION (GRAIN & COTTON DEPOT),#N/A,#N/A,5899.42,,Mahesh Mohite,2020-03-03 16:20:30.300,A,,true,false,,,,,56,4,,,,0,true,,,"4",,,97,,,,,400015,7,"10401115,
10401116,
10401117",false,,,false,false,3585,,,,,,,,,,false,
3586,10,"104010219",SHED E,,,,E,MAZGAON SEWREE RECLAMATION (GRAIN & COTTON DEPOT),"1",MAZAGAON,11865.93,,Mahesh Mohite,2020-03-03 16:20:30.300,A,,true,false,,,,,56,4,,,,0,true,,,"4",,,97,,,,,400015,5,"10401129, 
10401130,
10401131,
10401132",false,,,false,false,3586,,,,,,,,,,false,
3587,10,"104010220",SHED F,,,,F/S,MAZGAON SEWREE RECLAMATION (GRAIN & COTTON DEPOT),"257A/145",PAREL-SEWERI,11936.83,,Mahesh Mohite,2020-03-03 16:20:30.300,A,,true,false,,,,,56,4,,,,0,true,,,"4",,,97,,,,,400015,7,"10401135, 
10401136, 
10401137, ",false,,,false,false,3587,,,,,,,,,,false,
3601,11,"205010001","16 BEARING R R NO 953",,,,F/S,MAZGAON SEWREE RECLAMATION (EAST),"326/145",PAREL-SEWERI,3449.03,,Mahesh Mohite,2020-03-03 16:20:30.300,A,,true,false,,,,,57,5,,,,0,true,,,"4",,,97,,,,,400033,7,"20501106",false,,,false,false,3601,,,,,,,,,,false,
3618,11,"205010003","167 (OLD Y.T)",,,,F/S,MAZGAON SEWREE RECLAMATION (EAST),#N/A,#N/A,167.22,,Mahesh Mohite,2020-03-03 16:20:30.300,A,,true,false,,,,,57,5,,,,0,true,,,"4",,,97,,,,,400033,7,"20501124",false,,,false,false,3618,,,,,,,,,,false,
3640,11,"205010007","1705",,,,F/S,MAZGAON SEWREE RECLAMATION (EAST),"276/145",PAREL-SEWERI,1744.07,,Mahesh Mohite,2020-03-03 16:20:30.300,A,,true,false,,,,,57,5,,,,0,true,,,"4",,,97,,,,,400033,7,"20501150",false,,,false,false,3640,,,,,,,,,,false,
3660,14,"206010001","176 (OLD Y.T.)",,,,E,MAZGAON TANK BUNDER ,"25/671",MAZAGAON,589.47,,Mahesh Mohite,2020-03-03 16:20:30.300,A,,true,false,,,,,57,6,,,,0,true,,,"4",,,97,,,,,400010,5,"20601104",false,,,false,false,3660,,,,,,,,,,false,
3737,14,"206010002","20 WEST OF R R NO 946",,,,E,MAZGAON TANK BUNDER ,"632",MAZAGAON,130.06,,Mahesh Mohite,2020-03-03 16:20:30.300,A,,true,false,,,,,57,6,,,,0,true,,,"4",,,97,,,,,400010,5,"20601229",false,,,false,false,3737,,,,,,,,,,false,
3788,15,"206020001","22 BEARING R R NO 900",,,,E,FRERE LAND ESTATE,"731",MAZAGAON,1164.73,,Mahesh Mohite,2020-03-03 16:20:30.300,A,,true,false,,,,,57,6,,,,0,true,,,"4",,,97,,,,,40033,5,"20602105",false,,,false,false,3788,,,,,,,,,,false,
3818,16,"207010017","23 A",,,,E,MAZGAON RECLAMATION (NORTH),"1",MAZAGAON,199.93,,Mahesh Mohite,2020-03-03 16:20:30.300,A,,true,false,,,,,57,7,,,,0,true,,,"4",,,97,,,,,400010,5,"20701127",false,,,false,false,3818,,,,,,,,,,false,
3821,16,"207010018","23 BEARING R R NO 951",,,,E,MAZGAON RECLAMATION (NORTH),"1/153",MAZAGAON,144.93,,Mahesh Mohite,2020-03-03 16:20:30.300,A,,true,false,,,,,57,7,,,,0,true,,,"4",,,97,,,,,400010,5,"20701130",false,,,false,false,3821,,,,,,,,,,false,
3290,9,"103010043",JETHA PLINTHS A F G&B BLOCK,,,,E,MAZGAON SEWREE RECLAMATION (COTTON DEPOT), , ,18911.34,,Mahesh Mohite,2020-03-03 16:20:30.300,A,,true,false,,,,,56,3,,,,0,true,,,"4",,,97,,,,,400033,5,"10301101",false,,,false,false,3290,,,,,,,,,,true,
3645,11,"205010008","1713",,,,F/S,MAZGAON SEWREE RECLAMATION (EAST),"396/145",PAREL-SEWERI,35.67,,Mahesh Mohite,2020-03-03 16:20:30.300,A,,true,false,,,,,57,5,,,,0,true,,,"4",,,97,,,,,400033,7,"20501207",false,,,false,false,3645,,,,,,,,,,true,
3848,16,"207010024","24 AT HAJI BUNDER ROAD",,,,E,MAZGAON RECLAMATION (NORTH),"1/250",MAZAGAON,0.00,,Mahesh Mohite,2020-03-03 16:20:30.300,A,,true,false,,,,,57,7,,,,0,true,,,"4",,,97,,,,,400010,5,"20701207",false,,,false,false,3848,,,,,,,,,,false,
3850,16,"207010025","24 BEARING R R NO 920",,,,E,MAZGAON RECLAMATION (NORTH),"1/185",MAZAGAON,805.84,,Mahesh Mohite,2020-03-03 16:20:30.300,A,,true,false,,,,,57,7,,,,0,true,,,"4",,,97,,,,,400010,5,"20701209",false,,,false,false,3850,,,,,,,,,,false,
3631,11,"205010005","17 A",,,,F/S,MAZGAON SEWREE RECLAMATION (EAST),"145",PAREL-SEWERI,61406.96,,Mahesh Mohite,2020-03-03 16:20:30.300,A,,true,false,,,,,57,5,,,,0,true,,,"4",,,97,,,,,400033,7,"20501140",false,,,false,false,3631,,,,,,,,,,true,
3632,11,"205010006","17 BEARING R R NO 874",,,,F/S,MAZGAON SEWREE RECLAMATION (EAST),"361/145",PAREL-SEWERI,17536.29,,Mahesh Mohite,2020-03-03 16:20:30.300,A,,true,false,,,,,57,5,,,,0,true,,,"4",,,97,,,,,400033,7,"20501141",false,,,false,false,3632,,,,,,,,,,true,
3646,11,"205010009","1714",,,,F/S,MAZGAON SEWREE RECLAMATION (EAST),"271/145",PAREL-SEWERI,1896.71,,Mahesh Mohite,2020-03-03 16:20:30.300,A,,true,false,,,,,57,5,,,,0,true,,,"4",,,97,,,,,400033,7,"20501210",false,,,false,false,3646,,,,,,,,,,true,
4048,17,"208010061","33 BEARING RR 925",,,,E,MAZGAON RECLAMATION (SOUTH),"1",MAZAGAON,79.90,,Mahesh Mohite,2020-03-03 16:20:30.300,A,,true,false,,,,,57,8,,,,0,true,,,"4",,,97,,,,,400010,5,"20801246",false,,,false,false,4048,,,,,,,,,,false,
3925,16,"207010033","27 BEARING R R NO 955",,,,E,MAZGAON RECLAMATION (NORTH),"166/1",MAZAGAON,129.32,,Mahesh Mohite,2020-03-03 16:20:30.300,A,,true,false,,,,,57,7,,,,0,true,,,"4",,,97,,,,,400010,5,"20701333",false,,,false,false,3925,,,,,,,,,,false,
3993,17,"208010056","3 AT HOSPITAL LANE",,,,E,MAZGAON RECLAMATION (SOUTH),"1",MAZAGAON,153.29,,Mahesh Mohite,2020-03-03 16:20:30.300,A,,true,false,,,,,57,8,,,,0,true,,,"4",,,97,,,,,400010,5,"20801142",false,,,false,false,3993,,,,,,,,,,false,
4002,17,"208010057","30 GEARING RR NO 1105",,,,E,MAZGAON RECLAMATION (SOUTH),"1/254",MAZAGAON,276.01,,Mahesh Mohite,2020-03-03 16:20:30.300,A,,true,false,,,,,57,8,,,,0,true,,,"4",,,97,,,,,400010,5,"20801201",false,,,false,false,4002,,,,,,,,,,false,
4024,17,"208010058","31 BEARING  RR NO 938",,,,E,MAZGAON RECLAMATION (SOUTH),"244/1",MAZAGAON,0.00,,Mahesh Mohite,2020-03-03 16:20:30.300,A,,true,false,,,,,57,8,,,,0,true,,,"4",,,97,,,,,400010,5,"20801223",false,,,false,false,4024,,,,,,,,,,false,
4061,17,"208010066","34 BEARING RR 959",,,,E,MAZGAON RECLAMATION (SOUTH),"1",MAZAGAON,199.65,,Mahesh Mohite,2020-03-03 16:20:30.300,A,,true,false,,,,,57,8,,,,0,true,,,"4",,,97,,,,,400010,5,"20801309",false,,,false,false,4061,,,,,,,,,,false,
4075,17,"208010076","35 BEARING RR 1125",,,,E,MAZGAON RECLAMATION (SOUTH),"134",MAZAGAON,382.48,,Mahesh Mohite,2020-03-03 16:20:30.300,A,,true,false,,,,,57,8,,,,0,true,,,"4",,,97,,,,,400010,5,"20801323",false,,,false,false,4075,,,,,,,,,,false,
4087,17,"208010079","36 BEARING RR 930",,,,E,MAZGAON RECLAMATION (SOUTH),"1",MAZAGAON,252.42,,Mahesh Mohite,2020-03-03 16:20:30.300,A,,true,false,,,,,57,8,,,,0,true,,,"4",,,97,,,,,400010,5,"20801333",false,,,false,false,4087,,,,,,,,,,false,
4102,17,"208010081","38 BEARING RR 918",,,,E,MAZGAON RECLAMATION (SOUTH),"1/243",MAZAGAON,161.00,,Mahesh Mohite,2020-03-03 16:20:30.300,A,,true,false,,,,,57,8,,,,0,true,,,"4",,,97,,,,,400010,5,"20801348",false,,,false,false,4102,,,,,,,,,,false,
4929,60,"414130011","17",,,,G/N,MAHIM BUNDER, , ,199.09,,Mahesh Mohite,2020-03-03 16:20:30.300,A,,true,false,,,,,59,14,,,,0,true,,,"4",,,97,,,,,400001,8,"41413115",false,,,false,false,4929,,,,,,,,,,false,
4155,17,"208010089","43 RR 1431",,,,E,MAZGAON RECLAMATION (SOUTH),"1/252",MAZAGAON,219.89,,Mahesh Mohite,2020-03-03 16:20:30.300,A,,true,false,,,,,57,8,,,,0,true,,,"4",,,97,,,,,400010,5,"20801506",false,,,false,false,4155,,,,,,,,,,false,
4159,17,"208010090","44 48 RR 1402",,,,E,MAZGAON RECLAMATION (SOUTH),"2/249",MAZAGAON,10517.55,,Mahesh Mohite,2020-03-03 16:20:30.300,A,,true,false,,,,,57,8,,,,0,true,,,"4",,,97,,,,,400010,5,"20801510",false,,,false,false,4159,,,,,,,,,,false,
4206,17,"208010096",YT51,,,,E,MAZGAON RECLAMATION (SOUTH),"1/134A",MAZAGAON,113.95,,Mahesh Mohite,2020-03-03 16:20:30.300,A,,true,false,,,,,57,8,,,,0,true,,,"4",,,97,,,,,400010,5,"20801428, 20801430, 20801432",false,,,false,false,4206,,,,,,,,,,false,
7895,17,"208010282",EXPANSION PHASE 2 IN NORTHYARD,,Private Structure,, ,, , ,1960.93,,Mahesh Mohite,2020-05-09 18:01:36.360,A,,true,false,,,,,57,8,,,,0,true,,,,,,97,,,,,,,"20801642",false,,,false,false,7895,,,,,,,,,,false,
4216,21,"310010001","40",,,,B,ELPHINSTON (WEST),"132",PRINCESS DOCK,437.29,,Mahesh Mohite,2020-03-03 16:20:30.300,A,,true,false,,,,,58,10,,,,0,true,,,"4",,,97,,,,,400009,2,"31001638",false,,,false,false,4216,,,,,,,,,,false,
4235,19,"309010011","160",,,,A,ELPHINSTON (EAST), , ,2.00,,Mahesh Mohite,2020-03-03 16:20:30.300,A,,true,false,,,,,58,9,,,,0,true,,,"4",,,97,,,,,400009,1,"30901425",false,,,false,false,4235,,,,,,,,,,false,
7896,17,"208010283",STRIP OF ADJO'ING PLOT 22 &22A,,Open Plot,,E,,"1",MAZAGAON,88.64,,Mahesh Mohite,2020-05-09 18:01:36.360,A,,true,false,,,,,57,8,,,,0,true,,,,,,97,,,,,,,"20801646",false,,,false,false,7896,,,,,,,,,,false,
4259,22,"310020001", COMP A & C & E & G & I BLOCK,,,,B,RYAN GRAIN MARKET, , ,8518.25,,Mahesh Mohite,2020-03-03 16:20:30.300,A,,true,false,,,,,58,10,,,,0,true,,,"4",,,97,,,,,,2,"31002317, 31002318,31002319,31002320,31002321,31002322,31002323,31002324,31002325,31002326,31002327,31002328,31002329,31002330,31002331,31002332,31002333,31002334,31002335,31002336,31002337,31002338,31002339,31002340,31002341,31002342,31002343,31002344,31002345,31002346,31002347,31002348,31002350,31002401,31002402,31002403,31002404,31002405,31002406,31002407,31002409,31002410,31002411,31002412,31002413,31002414,31002415,31002416,31002417,31002418,31002419,31002420,31002421,31002422,31002423",false,,,false,false,4259,,,,,,,,,,false,
4457,29,"312050004",GARAGE 5 AT HENRY ROAD,,,,A,APPOLO RECLAMATION ,#N/A,#N/A,1071.81,,Mahesh Mohite,2020-03-03 16:20:30.300,A,,true,false,,,,,58,12,,,,0,true,,,"4",,,97,,,,,,1,"31205211, 31205313, 31205315, 31205316",false,,,false,false,4457,,,,,,,,,,false,
7930,42,"413080061","41/A",,Open Plot,,F/S,,"145",PAREL-SEWERI,209.03,,Mahesh Mohite,2020-05-09 18:01:36.360,A,,true,false,,,,,59,13,,,,0,true,,,,,,97,,,,,,,"41308143",false,,,false,false,7930,,,,,,,,,,false,
4260,22,"310020002", COMP B & D & F & H & J BLOCK,,,,B,RYAN GRAIN MARKET,"90",PRINCESS DOCK,8318.42,,Mahesh Mohite,2020-03-03 16:20:30.300,A,,true,false,,,,,58,10,,,,0,true,,,"4",,,97,,,,,,2,"31002222, 31002223, 31002224, 31002225, 31002226, 31002227, 31002228, 31002229, 31002230,  31002231, 31002232, 31002233, 31002234, 31002235, 31002236, 31002237, 31002238, 31002239, 31002240, 31002241, 31002242, 31002243, 31002244, 31002245, 31002246, 31002247, 31002248, 31002249, 31002250, 31002301, 31002302, 31002303, 31002304, 31002305, 31002306, 31002307, 31002308, 31002309, 31002310, 31002311, 31002312, 31002313, 31002314, 31002315",false,,,false,false,4260,,,,,,,,,,false,
7897,17,"208010284",STALL SITE NO 8,,Private Structure,,E,,"1",MAZAGAON,6.50,,Mahesh Mohite,2020-05-09 18:01:36.360,A,,true,false,,,,,57,8,,,,0,true,,,,,,97,,,,,,,"20801649",false,,,false,false,7897,,,,,,,,,,false,
7898,17,"208010285",EXT. OF SLIPWAY IN S.YARD,,Private Structure,, ,, , ,3746.00,,Mahesh Mohite,2020-05-09 18:01:36.360,A,,true,false,,,,,57,8,,,,0,true,,,,,,97,,,,,,,"20801650",false,,,false,false,7898,,,,,,,,,,false,
7899,17,"208010286",ADDITIONAL WATER AREA FOR EXTN.OF SLIPWAY,,Open Plot,,E,,"904",MAZAGAON,1850.00,,Mahesh Mohite,2020-05-09 18:01:36.360,A,,true,false,,,,,57,8,,,,0,true,,,,,,97,,,,,,,"20801652",false,,,false,false,7899,,,,,,,,,,false,
8225,9,"103010126",OLD R R NO 1706, , , ,F/S WARD, ,"145 (part )",PAREL SEWRI,20.90,,Mahesh Mohite,2020-07-15 12:13:57.570,A,,true,false, ,,,,56,3,nihar, , ,0,true, , , ,,,97, , , , ,,,"10301626",false,,,false,false,8225,,,,,,,,,,false,
8228,11,"205010070",OLD RR NO 1743, , , ,F/S WARD, ,"270/145",PAREL SEWRI,6609.31,,Mahesh Mohite,2020-07-15 12:13:57.570,A,,true,false, ,,,,57,5,nihar, , ,0,true, , , ,,,97, , , , ,,,"20501213",false,,,false,false,8228,,,,,,,,,,false,
8229,19,"309010144",OLD R.R.NO.1875 AT CARNAC BUND, , , ,B WARD , ,"1187 (Part)",PRINCESS DOCK,1029.00,,Mahesh Mohite,2020-07-15 12:13:57.570,A,,true,false, ,,,,58,9,nihar, , ,0,true, , , ,,,97, , , , ,,,"30901112",false,,,false,false,8229,,,,,,,,,,false,
5517,14,"206010056","84",,,,, MAZGAON TANK BUNDER,"632",MAZGAON,534.01,,Mahesh Mohite,2020-03-03 16:20:30.300,A,,true,false,,,,,57,6,do_CD_shreyas,,,0,true,,,,,,97,PLOT NO.85,PT PASSAGE,PLOT NO.83,B.P.T ROAD,400010,5,"20601226
",false,,,false,false,5517,,,,,,,,,,false,
8388,11,"","PCO, NR GATE OF HLL, HAJI BUNDER",,Private Structure,,F/S,,"327/145",PAREL-SEWERI,0.00,,CDAC,2025-09-22 18:01:36.360,A,,true,false,,,,,57,5,,,,0,true,,,,,,97,,,,,,,"20501232",false,,,false,false,8388,,,,,,,,,,false,
7902,17,"208010289",DIRECT ALLOTMENT OF FORESHORE LAND,,Open Plot,, ,, , ,2211.00,,Mahesh Mohite,2020-05-09 18:01:36.360,A,,true,false,,,,,57,8,,,,0,true,,,,,,97,,,,,,,"20801655",false,,,false,false,7902,,,,,,,,,,false,
8226,9,"103010127",OLD ARP B-4 IN LIEU OF K-153, , , ,F/S WARD, ,"145 (part )",PAREL SEWRI,329.09,,Mahesh Mohite,2020-07-15 12:13:57.570,A,,true,false, ,,,,56,3,nihar, , ,0,true, , , ,,,97, , , , ,,,"10301633",false,,,false,false,8226,,,,,,,,,,true,
8224,9,"103010125",OLD ARP PLOT B -6, , , ,F/S WARD, ,"145 (part )",PAREL SEWRI,307.18,,Mahesh Mohite,2020-07-15 12:13:57.570,A,,true,false, ,,,,56,3,nihar, , ,0,true, , , ,,,97, , , , ,,,"10301622",false,,,false,false,8224,,,,,,,,,,true,
8223,9,"103010124",OLD RR 979, , , ,F/S WARD, ,"268/145",PAREL SEWRI,427.35,,Mahesh Mohite,2020-07-15 12:13:57.570,A,,true,false, ,,,,56,3,nihar, , ,0,true, , , ,,,97, , , , ,,,"10301612",false,,,false,false,8223,,,,,,,,,,true,
8227,9,"103010128",OLD ARP B-7 IN LIEU OF JH K152, , , ,F/S WARD, ,"145 (part )",PAREL SEWRI,310.91,,Mahesh Mohite,2020-07-15 12:13:57.570,A,,true,false, ,,,,56,3,nihar, , ,0,true, , , ,,,97, , , , ,,,"10301634",false,,,false,false,8227,,,,,,,,,,true,
4231,21,"310010004","121",,,,B,ELPHINSTON (WEST),"156",PRINCESS DOCK,567.73,,Mahesh Mohite,2020-03-03 16:20:30.300,A,,true,false,,,,,58,10,,,,0,true,,,"4",,,97,,,,,400009,2,"31001509",false,,,false,false,4231,,,,,,,,,,true,
4261,22,"310020003", COMP K & L & M & N & O BLOCK,,,,B,RYAN GRAIN MARKET,"100",PRINCESS DOCK,7975.73,,Mahesh Mohite,2020-03-03 16:20:30.300,A,,true,false,,,,,58,10,,,,0,true,,,"4",,,97,,,,,,2,"31002101, 31002102, 31002103, 31002104, 31002105, 31002106, 31002107, 31002108, 31002109, 31002110, 31002111, 31002112, 31002113, 31002114, 31002115, 31002116, 31002117, 31002118, 31002119, 31002120, 31002121, 31002122, 31002123, 31002124, 31002125, 31002126, 31002127, 31002128, 31002129, 31002130, 31002131, 31002132, 31002133, 31002134, 31002135, 31002136, 31002137, 31002138, 31002139, 31002140, 31002141, 31002142, 31002143, 31002144, 31002145, 31002146, 31002147, 31002148, 31002149, 31002150,   31002201, 31002202, 31002203, 31002204, 31002205, 31002206, 31002207, 31002208, 31002209, 31002210, 31002211, 31002212, 31002213, 31002214, 31002215, 31002216, 31002217, 31002218, 31002219, 31002220.                                         ",false,,,false,false,4261,,,,,,,,,,false,
4268,21,"310010008","10 NORTH OF WADI BR AT ELPHINS",,,,B,ELPHINSTON (WEST),#N/A,#N/A,265.70,,Mahesh Mohite,2020-03-03 16:20:30.300,A,,true,false,,,,,58,10,,,,0,true,,,"4",,,97,,,,,400009,2,"31001614",false,,,false,false,4268,,,,,,,,,,false,
4297,21,"310010023","143A BET.1&2 CLIVE CROSS LANE",,,,B,ELPHINSTON (WEST),"146",PRINCESS DOCK,89.18,,Mahesh Mohite,2020-03-03 16:20:30.300,A,,true,false,,,,,58,10,,,,0,true,,,"4",,,97,,,,,400009,2,"31001447",false,,,false,false,4297,,,,,,,,,,false,
4298,21,"310010024","144 BETWEEN 2ND & 3RD CLIVE",,,,B,ELPHINSTON (WEST),"2/148",PRINCESS DOCK,278.71,,Mahesh Mohite,2020-03-03 16:20:30.300,A,,true,false,,,,,58,10,,,,0,true,,,"4",,,97,,,,,400009,2,"31001501",false,,,false,false,4298,,,,,,,,,,false,
7900,17,"208010287",WATER AREA FOR PROPOSED WET BASIN PROJECT,,Open Plot,, ,, , ,32308.62,,Mahesh Mohite,2020-05-09 18:01:36.360,A,,true,false,,,,,57,8,,,,0,true,,,,,,97,,,,,,,"20801653",false,,,false,false,7900,,,,,,,,,,false,
7901,17,"208010288",APPROACH ROAD TO MAZAGAON PIER,,Open Plot,,E,,"247",MAZAGAON,3263.79,,Mahesh Mohite,2020-05-09 18:01:36.360,A,,true,false,,,,,57,8,,,,0,true,,,,,,97,,,,,,,"20801654",false,,,false,false,7901,,,,,,,,,,false,
4931,60,"414130013","19",,,,G/N,MAHIM BUNDER, , ,66.89,,Mahesh Mohite,2020-03-03 16:20:30.300,A,,true,false,,,,,59,14,,,,0,true,,,"4",,,97,,,,,400001,8,"41413117",false,,,false,false,4931,,,,,,,,,,false,
4376,24,"311020018","5 & 6",,,,A,MODY BAY,"1118",FORT,579.53,,Mahesh Mohite,2020-03-03 16:20:30.300,A,,true,false,,,,,58,11,,,,0,true,,,"4",,,97,,,,,400001,1,"31102229",false,,,false,false,4376,,,,,,,,,,false,
4386,21,"310010040","73/45",,,,B,ELPHINSTON (WEST), , ,70.23,,Mahesh Mohite,2020-03-03 16:20:30.300,A,,true,false,,,,,58,10,,,,0,true,,,"4",,,97,,,,,400009,2,"31001313",false,,,false,false,4386,,,,,,,,,,false,
4391,21,"310010044","8 BET'N SHOLAPUR ST & RAICHUR",,,,B,ELPHINSTON (WEST),FP No.10,PRINCESS DOCK,520.26,,Mahesh Mohite,2020-03-03 16:20:30.300,A,,true,false,,,,,58,10,,,,0,true,,,"4",,,97,,,,,400009,2,"31001111",false,,,false,false,4391,,,,,,,,,,false,
4392,21,"310010045","8 BET'N SHOLAPUR ST&RAICHUR ST",,,,B,ELPHINSTON (WEST),FP No.10,PRINCESS DOCK,1189.16,,Mahesh Mohite,2020-03-03 16:20:30.300,A,,true,false,,,,,58,10,,,,0,true,,,"4",,,97,,,,,400009,2,"31001112",false,,,false,false,4392,,,,,,,,,,false,
4393,21,"310010046","80 B",,,,B,ELPHINSTON (WEST), , ,272.66,,Mahesh Mohite,2020-03-03 16:20:30.300,A,,true,false,,,,,58,10,,,,0,true,,,"4",,,97,,,,,400009,2,"31001409",false,,,false,false,4393,,,,,,,,,,false,
4394,21,"310010047","83 CARNAC SIDING ROAD",,,,B,ELPHINSTON (WEST),FP No.74,PRINCESS DOCK,1.49,,Mahesh Mohite,2020-03-03 16:20:30.300,A,,true,false,,,,,58,10,,,,0,true,,,"4",,,97,,,,,400009,2,"31001346",false,,,false,false,4394,,,,,,,,,,false,
4395,21,"310010048","87 (OLD Y.T.)",,,,B,ELPHINSTON (WEST),"101",PRINCESS DOCK,504.56,,Mahesh Mohite,2020-03-03 16:20:30.300,A,,true,false,,,,,58,10,,,,0,true,,,"4",,,97,,,,,400009,2,"31001206",false,,,false,false,4395,,,,,,,,,,false,
4398,23,"311010047","9 WEST OF R RNO 929",,,,A,BALLARD ESTATE , , ,13.38,,Mahesh Mohite,2020-03-03 16:20:30.300,A,,true,false,,,,,58,11,,,,0,true,,,"4",,,97,,,,,400001,1,"31101141",false,,,false,false,4398,,,,,,,,,,false,
4399,21,"310010049","92-A",,,,B,ELPHINSTON (WEST),"60",PRINCESS DOCK,148.64,,Mahesh Mohite,2020-03-03 16:20:30.300,A,,true,false,,,,,58,10,,,,0,true,,,"4",,,97,,,,,400009,2,"31001412",false,,,false,false,4399,,,,,,,,,,false,
4400,21,"310010050","95 BETWEEN ITOLA & BAROADA ST.",,,,B,ELPHINSTON (WEST),"65",PRINCESS DOCK,236.72,,Mahesh Mohite,2020-03-03 16:20:30.300,A,,true,false,,,,,58,10,,,,0,true,,,"4",,,97,,,,,400009,2,"31001415",false,,,false,false,4400,,,,,,,,,,false,
4401,21,"310010051",A PORTION OF FP 5B,,,,B,ELPHINSTON (WEST),"180",PRINCESS DOCK,479.30,,Mahesh Mohite,2020-03-03 16:20:30.300,A,,true,false,,,,,58,10,,,,0,true,,,"4",,,97,,,,,400009,2,"31001106",false,,,false,false,4401,,,,,,,,,,false,
4402,21,"310010052",A PORTION OF FP51 BROACH ST,,,,B,ELPHINSTON (WEST),"52",PRINCESS DOCK,387.82,,Mahesh Mohite,2020-03-03 16:20:30.300,A,,true,false,,,,,58,10,,,,0,true,,,"4",,,97,,,,,400009,2,"31001215",false,,,false,false,4402,,,,,,,,,,false,
4403,21,"310010053",AT CLARKE BUNDER WARE HOUSE SI,,,,B,ELPHINSTON (WEST),"33604",PRINCESS DOCK,923.27,,Mahesh Mohite,2020-03-03 16:20:30.300,A,,true,false,,,,,58,10,,,,0,true,,,"4",,,97,,,,,400009,2,"31001443",false,,,false,false,4403,,,,,,,,,,false,
4409,19,"309010019",BHANDAR BHAVAN,,,,B,ELPHINSTON (EAST),#N/A,#N/A,1405.68,,Mahesh Mohite,2020-03-03 16:20:30.300,A,,true,false,,,,,58,9,,,,0,true,,,"4",,,97,,,,,,2,"30901461, 30901467",false,,,false,false,4409,,,,,,,,,,false,
4432,21,"310010074",F.P. 88 & 89,,,,B,ELPHINSTON (WEST),"79",PRINCESS DOCK,435.90,,Mahesh Mohite,2020-03-03 16:20:30.300,A,,true,false,,,,,58,10,,,,0,true,,,"4",,,97,,,,,400009,2,"31001425",false,,,false,false,4432,,,,,,,,,,false,
4437,21,"310010078",F.P.84/C & 84/D,,,,B,ELPHINSTON (WEST),"57",PRINCESS DOCK,647.53,,Mahesh Mohite,2020-03-03 16:20:30.300,A,,true,false,,,,,58,10,,,,0,true,,,"4",,,97,,,,,400009,2,"31001419",false,,,false,false,4437,,,,,,,,,,false,
4501,21,"310010119",MT PLOT NO 203,,,,B,ELPHINSTON (WEST),FP No.66,PRINCESS DOCK,174.66,,Mahesh Mohite,2020-03-03 16:20:30.300,A,,true,false,,,,,58,10,,,,0,true,,,"4",,,97,,,,,400009,2,"31001305",false,,,false,false,4501,,,,,,,,,,false,
4461,21,"310010096",GODOWN 1 To 6 & RR1358 & RR1291,,,,B,ELPHINSTON (WEST),"107",PRINCESS DOCK,1603.13,,Mahesh Mohite,2020-03-03 16:20:30.300,A,,true,false,,,,,58,10,,,,0,true,,,"4",,,97,,,,,,2,"31001615, 
31001616, 
31001617, 
31001618, 
31001619, 
31001620, 
31001621, ",false,,,false,false,4461,,,,,,,,,,false,
4462,21,"310010097",GODOWN 7 To 12 & GODOWN 19 To 22,,,,B,ELPHINSTON (WEST),"184",PRINCESS DOCK,2408.00,,Mahesh Mohite,2020-03-03 16:20:30.300,A,,true,false,,,,,58,10,,,,0,true,,,"4",,,97,,,,,,2,"31001622,
31001623,
31001624,
31001626,
31001627,
31001628,
31001629,
31001630,
31001632,
31001633,
31001634,
31001635,
31001636,",false,,,false,false,4462,,,,,,,,,,false,
4466,21,"310010098",GODOWN NO.30 (OLD R.R.448),,,,B,ELPHINSTON (WEST),"176",PRINCESS DOCK,4499.80,,Mahesh Mohite,2020-03-03 16:20:30.300,A,,true,false,,,,,58,10,,,,0,true,,,"4",,,97,,,,,400009,2,"31001535",false,,,false,false,4466,,,,,,,,,,false,
4467,21,"310010099",GODOWN ON PLOT NO60,,,,B,ELPHINSTON (WEST),"45",PRINCESS DOCK,305.44,,Mahesh Mohite,2020-03-03 16:20:30.300,A,,true,false,,,,,58,10,,,,0,true,,,"4",,,97,,,,,400009,2,"31001612",false,,,false,false,4467,,,,,,,,,,false,
4469,23,"311010050",IMPERIAL CHAMBER BLDG,,,,A,BALLARD ESTATE ,"32/1187",FORT,600.61,,Mahesh Mohite,2020-03-03 16:20:30.300,A,,true,false,,,,,58,11,,,,0,true,,,"4",,,97,,,,,,1,"31101145, 31101146, 31101147, 31101148,31101149,31101150,31101201,31101202,31101203,31101204,31101205,31101207,31101208,31101209,31101248.",false,,,false,false,4469,,,,,,,,,,false,
4475,33,"312090001",LAND AT ONGC'S JD TERMINAL,,,,Other,BUTCHER ISLAND, , ,2600.00,,Mahesh Mohite,2020-03-03 16:20:30.300,A,,true,false,,,,,58,12,,,,0,true,,,"4",,,97,,,,,0,10,"31209103",false,,,false,false,4475,,,,,,,,,,false,
8389,11,"",NA,,Private Structure,,"",,"","",0.00,,CDAC,2025-09-22 18:01:36.360,A,,true,false,,,,,57,5,,,,0,true,,,,,,97,,,,,,,"20501226",false,,,false,false,8389,,,,,,,,,,false,
4488,21,"310010106",MT 134,,,,B,ELPHINSTON (WEST),FP No.71,PRINCESS DOCK,199.93,,Mahesh Mohite,2020-03-03 16:20:30.300,A,,true,false,,,,,58,10,,,,0,true,,,"4",,,97,,,,,400009,2,"31001340",false,,,false,false,4488,,,,,,,,,,false,
4478,21,"310010100",LAND OCCUPIED BY LATRINE BLCOK,,,,B,ELPHINSTON (WEST),#N/A,#N/A,9.10,,Mahesh Mohite,2020-03-03 16:20:30.300,A,,true,false,,,,,58,10,,,,0,true,,,"4",,,97,,,,,400009,2,"31001613",false,,,false,false,4478,,,,,,,,,,false,
4480,33,"312090002",LEASE OF PLOT AT JAWAHAR ISLND,,,,Other,BUTCHER ISLAND, , ,38543.13,,Mahesh Mohite,2020-03-03 16:20:30.300,A,,true,false,,,,,58,12,,,,0,true,,,"4",,,97,,,,,0,10,"31209102",false,,,false,false,4480,,,,,,,,,,false,
4482,21,"310010101",M T 118 (OLD Y.T.),,,,B,ELPHINSTON (WEST),FP No.64,PRINCESS DOCK,466.74,,Mahesh Mohite,2020-03-03 16:20:30.300,A,,true,false,,,,,58,10,,,,0,true,,,"4",,,97,,,,,400009,2,"31001239",false,,,false,false,4482,,,,,,,,,,false,
4483,21,"310010102",M T 157 (OLDYT),,,,B,ELPHINSTON (WEST),FP No.64,PRINCESS DOCK,469.90,,Mahesh Mohite,2020-03-03 16:20:30.300,A,,true,false,,,,,58,10,,,,0,true,,,"4",,,97,,,,,400009,2,"31001245",false,,,false,false,4483,,,,,,,,,,false,
4485,21,"310010104",M T 41,,,,B,ELPHINSTON (WEST), , ,41.06,,Mahesh Mohite,2020-03-03 16:20:30.300,A,,true,false,,,,,58,10,,,,0,true,,,"4",,,97,,,,,400009,2,"31001339",false,,,false,false,4485,,,,,,,,,,false,
4486,21,"310010105",M T 55(OLD Y.T.),,,,B,ELPHINSTON (WEST),FP No.66,PRINCESS DOCK,31.68,,Mahesh Mohite,2020-03-03 16:20:30.300,A,,true,false,,,,,58,10,,,,0,true,,,"4",,,97,,,,,400009,2,"31001250",false,,,false,false,4486,,,,,,,,,,false,
4489,21,"310010107",MT 40,,,,B,ELPHINSTON (WEST),FP No.71,PRINCESS DOCK,34.10,,Mahesh Mohite,2020-03-03 16:20:30.300,A,,true,false,,,,,58,10,,,,0,true,,,"4",,,97,,,,,400009,2,"31001337",false,,,false,false,4489,,,,,,,,,,false,
4490,21,"310010108",MT 45,,,,B,ELPHINSTON (WEST), , ,160.88,,Mahesh Mohite,2020-03-03 16:20:30.300,A,,true,false,,,,,58,10,,,,0,true,,,"4",,,97,,,,,400009,2,"31001314",false,,,false,false,4490,,,,,,,,,,false,
4491,21,"310010109",MT 49,,,,B,ELPHINSTON (WEST),FP No.71,PRINCESS DOCK,13.10,,Mahesh Mohite,2020-03-03 16:20:30.300,A,,true,false,,,,,58,10,,,,0,true,,,"4",,,97,,,,,400009,2,"31001336",false,,,false,false,4491,,,,,,,,,,false,
4492,21,"310010110",MT NO 136,,,,B,ELPHINSTON (WEST), , ,74.60,,Mahesh Mohite,2020-03-03 16:20:30.300,A,,true,false,,,,,58,10,,,,0,true,,,"4",,,97,,,,,400009,2,"31001317",false,,,false,false,4492,,,,,,,,,,false,
4493,21,"310010111",MT PLOT 127 (OLD Y.T.),,,,B,ELPHINSTON (WEST),"114",PRINCESS DOCK,116.69,,Mahesh Mohite,2020-03-03 16:20:30.300,A,,true,false,,,,,58,10,,,,0,true,,,"4",,,97,,,,,400009,2,"31001122",false,,,false,false,4493,,,,,,,,,,false,
4494,21,"310010112",MT PLOT 45,,,,B,ELPHINSTON (WEST),"9",PRINCESS DOCK,403.76,,Mahesh Mohite,2020-03-03 16:20:30.300,A,,true,false,,,,,58,10,,,,0,true,,,"4",,,97,,,,,400009,2,"31001329",false,,,false,false,4494,,,,,,,,,,false,
4495,21,"310010113",MT PLOT 72,,,,B,ELPHINSTON (WEST),FP No.68,PRINCESS DOCK,493.13,,Mahesh Mohite,2020-03-03 16:20:30.300,A,,true,false,,,,,58,10,,,,0,true,,,"4",,,97,,,,,400009,2,"31001326",false,,,false,false,4495,,,,,,,,,,false,
4496,21,"310010114",MT PLOT NO 148,,,,B,ELPHINSTON (WEST),"9",PRINCESS DOCK,307.69,,Mahesh Mohite,2020-03-03 16:20:30.300,A,,true,false,,,,,58,10,,,,0,true,,,"4",,,97,,,,,400009,2,"31001331",false,,,false,false,4496,,,,,,,,,,false,
4497,21,"310010115",MT PLOT NO 151,,,,B,ELPHINSTON (WEST),FP No.66,PRINCESS DOCK,344.30,,Mahesh Mohite,2020-03-03 16:20:30.300,A,,true,false,,,,,58,10,,,,0,true,,,"4",,,97,,,,,400009,2,"31001306",false,,,false,false,4497,,,,,,,,,,false,
4498,21,"310010116",MT PLOT NO 16,,,,B,ELPHINSTON (WEST),"9",PRINCESS DOCK,311.04,,Mahesh Mohite,2020-03-03 16:20:30.300,A,,true,false,,,,,58,10,,,,0,true,,,"4",,,97,,,,,400009,2,"31001332",false,,,false,false,4498,,,,,,,,,,false,
4499,21,"310010117",MT PLOT NO 201,,,,B,ELPHINSTON (WEST),FP No.67,PRINCESS DOCK,260.69,,Mahesh Mohite,2020-03-03 16:20:30.300,A,,true,false,,,,,58,10,,,,0,true,,,"4",,,97,,,,,400009,2,"31001312",false,,,false,false,4499,,,,,,,,,,false,
4500,21,"310010118",MT PLOT NO 202,,,,B,ELPHINSTON (WEST),FP No.66,PRINCESS DOCK,89.00,,Mahesh Mohite,2020-03-03 16:20:30.300,A,,true,false,,,,,58,10,,,,0,true,,,"4",,,97,,,,,400009,2,"31001302",false,,,false,false,4500,,,,,,,,,,false,
4932,60,"414130014","20",,,,G/N,MAHIM BUNDER, , ,193.70,,Mahesh Mohite,2020-03-03 16:20:30.300,A,,true,false,,,,,59,14,,,,0,true,,,"4",,,97,,,,,400001,8,"41413111",false,,,false,false,4932,,,,,,,,,,false,
4546,24,"311020032",OLD R.R. 19 & 1094,,,,A,MODY BAY,"1208",FORT,355.44,,Mahesh Mohite,2020-03-03 16:20:30.300,A,,true,false,,,,,58,11,,,,0,true,,,"4",,,97,,,,,400001,1,"31102324",false,,,false,false,4546,,,,,,,,,,false,
4568,21,"310010135",OLD RR 1214,,,,B,ELPHINSTON (WEST),FP No.64,PRINCESS DOCK,776.48,,Mahesh Mohite,2020-03-03 16:20:30.300,A,,true,false,,,,,58,10,,,,0,true,,,"4",,,97,,,,,400009,2,"31001238",false,,,false,false,4568,,,,,,,,,,false,
4581,19,"309010043",OLD RR 1612,,,,B,ELPHINSTON (EAST),"1",PRINCESS DOCK,152.16,,Mahesh Mohite,2020-03-03 16:20:30.300,A,,true,false,,,,,58,9,,,,0,true,,,"4",,,97,,,,,,2,"30901464, 30901465, 30901466,31001149",false,,,false,false,4581,,,,,,,,,,false,
4607,24,"311020052",OLD Y.T.13,,,,A,MODY BAY,"1096",FORT,420.29,,Mahesh Mohite,2020-03-03 16:20:30.300,A,,true,false,,,,,58,11,,,,0,true,,,"4",,,97,,,,,400001,1,"31102242",false,,,false,false,4607,,,,,,,,,,false,
4650,24,"311020054",POR.OF PT.PASSG.SOUTHOFRR.1415,,,,A,MODY BAY,"1187",FORT,3.12,,Mahesh Mohite,2020-03-03 16:20:30.300,A,,true,false,,,,,58,11,,,,0,true,,,"4",,,97,,,,,400001,1,"31102321",false,,,false,false,4650,,,,,,,,,,false,
4660,19,"309010071",PT GARAGER NO.2 AT CRANE USERS,,,,A,ELPHINSTON (EAST),#N/A,#N/A,35.95,,Mahesh Mohite,2020-03-03 16:20:30.300,A,,true,false,,,,,58,9,,,,0,true,,,"4",,,97,,,,,400009,1,"30901109",false,,,false,false,4660,,,,,,,,,,false,
7551,11,"205010027",RR NO 1738,,Private Structure,,F/S,,"325/145",PAREL-SEWERI,8361.27,,Mahesh Mohite,2020-05-09 18:01:36.360,A,,true,false,,,,,57,5,,,,0,true,,,,,,97,,,,,,,"20501122",false,,,false,false,7551,,,,,,,,,,false,
4786,24,"311020067",R.R. 115O,,,,A,MODY BAY,"02-Jan",FORT,260.13,,Mahesh Mohite,2020-03-03 16:20:30.300,A,,true,false,,,,,58,11,,,,0,true,,,"4",,,97,,,,,400001,1,"31102247",false,,,false,false,4786,,,,,,,,,,false,
7550,11,"205010026",RR NO 1649,,Private Structure,,F/S,,"354/145",PAREL-SEWERI,5746.05,,Mahesh Mohite,2020-05-09 18:01:36.360,A,,true,false,,,,,57,5,,,,0,true,,,,,,97,,,,,,,"20501121",false,,,false,false,7550,,,,,,,,,,false,
4923,51,"414040003","9",,,,A,JAMSHEDJI BUNDER,"134",COLABA,689.80,,Mahesh Mohite,2020-03-03 16:20:30.300,A,,true,false,,,,,59,14,,,,0,true,,,"4",,,97,,,,,400001,1,"41404107",false,,,false,false,4923,,,,,,,,,,false,
4897,29,"312050112","SOUTH EAST PORTION,PT ORN.GAR",,,,A,APPOLO RECLAMATION ,"385",COLABA,179.86,,Mahesh Mohite,2020-03-03 16:20:30.300,A,,true,false,,,,,58,12,,,,0,true,,,"4",,,97,,,,,0,1,"31205310",false,,,false,false,4897,,,,,,,,,,false,
4901,23,"311010064",TACKERSEY HOUSE,,,,A,BALLARD ESTATE ,"37/1187",FORT,1141.53,,Mahesh Mohite,2020-03-03 16:20:30.300,A,,true,false,,,,,58,11,,,,0,true,,,"4",,,97,,,,,,1,"31101211,31101243,31101245,",false,,,false,false,4901,,,,,,,,,,false,
4903,24,"311020117",VIJAY DEEP BLDG & PORT HOUSE,,,,A,MODY BAY,#N/A,#N/A,4390.82,,Mahesh Mohite,2020-03-03 16:20:30.300,A,,true,false,,,,,58,11,,,,0,true,,,"4",,,97,,,,,,1,"31102302,31102325,",false,,,false,false,4903,,,,,,,,,,false,
4908,21,"310010202",YT 116,,,,B,ELPHINSTON (WEST),FP No.67,PRINCESS DOCK,113.62,,Mahesh Mohite,2020-03-03 16:20:30.300,A,,true,false,,,,,58,10,,,,0,true,,,"4",,,97,,,,,400009,2,"31001308",false,,,false,false,4908,,,,,,,,,,false,
4910,21,"310010204",YT 68,,,,B,ELPHINSTON (WEST),"9",PRINCESS DOCK,335.19,,Mahesh Mohite,2020-03-03 16:20:30.300,A,,true,false,,,,,58,10,,,,0,true,,,"4",,,97,,,,,400009,2,"31001333",false,,,false,false,4910,,,,,,,,,,false,
4914,60,"414130001","1",,,,G/N,MAHIM BUNDER, , ,93.27,,Mahesh Mohite,2020-03-03 16:20:30.300,A,,true,false,,,,,59,14,,,,0,true,,,"4",,,97,,,,,400001,8,"41413127",false,,,false,false,4914,,,,,,,,,,false,
4917,60,"414130003","4",,,,G/N,MAHIM BUNDER, , ,143.54,,Mahesh Mohite,2020-03-03 16:20:30.300,A,,true,false,,,,,59,14,,,,0,true,,,"4",,,97,,,,,400001,8,"41413104",false,,,false,false,4917,,,,,,,,,,false,
4920,51,"414040001","7",,,,A,JAMSHEDJI BUNDER,"134",COLABA,329.90,,Mahesh Mohite,2020-03-03 16:20:30.300,A,,true,false,,,,,59,14,,,,0,true,,,"4",,,97,,,,,400001,1,"41404109",false,,,false,false,4920,,,,,,,,,,false,
4591,24,"311020049",RR  993 & RR 994,,,,A,MODY BAY,"61/1187",FORT,883.79,,Mahesh Mohite,2020-03-03 16:20:30.300,A,,true,false,,,,,58,11,,,,0,true,,,"4",,,97,,,,,400001,1,"31102104",false,,,false,false,4591,,,,,,,,,,false,
4943,60,"414130016","1657",,,,G/N,MAHIM BUNDER, , ,4821.67,,Mahesh Mohite,2020-03-03 16:20:30.300,A,,true,false,,,,,59,14,,,,0,true,,,"4",,,97,,,,,400016,8,"41413128",false,,,false,false,4943,,,,,,,,,,false,
4921,51,"414040002","8",,,,A,JAMSHEDJI BUNDER,"134",COLABA,1490.63,,Mahesh Mohite,2020-03-03 16:20:30.300,A,,true,false,,,,,59,14,,,,0,true,,,"4",,,97,,,,,400001,1,"41404108",false,,,false,false,4921,,,,,,,,,,false,
4922,60,"414130006","8",,,,G/N,MAHIM BUNDER, , ,722.14,,Mahesh Mohite,2020-03-03 16:20:30.300,A,,true,false,,,,,59,14,,,,0,true,,,"4",,,97,,,,,400001,8,"41413106",false,,,false,false,4922,,,,,,,,,,false,
4924,60,"414130007","9",,,,G/N,MAHIM BUNDER, , ,1373.67,,Mahesh Mohite,2020-03-03 16:20:30.300,A,,true,false,,,,,59,14,,,,0,true,,,"4",,,97,,,,,400001,8,"41413126",false,,,false,false,4924,,,,,,,,,,false,
4502,21,"310010120",MT PLOT NO 219,,,,B,ELPHINSTON (WEST),FP No.66,PRINCESS DOCK,164.62,,Mahesh Mohite,2020-03-03 16:20:30.300,A,,true,false,,,,,58,10,,,,0,true,,,"4",,,97,,,,,400009,2,"31001303",false,,,false,false,4502,,,,,,,,,,false,
7906,18,"208020003",STALL NO 5 BPT CHAWL WADI BUND,,Mb.P.T. Structure,,E,,"76",MAZAGAON,1.49,,Mahesh Mohite,2020-05-09 18:01:36.360,A,,true,false,,,,,57,8,,,,0,true,,,,,,97,,,,,,,"20802103",false,,,false,false,7906,,,,,,,,,,true,
4916,60,"414130002","3",,,,G/N,MAHIM BUNDER, , ,1634.91,,Mahesh Mohite,2020-03-03 16:20:30.300,A,,true,false,,,,,59,14,,,,0,true,,,"4",,,97,,,,,400001,8,"41413103",false,,,false,false,4916,,,,,,,,,,true,
4918,60,"414130004","5",,,,G/N,MAHIM BUNDER, , ,772.77,,Mahesh Mohite,2020-03-03 16:20:30.300,A,,true,false,,,,,59,14,,,,0,true,,,"4",,,97,,,,,400001,8,"41413102",false,,,false,false,4918,,,,,,,,,,true,
4919,60,"414130005","6",,,,G/N,MAHIM BUNDER, , ,648.00,,Mahesh Mohite,2020-03-03 16:20:30.300,A,,true,false,,,,,59,14,,,,0,true,,,"4",,,97,,,,,400001,8,"41413125",false,,,false,false,4919,,,,,,,,,,true,
7908,18,"208020005",STALL 8 BPT CHAWL WADI BUNDER,,Mb.P.T. Structure,,E,,"75",MAZAGAON,1.49,,Mahesh Mohite,2020-05-09 18:01:36.360,A,,true,false,,,,,57,8,,,,0,true,,,,,,97,,,,,,,"20802105",false,,,false,false,7908,,,,,,,,,,true,
7910,18,"208020007",STALL 12 BPT WADI BR CHAWL,,Mb.P.T. Structure,, ,, , ,1.49,,Mahesh Mohite,2020-05-09 18:01:36.360,A,,true,false,,,,,57,8,,,,0,true,,,,,,97,,,,,,,"20802107",false,,,false,false,7910,,,,,,,,,,true,
7914,18,"208020011",NEW SHOP NO 4,,Mb.P.T. Structure,,E,,"75",MAZAGAON,21.45,,Mahesh Mohite,2020-05-09 18:01:36.360,A,,true,false,,,,,57,8,,,,0,true,,,,,,97,,,,,,,"20802112",false,,,false,false,7914,,,,,,,,,,true,
7915,18,"208020012",SHOP NO 5 WADI BR,,Mb.P.T. Structure,,E,,"75",MAZAGAON,21.45,,Mahesh Mohite,2020-05-09 18:01:36.360,A,,true,false,,,,,57,8,,,,0,true,,,,,,97,,,,,,,"20802113",false,,,false,false,7915,,,,,,,,,,true,
4951,51,"414040005","10 J.B",,,,A,JAMSHEDJI BUNDER,"134",COLABA,517.28,,Mahesh Mohite,2020-03-03 16:20:30.300,A,,true,false,,,,,59,14,,,,0,true,,,"4",,,97,,,,,400001,1,"41404106",false,,,false,false,4951,,,,,,,,,,false,
4968,51,"414040006","11 J.B",,,,A,JAMSHEDJI BUNDER,"141",COLABA,102.19,,Mahesh Mohite,2020-03-03 16:20:30.300,A,,true,false,,,,,59,14,,,,0,true,,,"4",,,97,,,,,400001,1,"41404105",false,,,false,false,4968,,,,,,,,,,false,
4971,51,"414040007","11/A",,,,A,JAMSHEDJI BUNDER,"141",COLABA,199.28,,Mahesh Mohite,2020-03-03 16:20:30.300,A,,true,false,,,,,59,14,,,,0,true,,,"4",,,97,,,,,400001,1,"41404112",false,,,false,false,4971,,,,,,,,,,false,
5001,48,"414010001","13  AT SOUTH DOCK",,,,A,SASSOON DOCK ,"67",COLABA,76.65,,Mahesh Mohite,2020-03-03 16:20:30.300,A,,true,false,,,,,59,14,,,,0,true,,,"4",,,97,,,,,400001,1,"41401101",false,,,false,false,5001,,,,,,,,,,false,
7911,18,"208020008",R R NO. 2042,,Private Structure,,E,,"69",MAZAGAON,112.41,,Mahesh Mohite,2020-05-09 18:01:36.360,A,,true,false,,,,,57,8,,,,0,true,,,,,,97,,,,,,,"20802109",false,,,false,false,7911,,,,,,,,,,false,
7912,18,"208020009",PORTION OF OLD R R 730,,Private Structure,,E,,"69",MAZAGAON,4596.47,,Mahesh Mohite,2020-05-09 18:01:36.360,A,,true,false,,,,,57,8,,,,0,true,,,,,,97,,,,,,,"20802110",false,,,false,false,7912,,,,,,,,,,false,
4503,21,"310010121",MT PLOT NO 30,,,,B,ELPHINSTON (WEST), , ,160.35,,Mahesh Mohite,2020-03-03 16:20:30.300,A,,true,false,,,,,58,10,,,,0,true,,,"4",,,97,,,,,400009,2,"31001320",false,,,false,false,4503,,,,,,,,,,false,
5059,60,"414130017","17 A",,,,G/N,MAHIM BUNDER, , ,21.37,,Mahesh Mohite,2020-03-03 16:20:30.300,A,,true,false,,,,,59,14,,,,0,true,,,"4",,,97,,,,,400016,8,"41413114",false,,,false,false,5059,,,,,,,,,,false,
7601,14,"206010115","132",,Private Structure,,E,,"902",MAZAGAON,132.67,,Mahesh Mohite,2020-05-09 18:01:36.360,A,,true,false,,,,,57,6,,,,0,true,,,,,,97,,,,,,,"20601323",false,,,false,false,7601,,,,,,,,,,false,
5095,47,"413130001","1ST SEWREE BUNDER",,,,F/S,SEWREE BUNDER,"359/145",PAREL-SEWERI,76.65,,Mahesh Mohite,2020-03-03 16:20:30.300,A,,true,false,,,,,59,13,,,,0,true,,,"4",,,97,,,,,400010,7,"41313102",false,,,false,false,5095,,,,,,,,,,false,
5140,60,"414130018","23 A",,,,G/N,MAHIM BUNDER, , ,97.08,,Mahesh Mohite,2020-03-03 16:20:30.300,A,,true,false,,,,,59,14,,,,0,true,,,"4",,,97,,,,,400016,8,"41413120",false,,,false,false,5140,,,,,,,,,,false,
5174,39,"413050058","255/7A",,,,E,COAL BUNDER,"1",MAZAGAON,127.74,,Mahesh Mohite,2020-03-03 16:20:30.300,A,,true,false,,,,,59,13,,,,0,true,,,"4",,,97,,,,,400010,5,"41305244",false,,,false,false,5174,,,,,,,,,,false,
7602,14,"206010116","133",,Private Structure,,E,,"902",MAZAGAON,44.41,,Mahesh Mohite,2020-05-09 18:01:36.360,A,,true,false,,,,,57,6,,,,0,true,,,,,,97,,,,,,,"20601324",false,,,false,false,7602,,,,,,,,,,false,
5228,47,"413130002","3 SEWREE BUNDER",,,,F/S,SEWREE BUNDER,"358/145",PAREL-SEWERI,800.18,,Mahesh Mohite,2020-03-03 16:20:30.300,A,,true,false,,,,,59,13,,,,0,true,,,"4",,,97,,,,,400010,7,"41313104",false,,,false,false,5228,,,,,,,,,,false,
4504,21,"310010122",MT PLOT NO 58,,,,B,ELPHINSTON (WEST),FP No.66,PRINCESS DOCK,203.18,,Mahesh Mohite,2020-03-03 16:20:30.300,A,,true,false,,,,,58,10,,,,0,true,,,"4",,,97,,,,,400009,2,"31001304",false,,,false,false,4504,,,,,,,,,,false,
7547,11,"205010023",NORTH OF LEASEHOLD OF ESSO (E),,Private Structure,,F/S,,"289/145",PAREL-SEWERI,5464.37,,Mahesh Mohite,2020-05-09 18:01:36.360,A,,true,false,,,,,57,5,,,,0,true,,,,,,97,,,,,,,"20501118",false,,,false,false,7547,,,,,,,,,,false,
5359,60,"414130020","7 AT MAHIM BDR",,,,G/N,MAHIM BUNDER, , ,127.74,,Mahesh Mohite,2020-03-03 16:20:30.300,A,,true,false,,,,,59,14,,,,0,true,,,"4",,,97,,,,,400016,8,"41413122",false,,,false,false,5359,,,,,,,,,,false,
5372,59,"414120001","75 EAST WHARF 35 5/9 SQ YARDS",,,,B,MALLET BUNDER,#N/A,#N/A,127.74,,Mahesh Mohite,2020-03-03 16:20:30.300,A,,true,false,,,,,59,14,,,,0,true,,,"4",,,97,,,,,400001,2,"41412201",false,,,false,false,5372,,,,,,,,,,false,
4505,21,"310010123",MT PLOT NO 82,,,,B,ELPHINSTON (WEST), , ,72.19,,Mahesh Mohite,2020-03-03 16:20:30.300,A,,true,false,,,,,58,10,,,,0,true,,,"4",,,97,,,,,400009,2,"31001342",false,,,false,false,4505,,,,,,,,,,false,
5418,57,"414100003",Admn Block 4,,,,B,NEW FERRY WHARF,#N/A,#N/A,88.06,,Mahesh Mohite,2020-03-03 16:20:30.300,A,,true,false,,,,,59,14,,,,0,true,,,"4",,,97,,,,,400010,2,"41410244",false,,,false,false,5418,,,,,,,,,,false,
5419,57,"414100004",Admn Block 5,,,,B,NEW FERRY WHARF,#N/A,#N/A,24.80,,Mahesh Mohite,2020-03-03 16:20:30.300,A,,true,false,,,,,59,14,,,,0,true,,,"4",,,97,,,,,400010,2,"41410246",false,,,false,false,5419,,,,,,,,,,false,
5420,57,"414100005",Admn Block 6,,,,B,NEW FERRY WHARF,#N/A,#N/A,62.34,,Mahesh Mohite,2020-03-03 16:20:30.300,A,,true,false,,,,,59,14,,,,0,true,,,"4",,,97,,,,,400010,2,"41410247",false,,,false,false,5420,,,,,,,,,,false,
5421,57,"414100006","5 STOP POLES & 1 CHOWKEY",,,,B,NEW FERRY WHARF, , ,1.65,,Mahesh Mohite,2020-03-03 16:20:30.300,A,,true,false,,,,,59,14,,,,0,true,,,"4",,,97,,,,,400010,2,"41410226",false,,,false,false,5421,,,,,,,,,,false,
5425,57,"414100007",JETTY SHED,,,,B,NEW FERRY WHARF,#N/A,#N/A,2228.29,,Mahesh Mohite,2020-03-03 16:20:30.300,A,,true,false,,,,,59,14,,,,0,true,,,"4",,,97,,,,,400001,2,"41410101, 
41410102,
41410136,
41410137,
41410138,
41410139,
41410140,
41410141,
41410142,
41410143,
41410144,
41410145,
41410146,
41410147,
41410148,
41410149,
41410150,
41410201,
41410202,
41410203,
41410204,
41410205,
41410206,
41410207,
41410208,
41410209,
41410210,
41410211,
41410212,
41410216,
41410217,
41410218,
41410219,
41410220,
41410227,
41410229,
41410231,
41410224,
41410239,
41410240,
41410241,
41410301,
41410302,
41410303,
41410304,
41410305,
41410306,
41410307,
41410249,
",false,,,false,false,5425,,,,,,,,,,false,
7928,42,"413080059","30/B",,Private Structure,,F/S,,"438/145",PAREL-SEWERI,325.16,,Mahesh Mohite,2020-05-09 18:01:36.360,A,,true,false,,,,,59,13,,,,0,true,,,,,,97,,,,,,,"41308130",false,,,false,false,7928,,,,,,,,,,false,
5426,57,"414100008",JETTY SHED,,,,B,NEW FERRY WHARF, , ,100.39,,Mahesh Mohite,2020-03-03 16:20:30.300,A,,true,false,,,,,59,14,,,,0,true,,,"4",,,97,,,,,400010,2,"41410213, 
41410225,
41410232,
41410233,
41410236,
41410237,
41410222,",false,,,false,false,5426,,,,,,,,,,false,
5428,51,"414040008",LAND AT JB,,,,A,JAMSHEDJI BUNDER,"141",COLABA,24.00,,Mahesh Mohite,2020-03-03 16:20:30.300,A,,true,false,,,,,59,14,,,,0,true,,,"4",,,97,,,,,400010,1,"41404113",false,,,false,false,5428,,,,,,,,,,false,
5429,57,"414100009",LICENCE OF SPACE IN SHED 2 NFW,,,,B,NEW FERRY WHARF,#N/A,#N/A,214.77,,Mahesh Mohite,2020-03-03 16:20:30.300,A,,true,false,,,,,59,14,,,,0,true,,,"4",,,97,,,,,400010,2,"41410250",false,,,false,false,5429,,,,,,,,,,false,
5430,61,"414140002",OFFICE BLDG BUTCHER ISLAND,,,,Other,"BUTCHER ISLAND, M.O.T.", , ,1258.93,,Mahesh Mohite,2020-03-03 16:20:30.300,A,,true,false,,,,,59,14,,,,0,true,,,"4",,,97,,,,,400010,10,"41414101",false,,,false,false,5430,,,,,,,,,,false,
5431,48,"414010002",OPEN SPACE NEAR CUSTOM CHOWKEY,,,,A,SASSOON DOCK ,"1/600",COLABA,30.66,,Mahesh Mohite,2020-03-03 16:20:30.300,A,,true,false,,,,,59,14,,,,0,true,,,"4",,,97,,,,,400001,1,"41401112",false,,,false,false,5431,,,,,,,,,,false,
8387,3,"0101030009",RR2000,dockyard,new ,"285",,kharghar,"","",5551.00,hgjk,mbpt_do,2024-12-10 15:21:18.231,A,mbpt_no,true,false,HBJNJ,2024-12-10 15:24:59.848,mbpt_hod,2024-12-10 15:24:09.068,,,mbpt_hod,,rr20000,0,true,"","",,,,9,east,west,north,south,431127,1,"151220001",false,2024-11-26,9999-01-28,false,false,8387,,Plot,No,,,,,,,,
5447,48,"414010004","R.R.NO. 1796,S.D.",,,,A,SASSOON DOCK ,"31/67",COLABA,26.38,,Mahesh Mohite,2020-03-03 16:20:30.300,A,,true,false,,,,,59,14,,,,0,true,,,"4",,,97,,,,,400001,1,"41401109",false,,,false,false,5447,,,,,,,,,,false,
5436,60,"414130022",PART OF 9 AT MAHIM BUNDER,,,,G/N,MAHIM BUNDER, , ,161.93,,Mahesh Mohite,2020-03-03 16:20:30.300,A,,true,false,,,,,59,14,,,,0,true,,,"4",,,97,,,,,400016,8,"41413130",false,,,false,false,5436,,,,,,,,,,false,
5437,47,"413130003",PART OF R.R.1808,,,,F/S,SEWREE BUNDER,"358/145",PAREL-SEWERI,3625.36,,Mahesh Mohite,2020-03-03 16:20:30.300,A,,true,false,,,,,59,13,,,,0,true,,,"4",,,97,,,,,400010,7,"41313106",false,,,false,false,5437,,,,,,,,,,false,
5438,57,"414100010",Passenger  SHED 3,,,,B,NEW FERRY WHARF,"1",PRINCESS DOCK,5.13,,Mahesh Mohite,2020-03-03 16:20:30.300,A,,true,false,,,,,59,14,,,,0,true,,,"4",,,97,,,,,400010,2,"41410221",false,,,false,false,5438,,,,,,,,,,false,
5440,59,"414120002",PLOT AT MALLET BUNDER,,,,B,MALLET BUNDER,"11/193",PRINCESS DOCK,253.50,,Mahesh Mohite,2020-03-03 16:20:30.300,A,,true,false,,,,,59,14,,,,0,true,,,"4",,,97,,,,,400010,2,"41412204",false,,,false,false,5440,,,,,,,,,,false,
5441,59,"414120003",PLOT AT MALLET BUNDER.,,,,B,MALLET BUNDER,"11/193",PRINCESS DOCK,59.00,,Mahesh Mohite,2020-03-03 16:20:30.300,A,,true,false,,,,,59,14,,,,0,true,,,"4",,,97,,,,,400010,2,"41412205",false,,,false,false,5441,,,,,,,,,,false,
5442,38,"413040218",PLOT LAND ADJ NEW REST HOUSE,,,,E,LAKRI BUNDER,"1",MAZAGAON,25.00,,Mahesh Mohite,2020-03-03 16:20:30.300,A,,true,false,,,,,59,13,,,,0,true,,,"4",,,97,,,,,400010,5,"41304522",false,,,false,false,5442,,,,,,,,,,false,
5443,48,"414010003",PLOT NO 14 AT SOUTH WHARF SDK,,,,A,SASSOON DOCK ,"67",COLABA,97.56,,Mahesh Mohite,2020-03-03 16:20:30.300,A,,true,false,,,,,59,14,,,,0,true,,,"4",,,97,,,,,400001,1,"41401103",false,,,false,false,5443,,,,,,,,,,false,
5444,51,"414040009",PLOT OF LAND AT J.B.,,,,A,JAMSHEDJI BUNDER,"134",COLABA,90.92,,Mahesh Mohite,2020-03-03 16:20:30.300,A,,true,false,,,,,59,14,,,,0,true,,,"4",,,97,,,,,400010,1,"41404114",false,,,false,false,5444,,,,,,,,,,false,
5445,50,"414030001",R.R.1752 AT PILOT BUNDER,,,,A,PILOT BUNDER, , ,1962.58,,Mahesh Mohite,2020-03-03 16:20:30.300,A,,true,false,,,,,59,14,,,,0,true,,,"4",,,97,,,,,400005,1,"41403101",false,,,false,false,5445,,,,,,,,,,false,
5427,61,"414140001",LAND AT BI,,,,Other,"BUTCHER ISLAND, M.O.T.", , ,1207.00,,Mahesh Mohite,2020-03-03 16:20:30.300,A,,true,false,,,,,59,14,,,,0,true,,,"4",,,97,,,,,400010,10,"41414102",false,,,false,false,5427,,,,,,,,,,true,
7548,11,"205010024",RR NO 1629,,Private Structure,,F/S,,"321/145",PAREL-SEWERI,42849.86,,Mahesh Mohite,2020-05-09 18:01:36.360,A,,true,false,,,,,57,5,,,,0,true,,,,,,97,,,,,,,"20501119",false,,,false,false,7548,,,,,,,,,,false,
5448,45,"413110001",REST STAND AT HAJI BUNDER FISH WHARF,,,,F/S,HAJI BUNDER FISH WHARF,"361/145",PAREL-SEWERI,32.77,,Mahesh Mohite,2020-03-03 16:20:30.300,A,,true,false,,,,,59,13,,,,0,true,,,"4",,,97,,,,,400010,7,"41311101",false,,,false,false,5448,,,,,,,,,,false,
5449,52,"414050001",ROOM IN PT STRUCTURE,,,,A,APOLLO BUNDER,"42",FORT,10.22,,Mahesh Mohite,2020-03-03 16:20:30.300,A,,true,false,,,,,59,14,,,,0,true,,,"4",,,97,,,,,400010,1,"41405102",false,,,false,false,5449,,,,,,,,,,false,
5450,48,"414010005",RR 1805 AT S.D.,,,,A,SASSOON DOCK ,"9999",COLABA,72.46,,Mahesh Mohite,2020-03-03 16:20:30.300,A,,true,false,,,,,59,14,,,,0,true,,,"4",,,97,,,,,400001,1,"41401108",false,,,false,false,5450,,,,,,,,,,false,
5451,48,"414010006",RR 1862,,,,A,SASSOON DOCK ,"31/67",COLABA,14.21,,Mahesh Mohite,2020-03-03 16:20:30.300,A,,true,false,,,,,59,14,,,,0,true,,,"4",,,97,,,,,400001,1,"41401110",false,,,false,false,5451,,,,,,,,,,false,
5452,48,"414010007",RR 1954 AT SASSOON DOCK,,,,A,SASSOON DOCK ,"31/67",COLABA,11.61,,Mahesh Mohite,2020-03-03 16:20:30.300,A,,true,false,,,,,59,14,,,,0,true,,,"4",,,97,,,,,400001,1,"41401111",false,,,false,false,5452,,,,,,,,,,false,
5453,62,"414150001",SHED AT PP,,,,M,PIR PAU BUNDER, , ,32.52,,Mahesh Mohite,2020-03-03 16:20:30.300,A,,true,false,,,,,59,14,,,,0,true,,,"4",,,97,,,,,400010,9,"41415101",false,,,false,false,5453,,,,,,,,,,false,
5454,59,"414120004",SHOPS,,,,B,MALLET BUNDER,"1",PRINCESS DOCK,843.78,,Mahesh Mohite,2020-03-03 16:20:30.300,A,,true,false,,,,,59,14,,,,0,true,,,"4",,,97,,,,,400001,2,"41412102,
41412131,
41412132,
41412133,
41412103,
41412104,
41412105,
41412106,
41412107,
41412108,
41412109,
41412110,
41412111,
41412112,
41412113,
41412114,
41412115,
41412116,
41412128,
41412129,
41412124,
41412125,
41412135,
41412136,
41412139,
41412140,
41412147,
41412148,
41412144,
41412149,
41412126,
41412143,
41412130,",false,,,false,false,5454,,,,,,,,,,false,
5455,59,"414120005",SHOPS,,,,B,MALLET BUNDER,"1",PRINCESS DOCK,381.38,,Mahesh Mohite,2020-03-03 16:20:30.300,A,,true,false,,,,,59,14,,,,0,true,,,"4",,,97,,,,,400010,2,"41412127, 
41412117,
41412118,
41412119,
41412121,
41412120,
41412122,
41412137,
41412138,
41412141,
41412142,
41412145,
41412146,
41412150,
41412123,",false,,,false,false,5455,,,,,,,,,,false,
5456,52,"414050002",SPACE AT APOLLO BDR,,,,A,APOLLO BUNDER,"42",FORT,5.02,,Mahesh Mohite,2020-03-03 16:20:30.300,A,,true,false,,,,,59,14,,,,0,true,,,"4",,,97,,,,,400010,1,"41405101",false,,,false,false,5456,,,,,,,,,,false,
5457,64,"414170001",SPACE AT CHOWPATTY BUNDER,,,,D,CHOWPATY BUNDER, , ,9.29,,Mahesh Mohite,2020-03-03 16:20:30.300,A,,true,false,,,,,59,14,,,,0,true,,,"4",,,97,,,,,400010,4,"41417101",false,,,false,false,5457,,,,,,,,,,false,
5458,51,"414040010",SPACE AT JB,,,,A,JAMSHEDJI BUNDER,"132",COLABA,12.83,,Mahesh Mohite,2020-03-03 16:20:30.300,A,,true,false,,,,,59,14,,,,0,true,,,"4",,,97,,,,,400010,1,"41404104",false,,,false,false,5458,,,,,,,,,,false,
5459,48,"414010008",SPACE AT SOUTH WHARF,,,,A,SASSOON DOCK ,"22/67",COLABA,69.58,,Mahesh Mohite,2020-03-03 16:20:30.300,A,,true,false,,,,,59,14,,,,0,true,,,"4",,,97,,,,,400001,1,"41401105",false,,,false,false,5459,,,,,,,,,,false,
5460,48,"414010009",SPACE AT SOUTH WHARF S.D.,,,,A,SASSOON DOCK ,"67",COLABA,27.87,,Mahesh Mohite,2020-03-03 16:20:30.300,A,,true,false,,,,,59,14,,,,0,true,,,"4",,,97,,,,,400001,1,"41401102",false,,,false,false,5460,,,,,,,,,,false,
5461,57,"414100012",SPACE BET PLOTS 2&3,,,,B,NEW FERRY WHARF, , ,13.80,,Mahesh Mohite,2020-03-03 16:20:30.300,A,,true,false,,,,,59,14,,,,0,true,,,"4",,,97,,,,,400010,2,"41410234",false,,,false,false,5461,,,,,,,,,,false,
5462,59,"414120006",SPACE ON EXPT WHARF(CHOWKEY 13,,,,B,MALLET BUNDER,"1",PRINCESS DOCK,49.79,,Mahesh Mohite,2020-03-03 16:20:30.300,A,,true,false,,,,,59,14,,,,0,true,,,"4",,,97,,,,,400010,2,"41412134",false,,,false,false,5462,,,,,,,,,,false,
5463,59,"414120007",STR AT IMPORT GATE (OFF ROOM),,,,B,MALLET BUNDER,"1",PRINCESS DOCK,64.69,,Mahesh Mohite,2020-03-03 16:20:30.300,A,,true,false,,,,,59,14,,,,0,true,,,"4",,,97,,,,,400010,2,"41412101",false,,,false,false,5463,,,,,,,,,,false,
5465,57,"414100013",TRANSIT MAP BOARD OF GOA NFW,,,,B,NEW FERRY WHARF,#N/A,#N/A,3.78,,Mahesh Mohite,2020-03-03 16:20:30.300,A,,true,false,,,,,59,14,,,,0,true,,,"4",,,97,,,,,400010,2,"41410248",false,,,false,false,5465,,,,,,,,,,false,
5466,51,"414040011",WORKSHOP AT JAMSHEDJI BUNDER,,,,A,JAMSHEDJI BUNDER,"132",COLABA,267.10,,Mahesh Mohite,2020-03-03 16:20:30.300,A,,true,false,,,,,59,14,,,,0,true,,,"4",,,97,,,,,400010,1,"41404103",false,,,false,false,5466,,,,,,,,,,false,
5467,39,"413050110",,,,,E,COAL BUNDER,"1",MAZAGAON,56.00,,Mahesh Mohite,2020-03-03 16:20:30.300,A,,true,false,,,,,59,13,,,,0,true,,,"4",,,97,,,,,400010,5,"41305101",false,,,false,false,5467,,,,,,,,,,false,
7918,21,"310010208","8 BET'N SHOLAPUR ST&RAICHUR ST",,Private Structure,,B,,FP No.10,PRINCESS DOCK,1145.03,,Mahesh Mohite,2020-05-09 18:01:36.360,A,,true,false,,,,,58,10,,,,0,true,,,,,,97,,,,,,,"31001113",false,,,false,false,7918,,,,,,,,,,false,
7920,21,"310010210","62/2 BARODA ST",,Private Structure,,B,,"42",PRINCESS DOCK,99.41,,Mahesh Mohite,2020-05-09 18:01:36.360,A,,true,false,,,,,58,10,,,,0,true,,,,,,97,,,,,,,"31001233",false,,,false,false,7920,,,,,,,,,,false,
7926,39,"413050111","235A/7",,Open Plot,,E,,"1",MAZAGAON,83.61,,Mahesh Mohite,2020-05-09 18:01:36.360,A,,true,false,,,,,59,13,,,,0,true,,,,,,97,,,,,,,"41305309",false,,,false,false,7926,,,,,,,,,,false,
7927,42,"413080058","29/B",,Private Structure,,F/S,,"438/145",PAREL-SEWERI,418.06,,Mahesh Mohite,2020-05-09 18:01:36.360,A,,true,false,,,,,59,13,,,,0,true,,,,,,97,,,,,,,"41308129",false,,,false,false,7927,,,,,,,,,,false,
8390,1,"",Plot at Wadala Near MbPA Hospital,,PRIVATE STRUCTURE,,F/N,"","","",0.00,,Mahesh Mohite,2020-03-03 16:20:30.300,A,,true,false,,,,,56,1,,,,0,false,,,,,,,"","","","",,6,"10101152",false,,,false,false,8390,,,,,,,,,,false,
3058,1,"101010016",LEASE OF PORTION OF INCINERATO,,PRIVATE STRUCTURE,,F/S,WADALA,"358",DADAR-NAIGAON,2291.20,,Mahesh Mohite,2020-03-03 16:20:30.300,A,,true,false,,,,,56,1,,,,0,true,,,,,,97,MbPT ROAD,OPEN LAND,WADALA INCINERATOR ROAD,OPEN LAND,400035,7,"10101205",true,,,false,false,3058,,,,,,,,,,false,
7931,48,"414010010",SPACE AT SOUTH WHARF S.DOCK,,Private Structure,,A,,"67",COLABA,65.03,,Mahesh Mohite,2020-05-09 18:01:36.360,A,,true,false,,,,,59,14,,,,0,true,,,,,,97,,,,,,,"41401104",false,,,false,false,7931,,,,,,,,,,false,
7932,48,"414010011",SPACE AT SOUTH WHARF,,Private Structure,,A,,"67",COLABA,27.87,,Mahesh Mohite,2020-05-09 18:01:36.360,A,,true,false,,,,,59,14,,,,0,true,,,,,,97,,,,,,,"41401106",false,,,false,false,7932,,,,,,,,,,false,
7933,48,"414010012",SPACE AT SOUTH WHARF,,Private Structure,, ,, , ,36.00,,Mahesh Mohite,2020-05-09 18:01:36.360,A,,true,false,,,,,59,14,,,,0,true,,,,,,97,,,,,,,"41401107",false,,,false,false,7933,,,,,,,,,,false,
7934,51,"414040012",SPACE AT JB,,Private Structure,,A,,"132",COLABA,27.87,,Mahesh Mohite,2020-05-09 18:01:36.360,A,,true,false,,,,,59,14,,,,0,true,,,,,,97,,,,,,,"41404110",false,,,false,false,7934,,,,,,,,,,false,
7935,51,"414040013",SPACE AT JB,,Private Structure,,A,,"132",COLABA,17.64,,Mahesh Mohite,2020-05-09 18:01:36.360,A,,true,false,,,,,59,14,,,,0,true,,,,,,97,,,,,,,"41404111",false,,,false,false,7935,,,,,,,,,,false,
3044,1,"101010002","5",,,,F/N,WADALA,"6 (PT)",SALT PAN,3.53,,Mahesh Mohite,2020-03-03 16:20:30.300,A,,true,false,,,,,56,1,,,,0,true,,,"4",,,97,,,,,400035,6,"10101145",false,,,false,false,3044,,,,,,,,,,true,
7936,59,"414120008",ROOM NO.7 AT MALLET BUNDER.,,Mb.P.T. Structure,, ,, , ,13.38,,Mahesh Mohite,2020-05-09 18:01:36.360,A,,true,false,,,,,59,14,,,,0,true,,,,,,97,,,,,,,"41412203",false,,,false,false,7936,,,,,,,,,,false,
7937,60,"414130023","8A",,Private Structure,, ,, , ,121.42,,Mahesh Mohite,2020-05-09 18:01:36.360,A,,true,false,,,,,59,14,,,,0,true,,,,,,97,,,,,,,"41413105",false,,,false,false,7937,,,,,,,,,,false,
7938,60,"414130024",PART OF 9,,Open Plot,, ,, , ,92.90,,Mahesh Mohite,2020-05-09 18:01:36.360,A,,true,false,,,,,59,14,,,,0,true,,,,,,97,,,,,,,"41413108",false,,,false,false,7938,,,,,,,,,,false,
7939,60,"414130025",PART OF 9,,Open Plot,, ,, , ,8.36,,Mahesh Mohite,2020-05-09 18:01:36.360,A,,true,false,,,,,59,14,,,,0,true,,,,,,97,,,,,,,"41413109",false,,,false,false,7939,,,,,,,,,,false,
7940,60,"414130026",PART OF 9,,Open Plot,, ,, , ,58.06,,Mahesh Mohite,2020-05-09 18:01:36.360,A,,true,false,,,,,59,14,,,,0,true,,,,,,97,,,,,,,"41413110",false,,,false,false,7940,,,,,,,,,,false,
7941,60,"414130027","18/A",,Private Structure,, ,, , ,22.02,,Mahesh Mohite,2020-05-09 18:01:36.360,A,,true,false,,,,,59,14,,,,0,true,,,,,,97,,,,,,,"41413113",false,,,false,false,7941,,,,,,,,,,false,
7942,55,"414080001",'C'SHED ON WEST YARD I.DOCK,,Mb.P.T. Structure,,A,,"1187",FORT,603.87,,Mahesh Mohite,2020-05-09 18:01:36.360,A,,true,false,,,,,59,14,,,,0,true,,,,,,97,,,,,,,"51501102",false,,,false,false,7942,,,,,,,,,,false,
7917,18,"208020014",NEW SHOP NO 2,,Mb.P.T. Structure,,E,,"75",MAZAGAON,21.45,,Mahesh Mohite,2020-05-09 18:01:36.360,A,,true,false,,,,,57,8,,,,0,true,,,,,,97,,,,,,,"20802115",false,,,false,false,7917,,,,,,,,,,true,
7919,21,"310010209","13 SHOLAPUR ST",,Open Plot,,B,,FP No.26,PRINCESS DOCK,468.24,,Mahesh Mohite,2020-05-09 18:01:36.360,A,,true,false,,,,,58,10,,,,0,true,,,,,,97,,,,,,,"31001137",false,,,false,false,7919,,,,,,,,,,true,
3060,1,"101010018",OF LAND AT ANTOP VILLAGE,,PRIVATE STRUCTURE,,F/S,WADALA,"29/358",DADAR-NAIGAON,371.55,,Mahesh Mohite,2020-03-03 16:20:30.300,A,,true,false,,,,,56,1,,,,0,true,,,,,,97,KHARUP CREEK,RR – 1739,KHARUP CREEK,MbPT LAND,400035,7,"10101130",false,,,false,false,3060,,,,,,,,,,false,
3062,1,"101010020",OLD R R NO.932,,PRIVATE STRUCTURE,,F/S,WADALA,"5/358",DADAR-NAIGAON,27629.91,,Mahesh Mohite,2020-03-03 16:20:30.300,A,,true,false,,,,,56,1,,,,0,true,,,,,,97,MbPT ROAD,TROMBAY ROAD,MbPT ROAD,RR – 2035  ,400035,7,"10101207",true,,,false,false,3062,,,,,,,,,,false,
3063,1,"101010021",OLD R.R. 1803,,PRIVATE STRUCTURE,,F/S,WADALA,"7B/358",DADAR-NAIGAON,10492.10,,Mahesh Mohite,2020-03-03 16:20:30.300,A,,true,false,,,,,56,1,,,,0,true,,,,,,97,MbPT HOSPITAL ROAD,MbPT LAND,RR – 2052 & ADDL. LAND ,RR – 1673,400035,7,"10101139",true,,,false,false,3063,,,,,,,,,,false,
3064,1,"101010022",OLD R.R.1940,,PRIVATE STRUCTURE,,F/S,WADALA,"8B/358",DADAR-NAIGAON,5332.63,,Mahesh Mohite,2020-03-03 16:20:30.300,A,,true,false,,,,,56,1,,,,0,true,,,,,,97,MbPT ROAD,MbPT LAND,ACQUIRED BY GOVT.,RR – 1646 (VEG OILS PVT. LTD.),400035,7,"10101141",true,,,false,false,3064,,,,,,,,,,false,
3065,1,"101010023",PLOT NO 7,,PRIVATE STRUCTURE,,F/N,WADALA,"8A/358",DADAR-NAIGAON,16.72,,Mahesh Mohite,2020-03-03 16:20:30.300,A,,true,false,,,,,56,1,,,,0,true,,,,,,97,L. M. NADKARNI MARG.,LAND WITH MbPT SISTER DEPT.,L. M. NADKARNI MARG.,LAND WITH MbPT SISTER DEPT.,400035,6,"10101223",false,,,false,false,3065,,,,,,,,,,false,
3066,1,"101010024",UNIT NO 1 TO 4 IN BLOCK NO 9,,MbPT STRUCTURE,,F/N,WADALA,"358",DADAR-NAIGAON,117.24,,Mahesh Mohite,2020-03-03 16:20:30.300,A,,true,false,,,,,56,1,,,,0,true,,,,,,97,LAND WITH MbPT SISTER DEPT.,LAND WITH MbPT SISTER DEPT.,LAND WITH MbPT SISTER DEPT.,LAND WITH MbPT SISTER DEPT.,400035,6,"10101129",false,,,false,false,3066,,,,,,,,,,false,
3072,1,"101010030","CONSOLIDATED RR - 919, RR - 1563, RR - 1584 & RR - 2035",,PRIVATE STRUCTURE,,F/S,WADALA,"11/358",DADAR-NAIGAON,50868.03,,Mahesh Mohite,2020-03-03 16:20:30.300,A,mmahesh_no,true,false,,,ksache_hod,,56,1,ksache_hod,,,0,true,,,,,,104,LAND WITH MbPT SISTER DEPT.,SEWREE FORT ROAD,RR – 932,MbPT PASSAGE,400035,7,"10101243",true,,,false,false,3072,,,,,,,,,,false,
3083,1,"101010037",R R 2062,,PRIVATE STRUCTURE,,F/N,WADALA,"9/358",DADAR-NAIGAON,2016.74,,Mahesh Mohite,2020-03-03 16:20:30.300,A,,true,false,,,,,56,1,,,,0,true,,,,,,97,RECREATION GROUND,LAND WITH MbPT SISTER DEPT.,LAND WITH MbPT SISTER DEPT.,LAND WITH MbPT SISTER DEPT.,400035,6,"10101126",false,,,false,false,3083,,,,,,,,,,false,
3085,1,"101010038",R.R. 2052,,PRIVATE STRUCTURE,,F/S,WADALA,"8A/358",DADAR-NAIGAON,55.74,,Mahesh Mohite,2020-03-03 16:20:30.300,A,,true,false,,,,,56,1,,,,0,true,,,,,,97,MbPT HOSPITAL ROAD,ADDL. LAND,ACQUIRED BY GOVT.,RR - 1803,400035,7,"10101140",true,,,false,false,3085,,,,,,,,,,false,
3086,1,"101010039",R.R. 2084,,PRIVATE STRUCTURE,,F/S,WADALA,"25/358",DADAR-NAIGAON,4556.61,,Mahesh Mohite,2020-03-03 16:20:30.300,A,,true,false,,,,,56,1,,,,0,true,,,,,,97,KHARUP CREEK,TROMBAY ROAD,BOARDS LAND,TROMBAY ROAD,400035,7,"10101149",true,,,false,false,3086,,,,,,,,,,false,
3093,1,"101010046",SITE NORTH OF DESPENSARY,,,,F/N,WADALA,"358",DADAR-NAIGAON,13.38,,Mahesh Mohite,2020-03-03 16:20:30.300,A,,true,false,,,,,56,1,,,,0,true,,,,,,97,PLOT : 25,REYNLODES ROAD,PLOT : 25,PLOT : 25,400035,6,"10101236",true,,,false,false,3093,,,,,,,,,,false,
3094,1,"101010047","STARTER'S OFFICE,RELIEF SHELTR",,PRIVATE STRUCTURE,,F/N,WADALA,"358",DADAR-NAIGAON,22.41,,Mahesh Mohite,2020-03-03 16:20:30.300,A,,true,false,,,,,56,1,,,,0,true,,,,,,97,LAND WITH MbPT SISTER DEPT.,L. M. NADKARNI MARG.,L. M. NADKARNI MARG.,L. M. NADKARNI MARG.,400035,6,"10101250",false,,,false,false,3094,,,,,,,,,,false,
3103,5,"101050003","8",,PRIVATE STRUCTURE,,F/S,SEWREE (EAST),"145",PAREL-SEWERI,58.06,,Mahesh Mohite,2020-03-03 16:20:30.300,A,,true,false,,,,,56,1,,,,0,true,,,,,,97,RR – 1908,PLOT : 9,SITE : C,SEWREE BUNDER ROAD,400015,7,"10105103",false,,,false,false,3103,,,,,,,,,,false,
8197,19,"309010121",OLD R.R.NO 1575 GAMADIA ROAD, , , ,A WARD , ,,FORT,226.59,,Mahesh Mohite,2020-07-15 12:13:57.570,A,,true,false, ,,,,58,9,nihar, , ,0,true, , , ,,,97, , , , ,,,"30901120",false,,,false,false,8197,,,,,,,,,,false,
3067,1,"101010025",R R 1022 & 1776(LEASE),,PRIVATE STRUCTURE,,F/S,WADALA,"6/358",DADAR-NAIGAON,42645.36,,Mahesh Mohite,2020-03-03 16:20:30.300,A,,true,false,,,,,56,1,,,,0,true,,,,,,97,RAILWAY SIDING,MbPT HOSPITAL ROAD,RR – 1249,RAILWAY SIDING,400035,7,"10101135",false,,,false,false,3067,,,,,,,,,,true,
3061,1,"101010019",OLD R R 1860,,PRIVATE STRUCTURE,,F/S,WADALA,"1/358",DADAR-NAIGAON,54872.14,,Mahesh Mohite,2020-03-03 16:20:30.300,A,,true,false,,,,,56,1,,,,0,true,,,,,,97,RR – 2023 & LEASED T CASTROL LTD.,RR – 1735,TROMBAY ROAD,LEASED TO CENTRAL WAREHOUSING CORPORATION. & PARTLY BY MbPT ROAD ,400035,7,"10101203",true,,,false,false,3061,,,,,,,,,,true,
4565,21,"310010133",OLD RR 1046,,,,B,ELPHINSTON (WEST),"86",PRINCESS DOCK,174.38,,Mahesh Mohite,2020-03-03 16:20:30.300,A,,true,false,,,,,58,10,,,,0,true,,,,,,97,OLD RR NO. 1058,RR NO. 1213,F.P 95,SURAT STREET,400009,2,"31001432",false,,,false,false,4565,,,,,,,,,,false,
3080,1,"101010035",R R 2012,,PRIVATE STRUCTURE,,F/S,WADALA,"12B/358",DADAR-NAIGAON,15276.78,,Mahesh Mohite,2020-03-03 16:20:30.300,A,,true,false,,,,,56,1,,,,0,true,,,,,,97,SEWREE FORT ROAD,MbPT LAND ,MbPT LAND ,"MbPT LAND, PLOT NO. 101",400035,7,"10101210",true,,,false,false,3080,,,,,,,,,,true,
3071,1,"101010029",R R 1486,,PRIVATE STRUCTURE,,F/S,WADALA,"12A/358",DADAR-NAIGAON,27809.95,,Mahesh Mohite,2020-03-03 16:20:30.300,A,,true,false,,,,,56,1,,,,0,true,,,,,,97,RR – 1663,PLOT : 107,MbPT LAND & PLOT : 101,CALTEX ROAD,400035,7,"10101208",true,,,false,false,3071,,,,,,,,,,true,
3075,1,"101010032",R R 1663,,PRIVATE STRUCTURE,,F/S,WADALA,"12D/358",DADAR-NAIGAON,14155.72,,Mahesh Mohite,2020-03-03 16:20:30.300,A,mmahesh_no,true,false,,,,,56,1,mmahesh_no,,,0,true,,,,,,104,SEWRI FORT ROAD,HINDUSTAN PETROLEUM CORP. LTD.,PLOT - 101,MbPT ROAD,400035,7,"10101209",true,,,false,false,3075,,,,,,,,,,true,
3081,1,"101010036",R R 2013,,PRIVATE STRUCTURE,,F/S,WADALA,"29/358",DADAR-NAIGAON,4566.18,,Mahesh Mohite,2020-03-03 16:20:30.300,A,,true,false,,,,,56,1,,,,0,true,,,,,,97,MbPT PASSAGE,L.M. NADKARNI MARG ,HINDUSTAN PETROLEUM LTD.,RR - 1314,400035,7,"10101134",false,,,false,false,3081,,,,,,,,,,true,
3102,5,"101050002","6",,PRIVATE STRUCTURE,,F/S,SEWREE (EAST),"260/145",PAREL-SEWERI,1326.66,,Mahesh Mohite,2020-03-03 16:20:30.300,A,,true,false,,,,,56,1,,,,0,true,,,,,,97,PLOT : 5,MbPT ROAD,PLOT : 36,SEWREE BUNDER ROAD,400015,7,"10105109",true,,,false,false,3102,,,,,,,,,,true,
3069,1,"101010027",R R 1314,,PRIVATE STRUCTURE,,F/S,WADALA,"29/358",DADAR-NAIGAON,1858.06,,Mahesh Mohite,2020-03-03 16:20:30.300,A,,true,false,,,,,56,1,,,,0,true,,,,,,97,RR -  2026,MbPT PASSAGE,"WESTERN INDIA OIL DIST. CO. OF INDIA LTD, RR - 2013",RR -  1249,400035,7,"10101133",false,,,false,false,3069,,,,,,,,,,true,
3074,1,"101010031",R R 1646,,PRIVATE STRUCTURE,,F/S,WADALA,"8A/358",DADAR-NAIGAON,24265.71,,Mahesh Mohite,2020-03-03 16:20:30.300,A,,true,false,,,,,56,1,,,,0,true,,,,,,97,MbPT LAND,RED BOUNDARY LINE ROAD,RR - 1940 & RED BOUNDARY LINE ROAD,MbPT LAND & RED BOUNDARY LINE ROAD & M.T (ADJ TO R.R.1646 & 1673),400035,7,"10101136",true,,,false,false,3074,,,,,,,,,,true,
3077,1,"101010033",R R 1673,,PRIVATE STRUCTURE,,F/S,WADALA,"7A2/358",DADAR-NAIGAON,3340.79,,Mahesh Mohite,2020-03-03 16:20:30.300,A,,true,false,,,,,56,1,,,,0,true,,,,,,97,MbPT HOSPITAL ROAD,MbPT LAND,RR - 1803,RR - 1646,400035,7,"10101137",true,,,false,false,3077,,,,,,,,,,true,
3101,5,"101050001","1",,PRIVATE STRUCTURE,,F/S,SEWREE (EAST),"145",PAREL-SEWERI,2457.10,,Mahesh Mohite,2020-03-03 16:20:30.300,A,,true,false,,,,,56,1,,,,0,true,,,,,,97,SEWREE FORT ROAD,RR – 1984,SEWREE KOLIWADA ROAD,MbPT ROAD,400015,7,"10105116",true,,,false,false,3101,,,,,,,,,,true,
3095,1,"101010048",STERILE STRIP OF P.T LAND BETN.OLD RR NOS.1673 & 1646.,,OPEN PLOT,,F/S,WADALA,"7B/358",DADAR-NAIGAON,761.90,,Mahesh Mohite,2020-03-03 16:20:30.300,A,,true,false,,,,,56,1,,,,0,true,,,,,,97,RR – 1803 & RR – 1673 & RR – 1646,RR – 1940 & RR – 1646,LAND AQUIRED BY GOVT.,O.P.L YARD,400035,7,"10101319",false,,,false,false,3095,,,,,,,,,,true,
3070,1,"101010028",R R 1485,,PRIVATE STRUCTURE,,F/S,WADALA,"16/358",DADAR-NAIGAON,17237.00,,Mahesh Mohite,2020-03-03 16:20:30.300,A,,true,false,,,,,56,1,,,,0,true,,,,,,97,RR - 1739 & RR - 2026,L.M. NADKARNI MARG ,RR - 1739,RR - 2013,400035,7,"10101131",false,,,false,false,3070,,,,,,,,,,true,
3106,5,"101050006","25",,PRIVATE STRUCTURE,,F/S,SEWREE (EAST),"145",PAREL-SEWERI,662.00,,Mahesh Mohite,2020-03-03 16:20:30.300,A,,true,false,,,,,56,1,,,,0,true,,,,,,97,RR – 2056,SEWREE FORT ROAD,RR – 2056,PLOT : 7,400015,7,"10105148",true,,,false,false,3106,,,,,,,,,,false,
3109,5,"101050009","102",,PRIVATE STRUCTURE,,F/S,SEWREE (EAST),"145",PAREL-SEWERI,418.06,,Mahesh Mohite,2020-03-03 16:20:30.300,A,,true,false,,,,,56,1,,,,0,true,,,,,,97,PLOT : 91 (FML),XIII - OLD SEWREE WAREHOUSE,ACQUIRED BY GOVT.,MbPT PASSAGE,400015,7,"10105119",false,,,false,false,3109,,,,,,,,,,false,
3110,5,"101050010","12 & 13 WITH ADDL LAND",,PRIVATE STRUCTURE,,F/S,SEWREE (EAST),"145",PAREL-SEWERI,845.70,,Mahesh Mohite,2020-03-03 16:20:30.300,A,,true,false,,,,,56,1,,,,0,true,,,,,,97,RAILWAY SIDING,RAILWAY SIDING,PLOT : 14,PLOT : 11,400015,7,"10105126",false,,,false,false,3110,,,,,,,,,,false,
3112,5,"101050011","26 AND 26A",,PRIVATE STRUCTURE,,F/S,SEWREE (EAST),"145",PAREL-SEWERI,413.42,,Mahesh Mohite,2020-03-03 16:20:30.300,A,,true,false,,,,,56,1,,,,0,true,,,,,,97,PLOT : 7,SEWREE FORT ROAD,M.T (25),PLOT : 7,400015,7,"10105149",true,,,false,false,3112,,,,,,,,,,false,
3113,5,"101050012","39 AT SEWRI FORT ROAD",,PRIVATE STRUCTURE,,F/S,SEWREE (EAST),"145",PAREL-SEWERI,242.85,,Mahesh Mohite,2020-03-03 16:20:30.300,A,,true,false,,,,,56,1,,,,0,true,,,,,,97,PLOT : 7,LAND WITH MbPT SISTER DEPT.,SEWREE FORT,MbPT LAND (43),400015,7,"10105202",false,,,false,false,3113,,,,,,,,,,false,
3115,5,"101050013","4 STERLE STRIPS OF LAND ADJ.WE",,PRIVATE STRUCTURE,,F/S,SEWREE (EAST),"145",PAREL-SEWERI,1147.80,,Mahesh Mohite,2020-03-03 16:20:30.300,A,,true,false,,,,,56,1,,,,0,true,,,,,,97,LEASED TO NERSI & ORS,RAILWAY SIDING,XIII – OLD SEWREE WAREHOUSE,LEASED TO NERSI & ORS,400015,7,"10105209",false,,,false,false,3115,,,,,,,,,,false,
3116,5,"101050014","4 & 4A",,PRIVATE STRUCTURE,,F/S,SEWREE (EAST),"145",PAREL-SEWERI,681.93,,Mahesh Mohite,2020-03-03 16:20:30.300,A,,true,false,,,,,56,1,,,,0,true,,,,,,97,RR – 1973 & MbPT LAND,PLOT : 5 & PLOT : 5-A,RR – 1980,SEWREE BUNDER ROAD,400015,7,"10105111",true,,,false,false,3116,,,,,,,,,,false,
3117,5,"101050015","91 WITH ADDL LAND",,OPEN PLOT,,F/S,SEWREE (EAST),"145",PAREL-SEWERI,476.59,,Mahesh Mohite,2020-03-03 16:20:30.300,A,,true,false,,,,,56,1,,,,0,true,,,,,,97,MbPT ROAD,PLOT : 102 (FML),ACQUIRED BY GOVT.,RR – 2041 & RR – 1914,400015,7,"10105120",true,,,false,false,3117,,,,,,,,,,false,
3118,5,"101050016",A,,OPEN PLOT,,F/S,SEWREE (EAST),"145",PAREL-SEWERI,185.53,,Mahesh Mohite,2020-03-03 16:20:30.300,A,,true,false,,,,,56,1,,,,0,true,,,,,,97,PLOT : 62 VICA CHEMICALS,ACQUIRED BY GOVT. (SITE : A),ACQUIRED BY GOVT. (SITE : A),XIII – OLD SEWREE WAREHOUSE,400015,7,"10105122",false,,,false,false,3118,,,,,,,,,,false,
3123,5,"101050021",LAND AT SEWRI HILL,,PRIVATE STRUCTURE,,F/S,SEWREE (EAST),"145",PAREL-SEWERI,7.43,,Mahesh Mohite,2020-03-03 16:20:30.300,A,,true,false,,,,,56,1,,,,0,true,,,,,,97,CUSTOM PREVENTIVE QUARTERS,MbPT QUARTERS,ACCESS,MbPT LAND,400015,7,"10105208",false,,,false,false,3123,,,,,,,,,,false,
3124,5,"101050022",LAND TO THE EAST OF SEWRI ROAD,,PRIVATE STRUCTURE,,F/S,SEWREE (EAST),"145",PAREL-SEWERI,12.73,,Mahesh Mohite,2020-03-03 16:20:30.300,A,,true,false,,,,,56,1,,,,0,true,,,,,,97,MbPT QUARTERS,TANK,ACCESS,MbPT QUARTERS,400015,7,"10105206",false,,,false,false,3124,,,,,,,,,,false,
3125,5,"101050023",LEASE OF 5 PART,,PRIVATE STRUCTURE,,F/S,SEWREE (EAST),"145",PAREL-SEWERI,1162.77,,Mahesh Mohite,2020-03-03 16:20:30.300,A,,true,false,,,,,56,1,,,,0,true,,,,,,97,PLOT : 4,PLOT : 6,RR – 1980,PLOT : 5-A,400015,7,"10105110",false,,,false,false,3125,,,,,,,,,,false,
3126,5,"101050024",LEASE OF ADDL.LAND,,OPEN PLOT,,F/S,SEWREE (EAST),"333/145",PAREL-SEWERI,44.25,,Mahesh Mohite,2020-03-03 16:20:30.300,A,,true,false,,,,,56,1,,,,0,true,,,,,,97,RR – 2056,SEWREE FORT ROAD,RR – 2056,RR – 2056,400015,7,"10105146",false,,,false,false,3126,,,,,,,,,,false,
3127,5,"101050025",LEASE OF FORESHORE LAND A & C,,PRIVATE STRUCTURE,,F/S,SEWREE (EAST),"358(PT)",DADAR-NAIGAON,4518.80,,Mahesh Mohite,2020-03-03 16:20:30.300,A,,true,false,,,,,56,1,,,,0,true,,,,,,97,OPEN LAND,PETROLEUM GDN.,MbPT LAND,SITE : B,400015,7,"10105143",false,,,false,false,3127,,,,,,,,,,false,
8198,19,"309010122",OLD R.R.NO.1506, , , ,A WARD , ,,FORT,139.72,,Mahesh Mohite,2020-07-15 12:13:57.570,A,,true,false, ,,,,58,9,nihar, , ,0,true, , , ,,,97, , , , ,,,"30901121",false,,,false,false,8198,,,,,,,,,,false,
3130,5,"101050028",LEASE OF PLOT NO.102,,PRIVATE STRUCTURE,,F/S,SEWREE (EAST),"416/145",PAREL-SEWERI,1067.36,,Mahesh Mohite,2020-03-03 16:20:30.300,A,,true,false,,,,,56,1,,,,0,true,,,,,,97,PLOT : 15,RAILWAY SIDING,RAILWAY SIDING,MbPT LAND,400015,7,"10105102",false,,,false,false,3130,,,,,,,,,,false,
3375,10,"104010020","13 C",,OPEN PLOT,,F/S,MAZGAON SEWREE RECLAMATION (GRAIN & COTTON DEPOT),"145",PAREL-SEWERI,241.55,,Mahesh Mohite,2020-03-03 16:20:30.300,A,,true,false,,,,,56,4,,,,0,true,,,,,,97,MbPT ROAD,PLOT : 13-B,MbPT PASSAGE,PLOT : 12-D,400015,7,"10401524",true,,,false,false,3375,,,,,,,,,,false,
3131,5,"101050029",LEASE PLOT AT SEWRI KOLIWADA,,PRIVATE STRUCTURE,,F/S,SEWREE (EAST),"145",PAREL-SEWERI,526.88,,Mahesh Mohite,2020-03-03 16:20:30.300,A,,true,false,,,,,56,1,,,,0,true,,,,,,97,MbPT ROAD,MUNCIPAL LATRINE,SEWREE KOLIWADA ROAD,ACQUIRED BY GOVT. (SITE : A),400015,7,"10105124",false,,,false,false,3131,,,,,,,,,,false,
3132,5,"101050030",OLD R R 1470(NEW RR 2034),,PRIVATE STRUCTURE,,F/S,SEWREE (EAST),"259/145",PAREL-SEWERI,12064.94,,Mahesh Mohite,2020-03-03 16:20:30.300,A,,true,false,,,,,56,1,,,,0,true,,,,,,97,MbPT ROAD,MbPT ROAD,MbPT ROAD,SEWREE BUNDER ROAD,400015,7,"10105108",true,,,false,false,3132,,,,,,,,,,false,
3128,5,"101050026",LEASE OF PLOT,,PRIVATE STRUCTURE,,F/S,SEWREE (EAST),"145",PAREL-SEWERI,379.69,,Mahesh Mohite,2020-03-03 16:20:30.300,A,,true,false,,,,,56,1,,,,0,true,,,,,,97,LAND WITH MbPT SISTER DEPT.,SEWREE FORT ROAD,PLOT : 7,PLOT : 28 (FML),400015,7,"10105150",true,,,false,false,3128,,,,,,,,,,true,
3129,5,"101050027",LEASE OF PLOT 7,,PRIVATE STRUCTURE,,F/S,SEWREE (EAST),"145",PAREL-SEWERI,2400.92,,Mahesh Mohite,2020-03-03 16:20:30.300,A,,true,false,,,,,56,1,,,,0,true,,,,,,97,"WHARF ROAD, HARD FOR REPAIRING BOATS",SEWREE FORT ROAD,RR - 2056,SEWREE FORT,400015,7,"10105147",true,,,false,false,3129,,,,,,,,,,true,
3108,5,"101050008","36",,PRIVATE STRUCTURE,,F/S,SEWREE (EAST),"145",PAREL-SEWERI,543.48,,Mahesh Mohite,2020-03-03 16:20:30.300,A,,true,false,,,,,56,1,,,,0,true,,,,,,97,RR – 1980,MbPT ROAD,MbPT ROAD,PLOT : 6,400015,7,"10105113",true,,,false,false,3108,,,,,,,,,,true,
3133,5,"101050031",OLD R R 2041(PLOT C-3),,PRIVATE STRUCTURE,,F/S,SEWREE (EAST),"258/145",PAREL-SEWERI,1373.94,,Mahesh Mohite,2020-03-03 16:20:30.300,A,,true,false,,,,,56,1,,,,0,true,,,,,,97,MbPT ROAD,RR – 1914 (PLOT : C-2),PLOT : 91 (FML),SEWREE BUNDER ROAD,400015,7,"10105107",true,,,false,false,3133,,,,,,,,,,false,
3135,5,"101050032",OLD RR 1908 (PLOT C-1),,PRIVATE STRUCTURE,,F/S,SEWREE (EAST),"414/145",PAREL-SEWERI,3031.89,,Mahesh Mohite,2020-03-03 16:20:30.300,A,,true,false,,,,,56,1,,,,0,true,,,,,,97,RR - 1914,PLOT : 62 VICA CHEMICALS & SITE-C,PLOT : 62 VICA CHEMICALS & 102 FML,SEWREE BUNDER ROAD,400015,7,"10105105",true,,,false,false,3135,,,,,,,,,,false,
3136,5,"101050033",OLD RR 1914 (PLOT C-2),,PRIVATE STRUCTURE,,F/S,SEWREE (EAST),"364/145",PAREL-SEWERI,1341.52,,Mahesh Mohite,2020-03-03 16:20:30.300,A,,true,false,,,,,56,1,,,,0,true,,,,,,97,RR – 2041,RR – 1908,MbPT PASSAGE,SEWREE BUNDER ROAD,400015,7,"10105106",true,,,false,false,3136,,,,,,,,,,false,
3137,5,"101050034",OLD RR 1917 & 1774,,PRIVATE STRUCTURE,,F/S,SEWREE (EAST),"587",PAREL-SEWERI,72541.08,,Mahesh Mohite,2020-03-03 16:20:30.300,A,,true,false,,,,,56,1,,,,0,true,,,,,,97,SEWREE FORT ROAD & MbPT ROAD,OIL DEPOT MAIN ROAD & SEWREE VILLAGE,RR – 808 & RR – 890,MbPT ROAD & MbPT PASSAGE,400015,7,"10105135",true,,,false,false,3137,,,,,,,,,,false,
3138,5,"101050035",OLD RR 808 & 890,,PRIVATE STRUCTURE,,F/S,SEWREE (EAST),"589",PAREL-SEWERI,65054.86,,Mahesh Mohite,2020-03-03 16:20:30.300,A,,true,false,,,,,56,1,,,,0,true,,,,,,97,SEWRI FORT ROAD,OIL DEPOT MAIN ROAD,PARTLY BY RR - 2061 & PARTLY BY MbPT ROAD,RR – 1774,400015,7,"10105134",false,,,false,false,3138,,,,,,,,,,false,
3104,5,"101050004","9",,PRIVATE STRUCTURE,,F/S,SEWREE (EAST),"277/145",PAREL-SEWERI,242.48,,Mahesh Mohite,2020-03-03 16:20:30.300,A,,true,false,,,,,56,1,,,,0,true,,,,,,97,RAILWAY SIDING,RAILWAY SIDING,PLOT : 10,PLOT : 8,400015,7,"10105129",false,,,false,false,3104,,,,,,,,,,true,
3141,5,"101050037",R R 1937,,PRIVATE STRUCTURE,,F/S,SEWREE (EAST),"145",PAREL-SEWERI,1656.00,,Mahesh Mohite,2020-03-03 16:20:30.300,A,,true,false,,,,,56,1,,,,0,true,,,,,,97,PARTLY BY MUNCL. LAT. & PARTLY ACQUIRED BY GOVT.,MbPT ROAD,SEWREE KOLIWADA ROAD,"SITE-A, ACQUIRED BY GOVT.",400015,7,"10105125",true,,,false,false,3141,,,,,,,,,,false,
3143,5,"101050039",R R 1980,,PRIVATE STRUCTURE,,F/S,SEWREE (EAST),"145",PAREL-SEWERI,1063.46,,Mahesh Mohite,2020-03-03 16:20:30.300,A,,true,false,,,,,56,1,,,,0,true,,,,,,97,RR – 1973,PLOT : 36,MbPT ROAD,PLOT : 4 & 5,400015,7,"10105114",true,,,false,false,3143,,,,,,,,,,false,
3144,5,"101050040",R R 2056 AT SEWRI HILL,,PRIVATE STRUCTURE,,F/S,SEWREE (EAST),"333/145",PAREL-SEWERI,3089.03,,Mahesh Mohite,2020-03-03 16:20:30.300,A,,true,false,,,,,56,1,,,,0,true,,,,,,97,WHARF ROAD,SEWREE FORT ROAD & PLOT NO. 25,WHARF ROAD,PLOT : 7,400015,7,"10105145",true,,,false,false,3144,,,,,,,,,,false,
3145,5,"101050041",R R 2085,,PRIVATE STRUCTURE,,F/S,SEWREE (EAST),"145",PAREL-SEWERI,6601.22,,Mahesh Mohite,2020-03-03 16:20:30.300,A,,true,false,,,,,56,1,,,,0,true,,,,,,97,MbPT ROAD,MbPT ROAD,MbPT ROAD,MbPT ROAD,400015,7,"10105115",true,,,false,false,3145,,,,,,,,,,false,
3146,5,"101050042",RR NO 2061,,PRIVATE STRUCTURE,,F/S,SEWREE (EAST),"8A/358",DADAR-NAIGAON,7868.05,,Mahesh Mohite,2020-03-03 16:20:30.300,A,,true,false,,,,,56,1,,,,0,true,,,,,,97,RR – 808 (BHARAT PETROLEUM CORP. LTD.),OIL DEPOT MAIN ROAD,CALTEX ROAD,PARTLY BY RR – 808 & PARTLY BY OIL DEPOT MAIN ROAD,400015,7,"10105133",true,,,false,false,3146,,,,,,,,,,false,
3147,5,"101050043",RR NO.1961,,PRIVATE STRUCTURE,,F/S,SEWREE (EAST),"590",PAREL-SEWERI,24063.46,,Mahesh Mohite,2020-03-03 16:20:30.300,A,,true,false,,,,,56,1,,,,0,true,,,,,,97,OIL DEPOT MAIN ROAD,MbPT ROAD,MbPT ROAD,MbPT LAND,400015,7,"10105132",true,,,false,false,3147,,,,,,,,,,false,
3149,5,"101050045",STALL SITE NO.1,,PRIVATE STRUCTURE,,F/S,SEWREE (EAST),"281/45",PAREL-SEWERI,18.00,,Mahesh Mohite,2020-03-03 16:20:30.300,A,,true,false,,,,,56,1,,,,0,true,,,,,,97,RR – 1858,MbPT ROAD,MbPT LAND,OPEN LAND,400015,7,"10105204",true,,,false,false,3149,,,,,,,,,,false,
3150,6,"102010001","10",,PRIVATE STRUCTURE,,F/S,SEWARI (WEST),"147",PAREL-SEWERI,124.30,,Mahesh Mohite,2020-03-03 16:20:30.300,A,,true,false,,,,,56,2,,,,0,true,,,,,,97,MbPT LAND,PLOT : 11,PLOT : 8,PLOT : 12,400015,7,"10201119",false,,,false,false,3150,,,,,,,,,,false,
3120,5,"101050018",B,,,,F/S,SEWREE (EAST), , ,2278.58,,Mahesh Mohite,2020-03-03 16:20:30.300,A,,true,false,,,,,56,1,,,,0,true,,,"4",,,97,,,,,400015,7,"10105210",false,,,false,false,3120,,,,,,,,,,false,
3151,6,"102010002","1595",,PRIVATE STRUCTURE,,F/S,SEWARI (WEST), , ,422.43,,Mahesh Mohite,2020-03-03 16:20:30.300,A,,true,false,,,,,56,2,,,,0,true,,,,,,97,OPEN LAND,OLD YT NO. 241,OPEN LAND,ACHARYA DONDE MARG (KING EDWARD ROAD),400015,7,"10201132",true,,,false,false,3151,,,,,,,,,,false,
3152,6,"102010003","12 WEST OF SEWREE STATION RD",,PRIVATE STRUCTURE,,F/S,SEWARI (WEST),"147",PAREL-SEWERI,165.00,,Mahesh Mohite,2020-03-03 16:20:30.300,A,,true,false,,,,,56,2,,,,0,true,,,,,,97,RAILWAY SIDING,PUSALKAR,PLOT : 10 & 11,RR – 1013,400015,7,"10201118",false,,,false,false,3152,,,,,,,,,,false,
3153,6,"102010004","2 SOUTH OF K.E ROAD",,PRIVATE STRUCTURE,,F/S,SEWARI (WEST),"2/172",PAREL-SEWERI,301.01,,Mahesh Mohite,2020-03-03 16:20:30.300,A,,true,false,,,,,56,2,,,,0,true,,,,,,97,PLOT : 3,PLOT : 1,ACHARYA DONDE MARG (KING EDWARD ROAD),MbPT LAND,400015,7,"10201126",false,,,false,false,3153,,,,,,,,,,false,
3154,6,"102010005","3 AT K E ROAD",,,,F/S,SEWARI (WEST),"2H/172",PAREL-SEWERI,267.56,,Mahesh Mohite,2020-03-03 16:20:30.300,A,,true,false,,,,,56,2,,,,0,true,,,,,,97,PLOT : 4,PLOT : 2,ACHARYA DONDE MARG (KING EDWARD ROAD),MbPT LAND,400015,7,"10201127",false,,,false,false,3154,,,,,,,,,,false,
3155,6,"102010006","4 & 5 AT J B RD",,PRIVATE STRUCTURE,,F/S,SEWARI (WEST),"37/147",PAREL-SEWERI,899.39,,Mahesh Mohite,2020-03-03 16:20:30.300,A,,true,false,,,,,56,2,,,,0,true,,,,,,97,P.D. MELLO ROAD,ACCESS,ACCESS,P.D. MELLO ROAD,400015,7,"10201110",true,,,false,false,3155,,,,,,,,,,false,
3158,6,"102010007","4 5 & 6 AT ACHARYA DONDE MARGE",,PRIVATE STRUCTURE,,F/S,SEWARI (WEST),"2H/172",PAREL-SEWERI,431.07,,Mahesh Mohite,2020-03-03 16:20:30.300,A,,true,false,,,,,56,2,,,,0,true,,,,,,97,PLOT : 7 (FML),PLOT : 3,ACHARYA DONDE MARG (KING EDWARD ROAD),MbPT LAND,400015,7,"10201134",true,,,false,false,3158,,,,,,,,,,false,
3159,6,"102010008","6 AT JB ROAD",,PRIVATE STRUCTURE,,F/S,SEWARI (WEST),"33/147",PAREL-SEWERI,359.45,,Mahesh Mohite,2020-03-03 16:20:30.300,A,,true,false,,,,,56,2,,,,0,true,,,,,,97,P.D. MELLO ROAD,SEWREE ROAD,C-TYPE RAILWAY QUARTERS,P.D. MELLO ROAD,400015,7,"10201109",true,,,false,false,3159,,,,,,,,,,false,
8199,19,"309010123",OLD R.R.NO.1528 GAMADIA ROAD, , , ,A WARD , ,,FORT,250.84,,Mahesh Mohite,2020-07-15 12:13:57.570,A,,true,false, ,,,,58,9,nihar, , ,0,true, , , ,,,97, , , , ,,,"30901123",false,,,false,false,8199,,,,,,,,,,false,
3172,6,"102010021",OLD RR 1814,,PRIVATE STRUCTURE,,F/S,SEWARI (WEST),"22/147",PAREL-SEWERI,762.55,,Mahesh Mohite,2020-03-03 16:20:30.300,A,,true,false,,,,,56,2,,,,0,true,,,,,,97,JACKERIA BUNDER ROAD,MbPT LAND,JACKERIA BUNDER LANE NO. 3,MbPT LAND LEASED TO LIC OF INDIA,400015,7,"10201106",true,,,false,false,3172,,,,,,,,,,false,
3160,6,"102010009","7 AT K E RD",,PRIVATE STRUCTURE,,F/S,SEWARI (WEST),"2G/172",PAREL-SEWERI,252.05,,Mahesh Mohite,2020-03-03 16:20:30.300,A,,true,false,,,,,56,2,,,,0,true,,,,,,97,OPEN LAND,PLOT : 6,ACHARYA DONDE MARG (KING EDWARD ROAD),MbPT LAND,400015,7,"10201129",true,,,false,false,3160,,,,,,,,,,false,
3161,6,"102010010","8 WEST OF SEWREE STATION ROAD",,PRIVATE STRUCTURE,,F/S,SEWARI (WEST),"147",PAREL-SEWERI,23.78,,Mahesh Mohite,2020-03-03 16:20:30.300,A,,true,false,,,,,56,2,,,,0,true,,,,,,97,SEWREE STATION ROAD,MbPT PLOT NO.9,MbPT LAND,MbPT PLOT NO.10,400015,7,"10201120",true,,,false,false,3161,,,,,,,,,,false,
3162,6,"102010011","9 AND 11",,PRIVATE STRUCTURE,,F/S,SEWARI (WEST),"147",PAREL-SEWERI,140.66,,Mahesh Mohite,2020-03-03 16:20:30.300,A,,true,false,,,,,56,2,,,,0,true,,,,,,97,PLOT : 8 & 10,MbPT LAND,RR – 1014,PLOT : 12,400015,7,"10201121",false,,,false,false,3162,,,,,,,,,,false,
3163,6,"102010012",AT SEWREE STATION ROAD,,PRIVATE STRUCTURE,,F/S,SEWARI (WEST),"147",PAREL-SEWERI,394.11,,Mahesh Mohite,2020-03-03 16:20:30.300,A,,true,false,,,,,56,2,,,,0,true,,,,,,97,PLOT : 12,MbPT LAND,MbPT LAND,RR – 1013,400015,7,"10201117",false,,,false,false,3163,,,,,,,,,,false,
3164,6,"102010013",II B AT J B ROAD,,PRIVATE STRUCTURE,,F/S,SEWARI (WEST),"386/145",PAREL-SEWERI,512.63,,Mahesh Mohite,2020-03-03 16:20:30.300,A,,true,false,,,,,56,2,,,,0,true,,,,,,97,JB LANE NO. 1,SEWREE ROAD & BMC PLOT III,SEWREE ROAD & JB LANE NO. 1,BMC PLOT III & P.D. MELLO ROAD,400015,7,"10201101",true,,,false,false,3164,,,,,,,,,,false,
3165,6,"102010014",OLD R R 1780,,PRIVATE STRUCTURE,,F/S,SEWARI (WEST),"25/147",PAREL-SEWERI,798.69,,Mahesh Mohite,2020-03-03 16:20:30.300,A,,true,false,,,,,56,2,,,,0,true,,,,,,97,JB LANE NO. 4,RR – 1946,SEWREE ROAD,MbPT DISP. & QUARTERS,400015,7,"10201108",false,,,false,false,3165,,,,,,,,,,false,
3166,6,"102010015",OLD R R 1946,,PRIVATE STRUCTURE,,F/S,SEWARI (WEST),"49/147",PAREL-SEWERI,776.86,,Mahesh Mohite,2020-03-03 16:20:30.300,A,,true,false,,,,,56,2,,,,0,true,,,,,,97,P. T. LAND ,P. T. LAND AND SEWREE ROAD,P. T. LAND LEASED TO KASHMIRILAL T. GUPTA & ORS.,JACKERIA BUNDER LAND NO. 3,400015,7,"10201107",true,,,false,false,3166,,,,,,,,,,false,
3167,6,"102010016",OLD R R 1968,,PRIVATE STRUCTURE,,F/S,SEWARI (WEST),"147",PAREL-SEWERI,1118.55,,Mahesh Mohite,2020-03-03 16:20:30.300,A,,true,false,,,,,56,2,,,,0,true,,,,,,97,P.D MELLOO ROAD & SEWREE ROAD,RR – 2075 & RR – 2081,RR – 2081 & SEWREE ROAD,RR – 2075 & P.D MELLO ROAD,400015,7,"10201114",true,,,false,false,3167,,,,,,,,,,false,
3168,6,"102010017",OLD R R 2066,,PRIVATE STRUCTURE,,F/S,SEWARI (WEST),"147",PAREL-SEWERI,464.52,,Mahesh Mohite,2020-03-03 16:20:30.300,A,,true,false,,,,,56,2,,,,0,true,,,,,,97,RR – 2075,ACCESS,RR – 2075,ACCESS,400015,7,"10201112",false,,,false,false,3168,,,,,,,,,,false,
3169,6,"102010018",OLD RR 1220,,PRIVATE STRUCTURE,,F/S,SEWARI (WEST),"2A/172",PAREL-SEWERI,2030.12,,Mahesh Mohite,2020-03-03 16:20:30.300,A,,true,false,,,,,56,2,,,,0,true,,,,,,97,MbPT LAND,TOKERSEY JIVRAJ ROAD,ACHARYA DONDE MARG (KING EDWARD ROAD),OPEN LAND,400015,7,"10201123",true,,,false,false,3169,,,,,,,,,,false,
3170,6,"102010019",OLD RR 1390,,PRIVATE STRUCTURE,,F/S,SEWARI (WEST),"48/147",PAREL-SEWERI,129.80,,Mahesh Mohite,2020-03-03 16:20:30.300,A,,true,false,,,,,56,2,,,,0,true,,,,,,97,RR – 1342,SEWREE ROAD & JB LANE NO. 4,SEWREE ROAD,JB LANE NO. 4,400015,7,"10201133",true,,,false,false,3170,,,,,,,,,,false,
3171,6,"102010020",OLD RR 1725,,PRIVATE STRUCTURE,,F/S,SEWARI (WEST),"385/145",PAREL-SEWERI,831.12,,Mahesh Mohite,2020-03-03 16:20:30.300,A,,true,false,,,,,56,2,,,,0,true,,,,,,97,JB LANE NO. 2,JB LANE NO. 1,JB LANE NO. 2,P.D. MELLO ROAD,400015,7,"10201102",true,,,false,false,3171,,,,,,,,,,false,
3148,5,"101050044",RR NO.2040,,PRIVATE STRUCTURE,,F/S,SEWREE (EAST),"493",PAREL-SEWERI,42853.02,,Mahesh Mohite,2020-03-03 16:20:30.300,A,,true,false,,,,,56,1,,,,0,true,,,,,,97,OIL DEPOT MAIN ROAD,I.B.P. ROAD,MbPT LAND,MbPT ROAD,400015,7,"10105131",true,,,false,false,3148,,,,,,,,,,true,
3173,6,"102010022",OLD RR 1845,,PRIVATE STRUCTURE,,F/S,SEWARI (WEST),"29/147",PAREL-SEWERI,849.41,,Mahesh Mohite,2020-03-03 16:20:30.300,A,,true,false,,,,,56,2,,,,0,true,,,,,,97,MbPT LAND,SEWREE ROAD,JACKERIA BUNDER LANE NO. 3,MbPT LAND LEASED TO PRECIOUS DIE WORKS,400015,7,"10201105",true,,,false,false,3173,,,,,,,,,,false,
3174,6,"102010023",OLD RR 1848,,PRIVATE STRUCTURE,,F/S,SEWARI (WEST),"28/147",PAREL-SEWERI,689.53,,Mahesh Mohite,2020-03-03 16:20:30.300,A,,true,false,,,,,56,2,,,,0,true,,,,,,97,RR – 1876,SEWREE ROAD,RR – 1845,JB LANE NO. 2,400015,7,"10201104",true,,,false,false,3174,,,,,,,,,,false,
3175,6,"102010024",OLD RR 1876,,PRIVATE STRUCTURE,,F/S,SEWARI (WEST),"22/147",PAREL-SEWERI,752.89,,Mahesh Mohite,2020-03-03 16:20:30.300,A,,true,false,,,,,56,2,,,,0,true,,,,,,97,RR – 1814,JB LANE NO. 2,RR – 1848,P.D. MELLO ROAD,400015,7,"10201103",true,,,false,false,3175,,,,,,,,,,false,
3177,6,"102010026",R R 2075,,PRIVATE STRUCTURE,,F/S,SEWARI (WEST),"147",PAREL-SEWERI,464.52,,Mahesh Mohite,2020-03-03 16:20:30.300,A,,true,false,,,,,56,2,,,,0,true,,,,,,97,P.D. MELLO ROAD,RR – 2081,RR – 1968,RR – 2066,400015,7,"10201113",true,,,false,false,3177,,,,,,,,,,false,
3178,6,"102010027",R R 2081,,PRIVATE STRUCTURE,,F/S,SEWARI (WEST),"147",PAREL-SEWERI,1379.80,,Mahesh Mohite,2020-03-03 16:20:30.300,A,,true,false,,,,,56,2,,,,0,true,,,,,,97,RR – 1968 & RR – 2075,SEWREE ROAD,SEWREE ROAD,ACCESS & RR – 2066,400015,7,"10201111",true,,,false,false,3178,,,,,,,,,,false,
3179,6,"102010028",RR 1013,,PRIVATE STRUCTURE,,F/S,SEWARI (WEST),"147",PAREL-SEWERI,8306.74,,Mahesh Mohite,2020-03-03 16:20:30.300,A,,true,false,,,,,56,2,,,,0,true,,,,,,97,JACKERIA BUNDER ROAD (COTTON GREEN STATION),SEWREE HIGH LEVEL ROAD,SEWREE OVER BRIDGE (PROPOSED),MbPT LAND,400015,7,"10201116",true,,,false,false,3179,,,,,,,,,,false,
3180,6,"102010029",RR 1014,,PRIVATE STRUCTURE,,F/S,SEWARI (WEST),"147",PAREL-SEWERI,14811.62,,Mahesh Mohite,2020-03-03 16:20:30.300,A,,true,false,,,,,56,2,,,,0,true,,,,,,97,COTTON GREEN STATION,MbPT LAND,SEWREE CROSS ROAD,SEWREE OVERBRIDGE (PROPOSED),400015,7,"10201122",true,,,false,false,3180,,,,,,,,,,false,
3181,6,"102010030",RR 1578,,PRIVATE STRUCTURE,,F/S,SEWARI (WEST),"2A/172",PAREL-SEWERI,178.09,,Mahesh Mohite,2020-03-03 16:20:30.300,A,,true,false,,,,,56,2,,,,0,true,,,,,,97,PLOT NO. 1 AT ACHARYA DONDE MARG,MbPT LAND,ACHARYA DONDE MARG ( KING EDWARD ROAD),OPEN LAND,400015,7,"10201124",true,,,false,false,3181,,,,,,,,,,false,
3185,7,"102020002","35",,PRIVATE STRUCTURE,,F/S,FRERE LAND,"417/145",PAREL-SEWERI,37.90,,Mahesh Mohite,2020-03-03 16:20:30.300,A,,true,false,,,,,56,2,,,,0,true,,,,,,97,PLOT : 36,PLOT : 33 & 34,MbPT ROAD,P.D. MELLO ROAD,400033,7,"10202216",true,,,false,false,3185,,,,,,,,,,false,
3186,7,"102020003","39",,PRIVATE STRUCTURE,,F/S,FRERE LAND,"8/147",PAREL-SEWERI,6940.14,,Mahesh Mohite,2020-03-03 16:20:30.300,A,,true,false,,,,,56,2,,,,0,true,,,,,,97,OLD RR – 941 & P.D. MELLO ROAD,RR – 977 (COMMISSIONER OF POLICE) & MBPT ROAD,SEWREE ROAD,P.D. MELLO ROAD,400033,7,"10202202",false,,,false,false,3186,,,,,,,,,,false,
3187,7,"102020004","129",,PRIVATE STRUCTURE,,E,FRERE LAND,"4/671",MAZAGAON,1943.90,,Mahesh Mohite,2020-03-03 16:20:30.300,A,,true,false,,,,,56,2,,,,0,true,,,,,,97,P.D. MELLO ROAD,RR – 2026,MbPT PASSAGE,PLOT : 128,400033,5,"10202105",true,,,false,false,3187,,,,,,,,,,false,
3188,7,"102020005","130",,PRIVATE STRUCTURE,,E,FRERE LAND,"6/748",MAZAGAON,26.85,,Mahesh Mohite,2020-03-03 16:20:30.300,A,,true,false,,,,,56,2,,,,0,true,,,,,,97,PLOT : 129,RR – 2026,MbPT PASSAGE,PLOT : 129,400033,5,"10202106",false,,,false,false,3188,,,,,,,,,,false,
3189,7,"102020006","136",,OPEN PLOT,,E,FRERE LAND,"671/2A",MAZAGAON,24.25,,Mahesh Mohite,2020-03-03 16:20:30.300,A,,true,false,,,,,56,2,,,,0,true,,,,,,97,PLOT : 1,MbPT ROAD,PLOT – NORTH NO. 136,MbPT PASSAGE,400033,5,"10202109",true,,,false,false,3189,,,,,,,,,,false,
3190,7,"102020007","1737",,PRIVATE STRUCTURE,,F/S,FRERE LAND,"10D/147",PAREL-SEWERI,306.58,,Mahesh Mohite,2020-03-03 16:20:30.300,A,,true,false,,,,,56,2,,,,0,true,,,,,,97,RR – 1456,GARDEN PLOT,MbPT PASSAGE,GARDEN PLOT,400033,7,"10202126",false,,,false,false,3190,,,,,,,,,,false,
3209,7,"102020025",R R 2036,,PRIVATE STRUCTURE,,E,FRERE LAND,"3/748",MAZAGAON,6106.98,,Mahesh Mohite,2020-03-03 16:20:30.300,A,,true,false,,,,,56,2,,,,0,true,,,,,,97,"PLOT : 128, 129 & 130",C.S. NO. 748,MbPT PASSAGE,CANNAUGHT CROSS ROAD,400033,5,"10202107",true,,,false,false,3209,,,,,,,,,,false,
3191,7,"102020008","1745",,PRIVATE STRUCTURE,,F/S,FRERE LAND,"17/147",PAREL-SEWERI,788.47,,Mahesh Mohite,2020-03-03 16:20:30.300,A,,true,false,,,,,56,2,,,,0,true,,,,,,97,P.D. MELLO ROAD,MbPT QUARTERS,MbPT QUARTERS & RR – 1749,P.D. MELLO ROAD & MbPT ROAD,400033,7,"10202130",false,,,false,false,3191,,,,,,,,,,false,
3192,7,"102020009","1&7",,PRIVATE STRUCTURE,,F/S,FRERE LAND,"147",PAREL-SEWERI,176.61,,Mahesh Mohite,2020-03-03 16:20:30.300,A,,true,false,,,,,56,2,,,,0,true,,,,,,97,MbPT LAND,P.D MELLO ROAD,P.D MELLO ROAD,RAILWAY SIDING,400033,7,"10202214",true,,,false,false,3192,,,,,,,,,,false,
3194,7,"102020011","2A (OLD 31A)",,OPEN PLOT,,F/S,FRERE LAND,"147",PAREL-SEWERI,224.83,,Mahesh Mohite,2020-03-03 16:20:30.300,A,,true,false,,,,,56,2,,,,0,true,,,,,,97,BEARY OLD RR – 1890,PLOT : 2B,MbPT ROAD,P.D. MELLO ROAD,400033,7,"10202212",true,,,false,false,3194,,,,,,,,,,false,
3195,7,"102020012","5 (34)",,PRIVATE STRUCTURE,,F/S,FRERE LAND,"417/145",PAREL-SEWERI,56.67,,Mahesh Mohite,2020-03-03 16:20:30.300,A,,true,false,,,,,56,2,,,,0,true,,,,,,97,P.D. MELLO ROAD,MbPT LAND,MbPT ROAD,P.D. MELLO ROAD,400033,7,"10202209",true,,,false,false,3195,,,,,,,,,,false,
3196,7,"102020013",BEARY OLD RR-1890,,PRIVATE STRUCTURE,,F/S,FRERE LAND,"147",PAREL-SEWERI,45.80,,Mahesh Mohite,2020-03-03 16:20:30.300,A,,true,false,,,,,56,2,,,,0,true,,,,,,97,MbPT ROAD,PLOT : 2-A,MbPT ROAD,P.D. MELLO ROAD,400033,7,"10202213",true,,,false,false,3196,,,,,,,,,,false,
3197,7,"102020014",GARDEN PLOT BEHIND RR 1781,,OPEN PLOT,,F/S,FRERE LAND,"10/147",PAREL-SEWERI,192.30,,Mahesh Mohite,2020-03-03 16:20:30.300,A,,true,false,,,,,56,2,,,,0,true,,,,,,97,RR – 1532,GARDEN PLOT,RR – 1737,MbPT PASSAGE,400033,7,"10202129",false,,,false,false,3197,,,,,,,,,,false,
3199,7,"102020015",NO 37,,PRIVATE STRUCTURE,,F/S,FRERE LAND,"147",PAREL-SEWERI,188.38,,Mahesh Mohite,2020-03-03 16:20:30.300,A,,true,false,,,,,56,2,,,,0,true,,,,,,97,PLOT : 36,MbPT PASSAGE,MbPT ROAD,P.D. MELLO ROAD,400033,7,"10202208",false,,,false,false,3199,,,,,,,,,,false,
3200,7,"102020016",OLD R.R.1953,,PRIVATE STRUCTURE,,E,FRERE LAND,"7/671",MAZAGAON,440.27,,Mahesh Mohite,2020-03-03 16:20:30.300,A,,true,false,,,,,56,2,,,,0,true,,,,,,97,REAY ROAD,MbPT LAND LEASED TO BHAGWAN KONDAJI,ALBERT ROAD,MbPT LAND LEASED TO SHREE RAM COTTON PRESSING LTD.,400033,5,"10202120",true,,,false,false,3200,,,,,,,,,,false,
3202,7,"102020018",OLD RR 1784 AND  NO 2074,,PRIVATE STRUCTURE,,F/S,FRERE LAND,"24/147",PAREL-SEWERI,2534.23,,Mahesh Mohite,2020-03-03 16:20:30.300,A,,true,false,,,,,56,2,,,,0,true,,,,,,97,MbPT ROAD,REAY ROAD,MbPT ROAD,MbPT QUARTERS,400033,7,"10202132",true,,,false,false,3202,,,,,,,,,,false,
3203,7,"102020019",OLD RR 1983,,PRIVATE STRUCTURE,,F/S,FRERE LAND,"147",PAREL-SEWERI,249.07,,Mahesh Mohite,2020-03-03 16:20:30.300,A,,true,false,,,,,56,2,,,,0,true,,,,,,97,JACKERIA BUNDER ROAD,SEWREE ROAD,MbPT LAND PLOT NO. 2B (OLD 318) LET OUT TO M.M. JAKI KHAN,MbPT LAND PLOT NO. 5 (34) LET OUT TO SHRI. RICHARD BANGERIA,400033,7,"10202210",true,,,false,false,3203,,,,,,,,,,false,
3204,7,"102020020",OLD RR 888,,PRIVATE STRUCTURE,,E,FRERE LAND,"8/671",MAZAGAON,644.75,,Mahesh Mohite,2020-03-03 16:20:30.300,A,,true,false,,,,,56,2,,,,0,true,,,,,,97,MbPT LAND LEASED TO HAJI ESSA MOOSA,MbPT LAND,ALBERT ROAD,MbPT LAND LEASED TO SHREE RAM COTTON PRESSING LTD.,400033,5,"10202121",true,,,false,false,3204,,,,,,,,,,false,
3206,7,"102020022",OLD RR 965,,PRIVATE STRUCTURE,,F/S,FRERE LAND,"6/147",PAREL-SEWERI,1858.05,,Mahesh Mohite,2020-03-03 16:20:30.300,A,,true,false,,,,,56,2,,,,0,true,,,,,,97,RR – 977 ( COMMISSIONER OF POLICE),"RR – 896, PLOT : 1 & PLOT : 4",SEWREE ROAD,MbPT ROAD,400033,7,"10202150",false,,,false,false,3206,,,,,,,,,,false,
3207,7,"102020023",OPEN STRIP OF LAND SOUTH OF ROOM NO.4B,,OPEN PLOT,,F/S,FRERE LAND,"147",PAREL-SEWERI,38.61,,Mahesh Mohite,2020-03-03 16:20:30.300,A,,true,false,,,,,56,2,,,,0,true,,,,,,97,P.D. MELLO ROAD,RR – 941,MbPT ROAD,P.D. MELLO ROAD,400033,7,"10202222",true,,,false,false,3207,,,,,,,,,,false,
3208,7,"102020024",P.T./BLDG.ON OLD R.R.1003,,PRIVATE STRUCTURE,,E,FRERE LAND,"5/671",MAZAGAON,5286.27,,Mahesh Mohite,2020-03-03 16:20:30.300,A,,true,false,,,,,56,2,,,,0,true,,,,,,97,REAY ROAD,"PROPERTIES OF ABDUL KARIM HAJI HABIB, KESHAWJI HIRJI & OTHERS",MbPT LAND LEASED TO AHMEDKHAN HAJI OOMERKHAN & HAJI JUSUB TYAB CHHAPRA,MbPT LAND LEASED TO FORBES FORBES CAMPBELL AND CO. LTD.,400033,5,"10202119",true,,,false,false,3208,,,,,,,,,,false,
3210,7,"102020026",R R NO 1985,,PRIVATE STRUCTURE,,E,FRERE LAND,"3/670",MAZAGAON,2123.42,,Mahesh Mohite,2020-03-03 16:20:30.300,A,,true,false,,,,,56,2,,,,0,true,,,,,,97,RR – 2094 & RR – 2086,CANNAUGHT CROSS ROAD,CANNAUGHT CROSS ROAD,OF MAZAGAON DIVN.,400033,5,"10202103",true,,,false,false,3210,,,,,,,,,,false,
3211,7,"102020027",R.R.NO.2094,,PRIVATE STRUCTURE,,E,FRERE LAND,"1/671",MAZAGAON,113.81,,Mahesh Mohite,2020-03-03 16:20:30.300,A,,true,false,,,,,56,2,,,,0,true,,,,,,97,P.D. MELLO ROAD,RR – 1985 (INDIAN CABLE CO.),RR – 1985 (INDIAN CABLE CO.),C.S. NO. 6 by 671,400033,5,"10202101",true,,,false,false,3211,,,,,,,,,,false,
3213,7,"102020029",RR 1456,,PRIVATE STRUCTURE,,F/S,FRERE LAND,"10A/147",PAREL-SEWERI,451.97,,Mahesh Mohite,2020-03-03 16:20:30.300,A,,true,false,,,,,56,2,,,,0,true,,,,,,97,JACKERIA BUNDER ROAD,MbPT LAND,MbPT LAND,MbPT LAND,400033,7,"10202125",false,,,false,false,3213,,,,,,,,,,false,
3214,7,"102020030",RR 1532,,PRIVATE STRUCTURE,,F/S,FRERE LAND,"16/147",PAREL-SEWERI,314.76,,Mahesh Mohite,2020-03-03 16:20:30.300,A,,true,false,,,,,56,2,,,,0,true,,,,,,97,P.D. MELLO ROAD,GARDEN PLOT,RR – 1456,MbPT PASSAGE,400033,7,"10202124",true,,,false,false,3214,,,,,,,,,,false,
3215,7,"102020031",RR 1749,,PRIVATE STRUCTURE,,F/S,FRERE LAND,"18/147",PAREL-SEWERI,939.44,,Mahesh Mohite,2020-03-03 16:20:30.300,A,,true,false,,,,,56,2,,,,0,true,,,,,,97,P.D. MELLO ROAD,MbPT QUARTERS,MbPT ROAD,RR – 1745,400033,7,"10202131",true,,,false,false,3215,,,,,,,,,,false,
3216,7,"102020032",RR 1781,,PRIVATE STRUCTURE,,F/S,FRERE LAND,"10B/147",PAREL-SEWERI,419.46,,Mahesh Mohite,2020-03-03 16:20:30.300,A,,true,false,,,,,56,2,,,,0,true,,,,,,97,GARDEN PLOT,REAY ROAD,RR – 1901,MbPT PASSAGE,400033,7,"10202128",true,,,false,false,3216,,,,,,,,,,false,
3217,7,"102020033",RR 1901,,PRIVATE STRUCTURE,,F/S,FRERE LAND,"10C/147",PAREL-SEWERI,452.25,,Mahesh Mohite,2020-03-03 16:20:30.300,A,,true,false,,,,,56,2,,,,0,true,,,,,,97,GARDEN PLOT,REAY ROAD,MbPT PASSAGE,RR – 1781,400033,7,"10202127",true,,,false,false,3217,,,,,,,,,,false,
3218,7,"102020034",RR 1978,,PRIVATE STRUCTURE,,E,FRERE LAND,"9/671",MAZAGAON,1346.26,,Mahesh Mohite,2020-03-03 16:20:30.300,A,,true,false,,,,,56,2,,,,0,true,,,,,,97,P.D. MELLO ROAD,MbPT PASSAGE,RR – 1003 ,PLOT : 132,400033,5,"10202118",true,,,false,false,3218,,,,,,,,,,false,
3219,7,"102020035",RR 2035,,PRIVATE STRUCTURE,,E,FRERE LAND,"833", ,107.02,,Mahesh Mohite,2020-03-03 16:20:30.300,A,,true,false,,,,,56,2,,,,0,true,,,,,,97,GDN : C.E. MbPT OFFICE,GDN : C.E. MbPT OFFICE,GDN : C.E. MbPT OFFICE,ALBERT ROAD,400033,5,"10202122",true,,,false,false,3219,,,,,,,,,,false,
3221,7,"102020037",RR 977,,PRIVATE STRUCTURE,,F/S,FRERE LAND,"7/147",PAREL-SEWERI,5276.80,,Mahesh Mohite,2020-03-03 16:20:30.300,A,,true,false,,,,,56,2,,,,0,true,,,,,,97,PLOT : 39,RR – 965,SEWREE ROAD,MbPT ROAD,400033,7,"10202201",true,,,false,false,3221,,,,,,,,,,false,
3223,8,"102030001","1",,PRIVATE STRUCTURE,,F/S,MAZGAON SEWREE RECLAMATION (J.B.),"145",PAREL-SEWERI,18.95,,Mahesh Mohite,2020-03-03 16:20:30.300,A,,true,false,,,,,56,2,,,,0,true,,,,,,97,RAILWAY SIDING,P.D MELLO ROAD,P.D MELLO ROAD,PLOT : 2,400010,7,"10203101",true,,,false,false,3223,,,,,,,,,,false,
3224,8,"102030002","4",,PRIVATE STRUCTURE,,F/S,MAZGAON SEWREE RECLAMATION (J.B.),"145",PAREL-SEWERI,11.15,,Mahesh Mohite,2020-03-03 16:20:30.300,A,,true,false,,,,,56,2,,,,0,true,,,,,,97,RAILWAY SIDING,P.D MELLO ROAD,PLOT : 3,PLOT : 5,400010,7,"10203103",true,,,false,false,3224,,,,,,,,,,false,
4572,21,"310010138",OLD RR 1325,,,,B,ELPHINSTON (WEST),FP No.74,PRINCESS DOCK,182.74,,Mahesh Mohite,2020-03-03 16:20:30.300,A,,true,false,,,,,58,10,,,,0,true,,,,,,97,F.E. . 74,F.E. 76,F.E. 83ML,F.E 73,400009,2,"31001345",false,,,false,false,4572,,,,,,,,,,false,
8200,19,"309010124",OLD R.R. NO.1535 GAMADIA ROAD, , , ,A WARD , ,,FORT,250.84,,Mahesh Mohite,2020-07-15 12:13:57.570,A,,true,false, ,,,,58,9,nihar, , ,0,true, , , ,,,97, , , , ,,,"30901124",false,,,false,false,8200,,,,,,,,,,false,
3243,8,"102030020",OLD RR NO.1089,,PRIVATE STRUCTURE,,F/S,MAZGAON SEWREE RECLAMATION (J.B.),"145",PAREL-SEWERI,385.92,,Mahesh Mohite,2020-03-03 16:20:30.300,A,,true,false,,,,,56,2,,,,0,true,,,,,,97,COTTON GREEN RAILWAY STATION,P.D MELLO ROAD,P.D. MELLO ROAD,PLOT : 25 (FML),400010,7,"10203122",true,,,false,false,3243,,,,,,,,,,false,
8230,19,"309010145",OLD R.R.NO 1907, , , ,B WARD , ,"121/1187 ",PRINCESS DOCK,346.53,,Mahesh Mohite,2020-07-15 12:13:57.570,A,,true,false, ,,,,58,9,nihar, , ,0,true, , , ,,,97, , , , ,,,"30901115",false,,,false,false,8230,,,,,,,,,,false,
3227,8,"102030005","7",,PRIVATE STRUCTURE,,F/S,MAZGAON SEWREE RECLAMATION (J.B.),"36/147",PAREL-SEWERI,12.63,,Mahesh Mohite,2020-03-03 16:20:30.300,A,,true,false,,,,,56,2,,,,0,true,,,,,,97,RAILWAY SIDING,P.D MELLO ROAD,PLOT : 6,PLOT : 8,400010,7,"10203106",true,,,false,false,3227,,,,,,,,,,false,
3228,8,"102030006","8",,PRIVATE STRUCTURE,,F/S,MAZGAON SEWREE RECLAMATION (J.B.),"36/147",PAREL-SEWERI,8.36,,Mahesh Mohite,2020-03-03 16:20:30.300,A,,true,false,,,,,56,2,,,,0,true,,,,,,97,RAILWAY SIDING,P.D MELLO ROAD,PLOT : 7,PLOT : 9 & 10 (BMC),400010,7,"10203107",true,,,false,false,3228,,,,,,,,,,false,
3229,8,"102030007","11",,PRIVATE STRUCTURE,,F/S,MAZGAON SEWREE RECLAMATION (J.B.),"36/147",PAREL-SEWERI,25.36,,Mahesh Mohite,2020-03-03 16:20:30.300,A,,true,false,,,,,56,2,,,,0,true,,,,,,97,RAILWAY SIDING,P.D MELLO ROAD,PLOT : 9 & 10 (B.M.C),PLOT : 12,400010,7,"10203110",true,,,false,false,3229,,,,,,,,,,false,
3226,8,"102030004","6",,PRIVATE STRUCTURE,,F/S,MAZGAON SEWREE RECLAMATION (J.B.),"145",PAREL-SEWERI,11.15,,Mahesh Mohite,2020-03-03 16:20:30.300,A,,true,false,,,,,56,2,,,,0,true,,,,,,97,RAILWAY SIDING,P.D MELLO ROAD,PLOT : 5,PLOT : 7,400010,7,"10203105",true,,,false,false,3226,,,,,,,,,,true,
3232,8,"102030010","14",,PRIVATE STRUCTURE,,F/S,MAZGAON SEWREE RECLAMATION (J.B.),"36/147",PAREL-SEWERI,147.99,,Mahesh Mohite,2020-03-03 16:20:30.300,A,,true,false,,,,,56,2,,,,0,true,,,,,,97,COTTON GREEN RAILWAY STATION,P.D MELLO ROAD,PLOT : 14A C.RLY,RR – 1963,400010,7,"10203113",true,,,false,false,3232,,,,,,,,,,false,
3233,8,"102030011","25",,PRIVATE STRUCTURE,,F/S,MAZGAON SEWREE RECLAMATION (J.B.),"147",PAREL-SEWERI,1226.04,,Mahesh Mohite,2020-03-03 16:20:30.300,A,,true,false,,,,,56,2,,,,0,true,,,,,,97,RR - 2056,SEWREE FORT ROAD,RR - 2056,PLOT : 7,400010,7,"10203123",true,,,false,false,3233,,,,,,,,,,false,
3234,8,"102030012","28",,PRIVATE STRUCTURE,,F/S,MAZGAON SEWREE RECLAMATION (J.B.),"42/147",PAREL-SEWERI,221.67,,Mahesh Mohite,2020-03-03 16:20:30.300,A,,true,false,,,,,56,2,,,,0,true,,,,,,97,RAILWAY SIDING,P.D MELLO ROAD,PLOT : 27,MbPT LAND,400010,7,"10203125",true,,,false,false,3234,,,,,,,,,,false,
3236,8,"102030014","25 AT J B ROAD",,PRIVATE STRUCTURE,,F/S,MAZGAON SEWREE RECLAMATION (J.B.),"35/147",PAREL-SEWERI,533.45,,Mahesh Mohite,2020-03-03 16:20:30.300,A,,true,false,,,,,56,2,,,,0,true,,,,,,97,RAILWAY SIDING,P.D MELLO ROAD,RR – 1963,PLOT : 17,400010,7,"10203115",true,,,false,false,3236,,,,,,,,,,false,
3237,8,"102030015","26 & 27",,PRIVATE STRUCTURE,,F/S,MAZGAON SEWREE RECLAMATION (J.B.),"40/147",PAREL-SEWERI,401.44,,Mahesh Mohite,2020-03-03 16:20:30.300,A,,true,false,,,,,56,2,,,,0,true,,,,,,97,RAILWAY SIDING,P.D MELLO ROAD,PLOT : 25 (FML),PLOT : 28,400010,7,"10203124",true,,,false,false,3237,,,,,,,,,,false,
3239,8,"102030016",LEASE OF PLOT 17,,PRIVATE STRUCTURE,,F/S,MAZGAON SEWREE RECLAMATION (J.B.),"35/147",PAREL-SEWERI,190.17,,Mahesh Mohite,2020-03-03 16:20:30.300,A,,true,false,,,,,56,2,,,,0,true,,,,,,97,RAILWAY SIDING,P.D MELLO ROAD,PLOT : 25,PLOT : 4-A,400010,7,"10203128",true,,,false,false,3239,,,,,,,,,,false,
3240,8,"102030017",LEASE OF PLOT 4 A,,PRIVATE STRUCTURE,,F/S,MAZGAON SEWREE RECLAMATION (J.B.),"41/147",PAREL-SEWERI,357.68,,Mahesh Mohite,2020-03-03 16:20:30.300,A,,true,false,,,,,56,2,,,,0,true,,,,,,97,RAILWAY SIDING,P.D MELLO ROAD,PLOT : 17,PLOT : 4,400010,7,"10203117",true,,,false,false,3240,,,,,,,,,,false,
3241,8,"102030018",LEASE OF PLOT NO.4 AT J.B.ROAD,,PRIVATE STRUCTURE,,F/S,MAZGAON SEWREE RECLAMATION (J.B.),"45/147",PAREL-SEWERI,495.17,,Mahesh Mohite,2020-03-03 16:20:30.300,A,,true,false,,,,,56,2,,,,0,true,,,,,,97,RAILWAY SIDING,P.D MELLO ROAD,PLOT : 4-A,PLOT : 3,400010,7,"10203118",true,,,false,false,3241,,,,,,,,,,false,
3244,8,"102030021",OLD RR NO.1841,,PRIVATE STRUCTURE,,F/S,MAZGAON SEWREE RECLAMATION (J.B.),"31/147",PAREL-SEWERI,865.95,,Mahesh Mohite,2020-03-03 16:20:30.300,A,,true,false,,,,,56,2,,,,0,true,,,,,,97,COTTON GREEN RAILWAY STATION,P. D. MELLO ROAD,RR – 1962,RR – 1885,400010,7,"10203120",true,,,false,false,3244,,,,,,,,,,false,
3378,10,"104010023","13B-COAL DEPOT",,OPEN PLOT,,F/S,MAZGAON SEWREE RECLAMATION (GRAIN & COTTON DEPOT),"145",PAREL-SEWERI,241.55,,Mahesh Mohite,2020-03-03 16:20:30.300,A,,true,false,,,,,56,4,,,,0,true,,,,,,97,PLOT : 13-C,RAILWAY SIDING,MbPT PASSAGE,PLOT : 12-A,400015,7,"10401447",false,,,false,false,3378,,,,,,,,,,false,
3245,8,"102030022",OLD RR NO.1885,,PRIVATE STRUCTURE,,F/S,MAZGAON SEWREE RECLAMATION (J.B.),"13/147",PAREL-SEWERI,1423.27,,Mahesh Mohite,2020-03-03 16:20:30.300,A,,true,false,,,,,56,2,,,,0,true,,,,,,97,COTTON GREEN RAILWAY STATION,P.D MELLO ROAD,RR – 1841,P.D. MELLO ROAD,400010,7,"10203121",true,,,false,false,3245,,,,,,,,,,false,
3246,8,"102030023",R R NO.1962,,PRIVATE STRUCTURE,,F/S,MAZGAON SEWREE RECLAMATION (J.B.),"44/147",PAREL-SEWERI,774.44,,Mahesh Mohite,2020-03-03 16:20:30.300,A,,true,false,,,,,56,2,,,,0,true,,,,,,97,COTTON GREEN RAILWAY STATION,JACKERIA BUNDER ROAD,MbPT LAND LEASED TO IDRIS SHAIKH,MbPT LAND LEASED TO ADANI SONS LTD.,400010,7,"10203119",true,,,false,false,3246,,,,,,,,,,false,
3247,8,"102030024",STRIP OF LAND SOUTH OF PLOT 13,,OPEN PLOT,,F/S,MAZGAON SEWREE RECLAMATION (J.B.),"145",PAREL-SEWERI,2.29,,Mahesh Mohite,2020-03-03 16:20:30.300,A,,true,false,,,,,56,2,,,,0,true,,,,,,97,COTTON GREEN STATION,P.D MELLO ROAD,PLOT : 12,COTTON GREEN STATION,400010,7,"10203127",true,,,false,false,3247,,,,,,,,,,false,
3248,9,"103010001","22",,PRIVATE STRUCTURE,,F/S,MAZGAON SEWREE RECLAMATION (COTTON DEPOT),"145",PAREL-SEWERI,25.92,,Mahesh Mohite,2020-03-03 16:20:30.300,A,,true,false,,,,,56,3,,,,0,true,,,,,,97,PLOT : 23 (NORTH OF GND. C-19),PLOT : 26 (NORTH OF GDN. C-19),"2ND AVENUE",GDN. C-19,400033,7,"10301547",false,,,false,false,3248,,,,,,,,,,false,
3249,9,"103010002","23",,PRIVATE STRUCTURE,,F/S,MAZGAON SEWREE RECLAMATION (COTTON DEPOT),"145",PAREL-SEWERI,157.10,,Mahesh Mohite,2020-03-03 16:20:30.300,A,,true,false,,,,,56,3,,,,0,true,,,,,,97,"3RD STREET",PLOT : 22 (NORTH OF GND. C-19),"2ND AVENUE",GDN. C-19,400033,7,"10301539",false,,,false,false,3249,,,,,,,,,,false,
3251,9,"103010004","33 (ON JETHA K-131)",,PRIVATE STRUCTURE,,F/S,MAZGAON SEWREE RECLAMATION (COTTON DEPOT),"47/145",PAREL-SEWERI,5.95,,Mahesh Mohite,2020-03-03 16:20:30.300,A,,true,false,,,,,56,3,,,,0,true,,,,,,97,JETHA K-131,"2ND AVENUE",GDN : 132,JETHA K-131,400033,7,"10301543",false,,,false,false,3251,,,,,,,,,,false,
3298,9,"103010049",OLD ARP B-8 IN LIEU OF JT K154,,OPEN PLOT,,F/S,MAZGAON SEWREE RECLAMATION (COTTON DEPOT),"145",PAREL-SEWERI,320.00,,Mahesh Mohite,2020-03-03 16:20:30.300,A,,true,false,,,,,56,3,,,,0,true,,,,,,97,PLOT : B-9,MbPT ROAD,"2ND AVENUE",PLOT : 7,400033,7,"10301635",true,,,false,false,3298,,,,,,,,,,false,
3252,9,"103010005","35 ON JETHA K 130",,PRIVATE STRUCTURE,,F/S,MAZGAON SEWREE RECLAMATION (COTTON DEPOT),"145",PAREL-SEWERI,5.95,,Mahesh Mohite,2020-03-03 16:20:30.300,A,,true,false,,,,,56,3,,,,0,true,,,,,,97,JETHA K-130,"2ND AVENUE",GDN. 131,JETHA K-130,400033,7,"10301545",false,,,false,false,3252,,,,,,,,,,false,
3253,9,"103010006","4 (EAST OF JETHA F-105)",,OPEN PLOT,,E,MAZGAON SEWREE RECLAMATION (COTTON DEPOT),"24838",MAZAGAON,19.32,,Mahesh Mohite,2020-03-03 16:20:30.300,A,,true,false,,,,,56,3,,,,0,true,,,,,,97,MbPT ROAD,JETHA F-105,FRAMJI AVENUE,JETHA NO F-86 TO F-93 & F-95 TO F-104,400033,5,"10301533",true,,,false,false,3253,,,,,,,,,,false,
3254,9,"103010007","5(NORTH OF GDN.C42)",,PRIVATE STRUCTURE,,F/S,MAZGAON SEWREE RECLAMATION (COTTON DEPOT),"145",PAREL-SEWERI,15.23,,Mahesh Mohite,2020-03-03 16:20:30.300,A,,true,false,,,,,56,3,,,,0,true,,,,,,97,"2ND AVENUE",PLOT : 6 (NORTH OF GDN. C-42 ),"2ND AVENUE",GDN. C-42,400033,7,"10301534",false,,,false,false,3254,,,,,,,,,,false,
3256,9,"103010009","7 (N OF GDN C-42)",,PRIVATE STRUCTURE,,F/S,MAZGAON SEWREE RECLAMATION (COTTON DEPOT),"145",PAREL-SEWERI,5.95,,Mahesh Mohite,2020-03-03 16:20:30.300,A,,true,false,,,,,56,3,,,,0,true,,,,,,97,PLOT : 6 (NORTH OF GDN. C-42 ),PLOT : 8 (NORTH OF GDN. C-42),"2ND AVENUE",GDN. C-42,400033,7,"10301536",false,,,false,false,3256,,,,,,,,,,false,
3257,9,"103010010",A WEST OF R R 980 (PLOT NO.5),,PRIVATE STRUCTURE,,F/S,MAZGAON SEWREE RECLAMATION (COTTON DEPOT),"339/145",PAREL-SEWERI,1251.40,,Mahesh Mohite,2020-03-03 16:20:30.300,A,,true,false,,,,,56,3,,,,0,true,,,,,,97,RR – 975 & RR – 1948,BOUNDARY ROAD,PLOT B - (17),MbPT GARRAGE,400033,7,"10301549",true,,,false,false,3257,,,,,,,,,,false,
3258,9,"103010011",ADJ PLOT V (FORMERLY LET OUT),,PRIVATE STRUCTURE,,F/S,MAZGAON SEWREE RECLAMATION (COTTON DEPOT),"145",PAREL-SEWERI,1741.93,,Mahesh Mohite,2020-03-03 16:20:30.300,A,,true,false,,,,,56,3,,,,0,true,,,,,,97,"PLOT : ENCROACHMENT SOUTH OF V,VI",RAILWAY SIDING,MbPT PASSAGE,MbPT ROAD,400033,7,"10301606",true,,,false,false,3258,,,,,,,,,,false,
3235,8,"102030013","2",,PRIVATE STRUCTURE,,F/S,MAZGAON SEWREE RECLAMATION (J.B.),"145",PAREL-SEWERI,22.30,,Mahesh Mohite,2020-03-03 16:20:30.300,A,,true,false,,,,,56,2,,,,0,true,,,,,,97,PLOT : 1,PLOT : 4,P.D MELLO ROAD,RAILWAY SIDING,400010,7,"10203102",true,,,false,false,3235,,,,,,,,,,true,
3250,9,"103010003","26(NORTH OF GDN.C-19)",,PRIVATE STRUCTURE,,F/S,MAZGAON SEWREE RECLAMATION (COTTON DEPOT),"145",PAREL-SEWERI,23.42,,Mahesh Mohite,2020-03-03 16:20:30.300,A,,true,false,,,,,56,3,,,,0,true,,,,,,97,PLOT : 22 (NORTH OF GND. 19),MbPT LAND,"2ND AVENUE",GDN. C-19,400033,7,"10301540",false,,,false,false,3250,,,,,,,,,,true,
3255,9,"103010008","6 (NORTH OG GDN.  NO C-42 )",,PRIVATE STRUCTURE,,F/S,MAZGAON SEWREE RECLAMATION (COTTON DEPOT),May-00,PAREL-SEWERI,5.95,,Mahesh Mohite,2020-03-03 16:20:30.300,A,,true,false,,,,,56,3,,,,0,true,,,,,,97,PLOT : 5 (NORTH OF GDN. C-42 ),PLOT : 7 (NORTH OF GDN. C-42 ),"2ND AVENUE",GDN. C-42,400033,7,"10301535",false,,,false,false,3255,,,,,,,,,,true,
3259,9,"103010012",ARP PLOT 'C',,PRIVATE STRUCTURE,,F/S,MAZGAON SEWREE RECLAMATION (COTTON DEPOT),"145",PAREL-SEWERI,1874.05,,Mahesh Mohite,2020-03-03 16:20:30.300,A,,true,false,,,,,56,3,,,,0,true,,,,,,97,"2nd STREET","1st STREET",GDN. 1,PLOT : G+1,400033,7,"10301631",false,,,false,false,3259,,,,,,,,,,false,
3260,9,"103010013","B,WEST  OF RR 980 (PLOT 17)",,PRIVATE STRUCTURE,,F/S,MAZGAON SEWREE RECLAMATION (COTTON DEPOT),"339/145",PAREL-SEWERI,257.16,,Mahesh Mohite,2020-03-03 16:20:30.300,A,,true,false,,,,,56,3,,,,0,true,,,,,,97,MbPT QUARTERS & RR – 975,BOUNDARY ROAD,MbPT C.E.,PLOT-A (13),400033,7,"10301601",true,,,false,false,3260,,,,,,,,,,false,
3262,9,"103010015",C (ADJ.DISPENSARY),,OPEN PLOT,,F/S,MAZGAON SEWREE RECLAMATION (COTTON DEPOT),"375/145",PAREL-SEWERI,1161.29,,Mahesh Mohite,2020-03-03 16:20:30.300,A,,true,false,,,,,56,3,,,,0,true,,,,,,97,RR – 1047,T.1,MbPT LAND,SIR PURUSHOTTAMDAS THAKURDAS ROAD,400033,7,"10301603",true,,,false,false,3262,,,,,,,,,,false,
3263,9,"103010016",C TO THE WEST OF RR 976(PLOT12,,OPEN PLOT,,F/S,MAZGAON SEWREE RECLAMATION (COTTON DEPOT),"262/145",PAREL-SEWERI,617.90,,Mahesh Mohite,2020-03-03 16:20:30.300,A,,true,false,,,,,56,3,,,,0,true,,,,,,97,RR – 976 (FIRE BRIDAGE),MbPT GARRAGE,PLOT A-(13),"2ND AVENUE",400033,7,"10301602",false,,,false,false,3263,,,,,,,,,,false,
3265,9,"103010018",ENCRO.ON PT FOOT PATH OF S.PTD,,PRIVATE STRUCTURE,,F/S,MAZGAON SEWREE RECLAMATION (COTTON DEPOT),"145",PAREL-SEWERI,35.30,,Mahesh Mohite,2020-03-03 16:20:30.300,A,,true,false,,,,,56,3,,,,0,true,,,,,,97,T.1,BOUNDARY ROAD,BOUNDARY ROAD,RR – 979,400033,7,"10301608",true,,,false,false,3265,,,,,,,,,,false,
3266,9,"103010019","ENCROACHMENT ON S/O PLOT V,VI",,PRIVATE STRUCTURE,,F/S,MAZGAON SEWREE RECLAMATION (COTTON DEPOT),"145",PAREL-SEWERI,347.83,,Mahesh Mohite,2020-03-03 16:20:30.300,A,,true,false,,,,,56,3,,,,0,true,,,,,,97,MbPT ROAD,PLOT - V,MbPT PASSAGE,MbPT ROAD,400033,7,"10301607",true,,,false,false,3266,,,,,,,,,,false,
3267,9,"103010020",G 124&127 WITH INTERVENING PAS,,PRIVATE STRUCTURE,,E,MAZGAON SEWREE RECLAMATION (COTTON DEPOT), , ,679.80,,Mahesh Mohite,2020-03-03 16:20:30.300,A,,true,false,,,,,56,3,,,,0,true,,,,,,97,MbPT ROAD,"7TH STREET","G–125, 126, 128, 129",FRAMJI AVENUE,400033,5,"10301528",true,,,false,false,3267,,,,,,,,,,false,
3261,9,"103010014",BPT WAREHOUSE M Jetha,,,,F/S,MAZGAON SEWREE RECLAMATION (COTTON DEPOT),"102/145",PAREL-SEWERI,4046.61,,Mahesh Mohite,2020-03-03 16:20:30.300,A,,true,false,,,,,56,3,,,,0,true,,,"4",,,97,,,,,400033,7,"10301511,
10301629,
10301616,
10301641,
10301642,
10301643,
10301644,",false,,,false,false,3261,,,,,,,,,,false,
3293,9,"103010046",NEW RR 2095 (PLOT-19)OLD RR972,,PRIVATE STRUCTURE,,F/S,MAZGAON SEWREE RECLAMATION (COTTON DEPOT),"145",PAREL-SEWERI,299.61,,Mahesh Mohite,2020-03-03 16:20:30.300,A,,true,false,,,,,56,3,,,,0,true,,,,,,97,"1ST STREET",BOUNDARY ROAD,MT,OLD ARP PLOT - A,400033,7,"10301610",true,,,false,false,3293,,,,,,,,,,false,
3294,9,"103010047","OLD A R P B1,B2 & B3",,OPEN PLOT,,F/S,MAZGAON SEWREE RECLAMATION (COTTON DEPOT),"145",PAREL-SEWERI,882.64,,Mahesh Mohite,2020-03-03 16:20:30.300,A,,true,false,,,,,56,3,,,,0,true,,,,,,97,"1ST STREET",BOUNDARY ROAD,PLOT : B-4 & PLOT : B-5,RR – 958,400033,7,"10301632",true,,,false,false,3294,,,,,,,,,,false,
3299,9,"103010050",OLD R R NO 1047,,PRIVATE STRUCTURE,,F/S,MAZGAON SEWREE RECLAMATION (COTTON DEPOT),"282/145",PAREL-SEWERI,418.89,,Mahesh Mohite,2020-03-03 16:20:30.300,A,,true,false,,,,,56,3,,,,0,true,,,,,,97,SIR PURSHOTTAM DAS THAKUR DAS ROAD,C (ADJ. DISPENSARY),MbPT LAND,SIR PURSHOTTAM DAS THAKUR DAS ROAD,400033,7,"10301614",true,,,false,false,3299,,,,,,,,,,false,
3300,9,"103010051",OLD R R NO 1948,,MbPT STRUCTURE,,F/S,MAZGAON SEWREE RECLAMATION (COTTON DEPOT),"263/145",PAREL-SEWERI,689.34,,Mahesh Mohite,2020-03-03 16:20:30.300,A,,true,false,,,,,56,3,,,,0,true,,,,,,97,"1ST STREET",PLOT : A - WEST OF RR – 980 (PLOT NO. 5),RR – 975,RR – 976 (FIRE BRIDAGE),400033,7,"10301619",false,,,false,false,3300,,,,,,,,,,false,
3301,9,"103010052",OLD R R NO 958(PLOT NO.34-A),,PRIVATE STRUCTURE,,F/S,MAZGAON SEWREE RECLAMATION (COTTON DEPOT),"274/148",PAREL-SEWERI,299.89,,Mahesh Mohite,2020-03-03 16:20:30.300,A,,true,false,,,,,56,3,,,,0,true,,,,,,97,"1st STREET",MbPT ROAD,PLOT : 1,RR – 960,400033,7,"10301609",true,,,false,false,3301,,,,,,,,,,false,
3302,9,"103010053",OLD R R NO 984,,PRIVATE STRUCTURE,,F/S,MAZGAON SEWREE RECLAMATION (COTTON DEPOT),"265/145",PAREL-SEWERI,10094.28,,Mahesh Mohite,2020-03-03 16:20:30.300,A,,true,false,,,,,56,3,,,,0,true,,,,,,97,SIR PURSHOTTAMDAS THAKURDAS ROAD,BOARDS BOUNDARY ROAD THAT BY HARBOUR BRANCH RAILWAY OF CENTRAL RAILWAY,BOARDS LAND KNOWN AS SIR PURSHOTTAMDAS THAKURDAS ROAD EXTENSION,THIRD AVENUE,400033,7,"10301613",true,,,false,false,3302,,,,,,,,,,false,
3304,9,"103010055","OPEN JET.K161TOK164,K166TOK169",,PRIVATE STRUCTURE,,F/S,MAZGAON SEWREE RECLAMATION (COTTON DEPOT),"77/145",PAREL-SEWERI,3108.60,,Mahesh Mohite,2020-03-03 16:20:30.300,A,,true,false,,,,,56,3,,,,0,true,,,,,,97,RAILWAY SIDING,"7TH STREET",SECOND AVENUE,PLOT : PART OF OPEN JETHA K-165,400033,7,"10301527",false,,,false,false,3304,,,,,,,,,,false,
3305,9,"103010056",OPEN JETHA D 42,,OPEN PLOT,,F/S,MAZGAON SEWREE RECLAMATION (COTTON DEPOT),"22/145",PAREL-SEWERI,227.43,,Mahesh Mohite,2020-03-03 16:20:30.300,A,,true,false,,,,,56,3,,,,0,true,,,,,,97,OPEN JETHA D-46,"1ST STREET",OPEN JETHA D-43,OPEN JETHA D-41,400033,7,"10301516",false,,,false,false,3305,,,,,,,,,,false,
3306,9,"103010057",OPEN JETHA D 52,,OPEN PLOT,,F/S,MAZGAON SEWREE RECLAMATION (COTTON DEPOT),"32/145",PAREL-SEWERI,245.82,,Mahesh Mohite,2020-03-03 16:20:30.300,A,,true,false,,,,,56,3,,,,0,true,,,,,,97,"3RD  STREET",OPEN JETHA D-48,OPEN JETHA D-53,SECOND AVENUE,400033,7,"10301502",false,,,false,false,3306,,,,,,,,,,false,
3663,17,"208010017","177 QUAY STREET",,,,E,MAZGAON RECLAMATION (SOUTH),"1",MAZGAON,198.53,,Mahesh Mohite,2020-03-03 16:20:30.300,A,,true,false,,,,,57,8,,,,0,true,,,,,,97,Plot No.197,Quay Street,Quay Street,Plot No.178,400010,5,"20801415
",false,,,false,false,3663,,,,,,,,,,false,
3307,9,"103010058",OPEN JETHA D 54,,OPEN PLOT,,F/S,MAZGAON SEWREE RECLAMATION (COTTON DEPOT),"34/145",PAREL-SEWERI,227.43,,Mahesh Mohite,2020-03-03 16:20:30.300,A,,true,false,,,,,56,3,,,,0,true,,,,,,97,"3RD  STREET",OPEN JETHA D-50,OPEN JETHA D-55,OPEN JETHA D-53,400033,7,"10301504",false,,,false,false,3307,,,,,,,,,,false,
3308,9,"103010059",OPEN JETHA D 56,,OPEN PLOT,,F/S,MAZGAON SEWREE RECLAMATION (COTTON DEPOT),"36/145",PAREL-SEWERI,396.32,,Mahesh Mohite,2020-03-03 16:20:30.300,A,,true,false,,,,,56,3,,,,0,true,,,,,,97,OPEN JETHA D-59,"3RD STREET",OPEN JETHA D-57,SECOND AVENUE,400033,7,"10301506",false,,,false,false,3308,,,,,,,,,,false,
3309,9,"103010060",OPEN JETHA D 60,,OPEN PLOT,,F/S,MAZGAON SEWREE RECLAMATION (COTTON DEPOT),"40/145",PAREL-SEWERI,227.43,,Mahesh Mohite,2020-03-03 16:20:30.300,A,,true,false,,,,,56,3,,,,0,true,,,,,,97,"4TH STREET",OPEN JETHA D-57,OPEN JETHA D-61,OPEN JETHA D-59,400033,7,"10301510",false,,,false,false,3309,,,,,,,,,,false,
3310,9,"103010061",OPEN JETHA D 63,,OPEN PLOT,,F/S,MAZGAON SEWREE RECLAMATION (COTTON DEPOT),"145",PAREL-SEWERI,227.43,,Mahesh Mohite,2020-03-03 16:20:30.300,A,,true,false,,,,,56,3,,,,0,true,,,,,,97,OPEN JETHA D-65,"3RD  STREET",PLOT : E-76,OPEN JETHA D-62,400033,7,"10301513",false,,,false,false,3310,,,,,,,,,,false,
3311,9,"103010062",OPEN JETHA D-39,,OPEN PLOT,,F/S,MAZGAON SEWREE RECLAMATION (COTTON DEPOT),"19/145",PAREL-SEWERI,245.82,,Mahesh Mohite,2020-03-03 16:20:30.300,A,,true,false,,,,,56,3,,,,0,true,,,,,,97,OPEN JETHA D-44,"1ST STREET",OPEN JETHA D-40,SECOND AVENUE,400033,7,"10301440",false,,,false,false,3311,,,,,,,,,,false,
3312,9,"103010063",OPEN JETHA D-40,,OPEN PLOT,,F/S,MAZGAON SEWREE RECLAMATION (COTTON DEPOT),"20/145",PAREL-SEWERI,227.40,,Mahesh Mohite,2020-03-03 16:20:30.300,A,,true,false,,,,,56,3,,,,0,true,,,,,,97,OPEN JETHA D-44,"1ST STREET",OPEN JETHA D-41,OPEN JETHA D-39,400033,7,"10301441",false,,,false,false,3312,,,,,,,,,,false,
3313,9,"103010064",OPEN JETHA D-41,,OPEN PLOT,,F/S,MAZGAON SEWREE RECLAMATION (COTTON DEPOT),"21/145",PAREL-SEWERI,227.40,,Mahesh Mohite,2020-03-03 16:20:30.300,A,,true,false,,,,,56,3,,,,0,true,,,,,,97,OPEN JETHA D-45,"1ST STREET",OPEN JETHA D-42,OPEN JETHA D-40,400033,7,"10301442",false,,,false,false,3313,,,,,,,,,,false,
3314,9,"103010065",OPEN JETHA D-43,,OPEN PLOT,,F/S,MAZGAON SEWREE RECLAMATION (COTTON DEPOT),"23/145",PAREL-SEWERI,227.43,,Mahesh Mohite,2020-03-03 16:20:30.300,A,,true,false,,,,,56,3,,,,0,true,,,,,,97,PLOT : E-47,"1ST STREET",PLOT : E-43,PLOT : E-42,400033,7,"10301443",false,,,false,false,3314,,,,,,,,,,false,
3315,9,"103010066",OPEN JETHA D-44,,OPEN PLOT,,F/S,MAZGAON SEWREE RECLAMATION (COTTON DEPOT),"24/145",PAREL-SEWERI,441.48,,Mahesh Mohite,2020-03-03 16:20:30.300,A,,true,false,,,,,56,3,,,,0,true,,,,,,97,"2ND STREET",OPEN JETHA D-40 & OPEN JETHA D-39,OPEN JETHA D-45,SECOND AVENUE,400033,7,"10301444",false,,,false,false,3315,,,,,,,,,,false,
3316,9,"103010067",OPEN JETHA D-48,,OPEN PLOT,,F/S,MAZGAON SEWREE RECLAMATION (COTTON DEPOT),"28/145",PAREL-SEWERI,323.58,,Mahesh Mohite,2020-03-03 16:20:30.300,A,,true,false,,,,,56,3,,,,0,true,,,,,,97,OPEN JETHA D-52,"2ND  STREET",OPEN JETHA D-49,SECOND AVENUE ,400033,7,"10301448",false,,,false,false,3316,,,,,,,,,,false,
3317,9,"103010068",OPEN JETHA D-49,,OPEN PLOT,,F/S,MAZGAON SEWREE RECLAMATION (COTTON DEPOT),"29/145",PAREL-SEWERI,227.43,,Mahesh Mohite,2020-03-03 16:20:30.300,A,,true,false,,,,,56,3,,,,0,true,,,,,,97,OPEN JETHA D-53,"2ND  STREET",OPEN JETHA D-50,OPEN JETHA D-48,400033,7,"10301449",false,,,false,false,3317,,,,,,,,,,false,
3318,9,"103010069",OPEN JETHA D-50,,OPEN PLOT,,F/S,MAZGAON SEWREE RECLAMATION (COTTON DEPOT),"30/145",PAREL-SEWERI,227.43,,Mahesh Mohite,2020-03-03 16:20:30.300,A,,true,false,,,,,56,3,,,,0,true,,,,,,97,OPEN JETHA D-54,"2ND  STREET",OPEN JETHA D-51,OPEN JETHA D-49,400033,7,"10301450",false,,,false,false,3318,,,,,,,,,,false,
3319,9,"103010070",OPEN JETHA D-51,,OPEN PLOT,,F/S,MAZGAON SEWREE RECLAMATION (COTTON DEPOT),"31/145",PAREL-SEWERI,227.43,,Mahesh Mohite,2020-03-03 16:20:30.300,A,,true,false,,,,,56,3,,,,0,true,,,,,,97,OPEN JETHA D-55,"2ND  STREET",MbPT PASSAGE ,OPEN JETHA D-50,400033,7,"10301501",false,,,false,false,3319,,,,,,,,,,false,
3320,9,"103010071",OPEN JETHA D53,,OPEN PLOT,,F/S,MAZGAON SEWREE RECLAMATION (COTTON DEPOT),"33/145",PAREL-SEWERI,227.43,,Mahesh Mohite,2020-03-03 16:20:30.300,A,,true,false,,,,,56,3,,,,0,true,,,,,,97,"3RD  STREET",OPEN JETHA D-49,OPEN JETHA D-54,OPEN JETHA D-52,400033,7,"10301503",false,,,false,false,3320,,,,,,,,,,false,
3321,9,"103010072",OPEN JETHA D-55,,OPEN PLOT,,F/S,MAZGAON SEWREE RECLAMATION (COTTON DEPOT),"35/145",PAREL-SEWERI,227.43,,Mahesh Mohite,2020-03-03 16:20:30.300,A,,true,false,,,,,56,3,,,,0,true,,,,,,97,"3RD  STREET",PLOT : D-51,PLOT : E-54,PLOT : D-54,400033,7,"10301505",false,,,false,false,3321,,,,,,,,,,false,
3322,9,"103010073",OPEN JETHA D-57,,OPEN PLOT,,F/S,MAZGAON SEWREE RECLAMATION (COTTON DEPOT),"37/145",PAREL-SEWERI,227.43,,Mahesh Mohite,2020-03-03 16:20:30.300,A,,true,false,,,,,56,3,,,,0,true,,,,,,97,PLOT : D-60,"3RD  STREET",PLOT : D-53,PLOT : D-56,400033,7,"10301507",false,,,false,false,3322,,,,,,,,,,false,
3323,9,"103010074",OPEN JETHA D58,,OPEN PLOT,,F/S,MAZGAON SEWREE RECLAMATION (COTTON DEPOT),"38/145",PAREL-SEWERI,227.43,,Mahesh Mohite,2020-03-03 16:20:30.300,A,,true,false,,,,,56,3,,,,0,true,,,,,,97,PLOT : D-60,"3RD  STREET",PLOT : E-65,PLOT : D-57,400033,7,"10301508",false,,,false,false,3323,,,,,,,,,,false,
3297,9,"103010048",OLD ARP B 10,,OPEN PLOT,,F/S,MAZGAON SEWREE RECLAMATION (COTTON DEPOT),"145",PAREL-SEWERI,316.00,,Mahesh Mohite,2020-03-03 16:20:30.300,A,,true,false,,,,,56,3,,,,0,true,,,,,,97,"1st  STREET",GDN. 9,"2nd  AVENUE",GDN. 6,400033,7,"10301514",false,,,false,false,3297,,,,,,,,,,true,
4799,24,"311020079",R.R.1294,,,,A,MODY BAY,"1120",FORT,234.95,,Mahesh Mohite,2020-03-03 16:20:30.300,A,,true,false,,,,,58,11,,,,0,true,,,,,,97,"15-ML 6",SHAHID BHAGAT SINGH ROAD ,RR NO. 1317,"15-ML 5",400001,1,"31102231",false,,,false,false,4799,,,,,,,,,,false,
3324,9,"103010075",OPEN JETHA D59,,OPEN PLOT,,F/S,MAZGAON SEWREE RECLAMATION (COTTON DEPOT),"39/145",PAREL-SEWERI,323.58,,Mahesh Mohite,2020-03-03 16:20:30.300,A,,true,false,,,,,56,3,,,,0,true,,,,,,97,"4TH STREET",PLOT : D-56,PLOT : D-60,SECOND AVENUE,400033,7,"10301509",false,,,false,false,3324,,,,,,,,,,false,
3325,9,"103010076",OPEN JETHA D62,,OPEN PLOT,,F/S,MAZGAON SEWREE RECLAMATION (COTTON DEPOT),"42/145",PAREL-SEWERI,473.25,,Mahesh Mohite,2020-03-03 16:20:30.300,A,,true,false,,,,,56,3,,,,0,true,,,,,,97,OPEN JETHA D-64,"4TH STREET",OPEN JETHA D-63,SECOND AVENUE,400033,7,"10301512",false,,,false,false,3325,,,,,,,,,,false,
3326,9,"103010077",OPEN JETHA K 140,,OPEN PLOT,,F/S,MAZGAON SEWREE RECLAMATION (COTTON DEPOT),"56/145",PAREL-SEWERI,318.56,,Mahesh Mohite,2020-03-03 16:20:30.300,A,,true,false,,,,,56,3,,,,0,true,,,,,,97,OPEN JETHA K-145,"5TH STREET",OPEN JETHA K-141,OPEN JETHA J-140,400033,7,"10301517",false,,,false,false,3326,,,,,,,,,,false,
8241,19,"309010156",OLD R R 1857, , , ,B WARD , ,"48/1",PRINCESS DOCK,284.00,,Mahesh Mohite,2020-07-15 12:13:57.570,A,,true,false, ,,,,58,9,nihar, , ,0,true, , , ,,,97, , , , ,,,"30901236",false,,,false,false,8241,,,,,,,,,,false,
3327,9,"103010078",OPEN JETHA K 141,,OPEN PLOT,,F/S,MAZGAON SEWREE RECLAMATION (COTTON DEPOT),"57/145",PAREL-SEWERI,318.56,,Mahesh Mohite,2020-03-03 16:20:30.300,A,,true,false,,,,,56,3,,,,0,true,,,,,,97,OPEN JETHA K-146,"5TH STREET",OPEN JETHA K-142,OPEN JETHA K-140,400033,7,"10301518",false,,,false,false,3327,,,,,,,,,,false,
3328,9,"103010079",OPEN JETHA K 142,,OPEN PLOT,,F/S,MAZGAON SEWREE RECLAMATION (COTTON DEPOT),"58/145",PAREL-SEWERI,318.56,,Mahesh Mohite,2020-03-03 16:20:30.300,A,,true,false,,,,,56,3,,,,0,true,,,,,,97,OPEN JETHA K-147,"5TH STREET",OPEN JETHA K-143,OPEN JETHA K-141,400033,7,"10301519",false,,,false,false,3328,,,,,,,,,,false,
3329,9,"103010080",OPEN JETHA K 143,,OPEN PLOT,,F/S,MAZGAON SEWREE RECLAMATION (COTTON DEPOT),"59/145",PAREL-SEWERI,318.56,,Mahesh Mohite,2020-03-03 16:20:30.300,A,,true,false,,,,,56,3,,,,0,true,,,,,,97,OPEN JETHA K-148,"5TH STREET",OPEN JETHA K-144,OPEN JETHA K-142,400033,7,"10301520",false,,,false,false,3329,,,,,,,,,,false,
3330,9,"103010081",OPEN JETHA K 144,,OPEN PLOT,,F/S,MAZGAON SEWREE RECLAMATION (COTTON DEPOT),"60/145",PAREL-SEWERI,318.56,,Mahesh Mohite,2020-03-03 16:20:30.300,A,,true,false,,,,,56,3,,,,0,true,,,,,,97,PLOT : K-149,"5TH STREET",SECOND AVENUE,OPEN JETHA K-143,400033,7,"10301521",false,,,false,false,3330,,,,,,,,,,false,
3350,9,"103010101",       SOUTH OF GODOWN L 155,,PRIVATE STRUCTURE,,F/S,MAZGAON SEWREE RECLAMATION (COTTON DEPOT),"145",PAREL-SEWERI,22.87,,Mahesh Mohite,2020-03-03 16:20:30.300,A,,true,false,,,,,56,3,,,,0,true,,,,,,97,MbPT LAND,"2ND AVENUE",PLOT : L-155,"2ND AVENUE",400033,7,"10301531",false,,,false,false,3350,,,,,,,,,,false,
3331,9,"103010082",OPEN JETHA K 145,,OPEN PLOT,,F/S,MAZGAON SEWREE RECLAMATION (COTTON DEPOT),"61/145",PAREL-SEWERI,318.56,,Mahesh Mohite,2020-03-03 16:20:30.300,A,,true,false,,,,,56,3,,,,0,true,,,,,,97,"6TH STREET",OPEN JETHA K-140,OPEN JETHA K-146,MbPT GDN. J-140,400033,7,"10301522",false,,,false,false,3331,,,,,,,,,,false,
3332,9,"103010083",OPEN JETHA K 146,,OPEN PLOT,,F/S,MAZGAON SEWREE RECLAMATION (COTTON DEPOT),"62/145",PAREL-SEWERI,318.56,,Mahesh Mohite,2020-03-03 16:20:30.300,A,,true,false,,,,,56,3,,,,0,true,,,,,,97,"6TH STREET",OPEN JETHA K-141,OPEN JETHA K-147,OPEN JETHA K-145,400033,7,"10301523",false,,,false,false,3332,,,,,,,,,,false,
3333,9,"103010084",OPEN JETHA K 148,,OPEN PLOT,,F/S,MAZGAON SEWREE RECLAMATION (COTTON DEPOT),"64/145",PAREL-SEWERI,318.60,,Mahesh Mohite,2020-03-03 16:20:30.300,A,,true,false,,,,,56,3,,,,0,true,,,,,,97,"6TH STREET",OPEN JETHA K-143,PLOT : K-149,OPEN JETHA K-147,400033,7,"10301525",false,,,false,false,3333,,,,,,,,,,false,
3334,9,"103010085",OPEN JETHA K-134,,OPEN PLOT,,F/S,MAZGAON SEWREE RECLAMATION (COTTON DEPOT),"50/145",PAREL-SEWERI,318.56,,Mahesh Mohite,2020-03-03 16:20:30.300,A,,true,false,,,,,56,3,,,,0,true,,,,,,97,OPEN JETHA K-138,SIR PURUSHOTTAMDAS THAKURDAS ROAD,"2ND AVENUE",OPEN JETHA K-133,400033,7,"10301639",true,,,false,false,3334,,,,,,,,,,false,
3335,9,"103010086",OPEN JETHA K-139,,OPEN PLOT,,F/S,MAZGAON SEWREE RECLAMATION (COTTON DEPOT),"55/145",PAREL-SEWERI,318.56,,Mahesh Mohite,2020-03-03 16:20:30.300,A,,true,false,,,,,56,3,,,,0,true,,,,,,97,"5TH STREET",OPEN JETHA K-134,SECOND AVENUE,PLOT : K-138,400033,7,"10301636",false,,,false,false,3335,,,,,,,,,,false,
3336,9,"103010087",OPEN JETHA K147,,OPEN PLOT,,F/S,MAZGAON SEWREE RECLAMATION (COTTON DEPOT),"63/145",PAREL-SEWERI,318.56,,Mahesh Mohite,2020-03-03 16:20:30.300,A,,true,false,,,,,56,3,,,,0,true,,,,,,97,"6TH STREET",OPEN JETHA K-142,OPEN JETHA K-148,OPEN JETHA K-146,400033,7,"10301524",false,,,false,false,3336,,,,,,,,,,false,
3337,9,"103010088",OPEN JETHA NO D-61,,OPEN PLOT,,F/S,MAZGAON SEWREE RECLAMATION (COTTON DEPOT),"41/145",PAREL-SEWERI,227.43,,Mahesh Mohite,2020-03-03 16:20:30.300,A,,true,false,,,,,56,3,,,,0,true,,,,,,97,"4TH STREET",OPEN JETHA D-58,OPEN JETHA E-65,OPEN JETHA D-60,400033,7,"10301630",false,,,false,false,3337,,,,,,,,,,false,
3338,9,"103010089",PART OF OPEN JETHA NO K 165,,PRIVATE STRUCTURE,,F/S,MAZGAON SEWREE RECLAMATION (COTTON DEPOT),"145",PAREL-SEWERI,125.70,,Mahesh Mohite,2020-03-03 16:20:30.300,A,,true,false,,,,,56,3,,,,0,true,,,,,,97,RAILWAY SIDING,PLOT : K-160,LEASED TO NSD,PLOT : WEST PORTION OF OPEN JETHA K-165,400033,7,"10301621",false,,,false,false,3338,,,,,,,,,,false,
3339,9,"103010090",PLOT NO.9 N OF GDN.C-42,,PRIVATE STRUCTURE,,F/S,MAZGAON SEWREE RECLAMATION (COTTON DEPOT),"145",PAREL-SEWERI,5.95,,Mahesh Mohite,2020-03-03 16:20:30.300,A,,true,false,,,,,56,3,,,,0,true,,,,,,97,PLOT : 8,"4TH STREET","2ND AVENUE",GDN. C-42,400033,7,"10301538",false,,,false,false,3339,,,,,,,,,,false,
3340,9,"103010091",PT SHED NORTH JUCT.BOUNDARY RD,,Mb.P.T STRUCTURE,,F/S,MAZGAON SEWREE RECLAMATION (COTTON DEPOT),"145",PAREL-SEWERI,360.65,,Mahesh Mohite,2020-03-03 16:20:30.300,A,,true,false,,,,,56,3,,,,0,true,,,,,,97,"1st STREET",BOUNDARY ROAD,BOUNDARY ROAD,RR – 972,400033,7,"10301433",true,,,false,false,3340,,,,,,,,,,false,
3341,9,"103010092",R R NO 1453,,PRIVATE STRUCTURE,,F/S,MAZGAON SEWREE RECLAMATION (COTTON DEPOT),"320/145",PAREL-SEWERI,623.84,,Mahesh Mohite,2020-03-03 16:20:30.300,A,,true,false,,,,,56,3,,,,0,true,,,,,,97,RR – 1846,SIR PURSHOTTAMDAS THAKURDAS ROAD,RR – 1846,RR – 1846,400033,7,"10301615",true,,,false,false,3341,,,,,,,,,,false,
3342,9,"103010093",R.R.NO 1889,,PRIVATE STRUCTURE,,F/S,MAZGAON SEWREE RECLAMATION (COTTON DEPOT),"408/145",PAREL-SEWERI,170.59,,Mahesh Mohite,2020-03-03 16:20:30.300,A,,true,false,,,,,56,3,,,,0,true,,,,,,97,LAND WITH MbPT SISTER DEPT.,RAILWAY SIDING,RAILWAY SIDING,LAND WITH MbPT SISTER DEPT.,400033,7,"10301618",false,,,false,false,3342,,,,,,,,,,false,
3343,9,"103010094",RR-1846,,OPEN PLOT,,F/S,MAZGAON SEWREE RECLAMATION (COTTON DEPOT),"320/145",PAREL-SEWERI,955.97,,Mahesh Mohite,2020-03-03 16:20:30.300,A,,true,false,,,,,56,3,,,,0,true,,,,,,97,MbPT LAND,SIR PURSHOTTAMDAS THAKURDAS ROAD,RR – 1453,MbPT SHED (N - SHED),400033,7,"10301617",true,,,false,false,3343,,,,,,,,,,false,
3344,9,"103010095",RR960 & RR958 & Plot 1-10,,Mb.P.T STRUCTURE,,F/S,MAZGAON SEWREE RECLAMATION (COTTON DEPOT),"275/148",PAREL-SEWERI,297.45,,Mahesh Mohite,2020-03-03 16:20:30.300,A,,true,false,,,,,56,3,,,,0,true,,,,,,97,"1st STREET",BOUNDARY ROAD,OLD RR – 958 (PLOT NO.34-A),FOUNTAIN,400033,7,"10301434",true,,,false,false,3344,,,,,,,,,,false,
3345,9,"103010096",RR-976(PLOT.NO.10)&OLD RR 1549,,PRIVATE STRUCTURE,,F/S,MAZGAON SEWREE RECLAMATION (COTTON DEPOT),"262/145",PAREL-SEWERI,1021.93,,Mahesh Mohite,2020-03-03 16:20:30.300,A,,true,false,,,,,56,3,,,,0,true,,,,,,97,"1st STREET",C TO THE WEST OF RR – 976 (PLOT NO. 12),RR – 1948,"2nd AVENUE",400033,7,"10301611",false,,,false,false,3345,,,,,,,,,,false,
3346,9,"103010097",SHED JETHA K-131,,OPEN PLOT,,F/S,MAZGAON SEWREE RECLAMATION (COTTON DEPOT),"145",PAREL-SEWERI,16.72,,Mahesh Mohite,2020-03-03 16:20:30.300,A,,true,false,,,,,56,3,,,,0,true,,,,,,97,PLOT : K-131,"2ND AVENUE",PLOT : K-132,PLOT : K-131,400033,7,"10301437, 
10301438, ",false,,,false,false,3346,,,,,,,,,,false,
3347,9,"103010098",SHED ON JETHA M-181,,MbPT STRUCTURE,,F/S,MAZGAON SEWREE RECLAMATION (COTTON DEPOT),"97/145",PAREL-SEWERI,392.91,,Mahesh Mohite,2020-03-03 16:20:30.300,A,,true,false,,,,,56,3,,,,0,true,,,,,,97,PLOT : M-185,"5TH STREET","3RD AVENUE",PLOT : M-180,400033,7,"10301430",false,,,false,false,3347,,,,,,,,,,false,
3348,9,"103010099",SHED-1 UNDER NORTH FOOT BRIDGE,,MbPT STRUCTURE,,F/S,MAZGAON SEWREE RECLAMATION (COTTON DEPOT),"145(PT)",PAREL-SEWERI,30.47,,Mahesh Mohite,2020-03-03 16:20:30.300,A,,true,false,,,,,56,3,,,,0,true,,,,,,97,VIII – RAIL CONTAINER DEPOT,RAILWAY SIDING,VIII – RAIL CONTAINER DEPOT,VIII – RAIL CONTAINER DEPOT,400033,7,"10301435",false,,,false,false,3348,,,,,,,,,,false,
3349,9,"103010100",SHED-2 UNDER SOUTH FOOT BRIDGE,,MbPT STRUCTURE,,E,MAZGAON SEWREE RECLAMATION (COTTON DEPOT),"1",MAZAGAON,30.10,,Mahesh Mohite,2020-03-03 16:20:30.300,A,,true,false,,,,,56,3,,,,0,true,,,,,,97,RAILWAY SIDING,MbPT LAND,WEST OF P T SHED NO 2 UNDER SO,MbPT LAND,400033,5,"10301436",false,,,false,false,3349,,,,,,,,,,false,
3351,9,"103010102",V A (EXTN TO PLOT V NORTH OF,,PRIVATE STRUCTURE,,F/S,MAZGAON SEWREE RECLAMATION (COTTON DEPOT),"145",PAREL-SEWERI,386.48,,Mahesh Mohite,2020-03-03 16:20:30.300,A,,true,false,,,,,56,3,,,,0,true,,,,,,97,RAILWAY SIDING,PLOT - V,MbPT LAND,MbPT PASSAGE,400033,7,"10301605",false,,,false,false,3351,,,,,,,,,,false,
3352,9,"103010103",V TO THE NORTH OF OLD TATA SHD,,PRIVATE STRUCTURE,,F/S,MAZGAON SEWREE RECLAMATION (COTTON DEPOT),"145",PAREL-SEWERI,7484.73,,Mahesh Mohite,2020-03-03 16:20:30.300,A,,true,false,,,,,56,3,,,,0,true,,,,,,97,PLOT – V-A,MbPT ROAD,MbPT ROAD,MbPT PASSAGE,400033,7,"10301604",true,,,false,false,3352,,,,,,,,,,false,
3353,9,"103010104",WEST OF P T SHED NO 2 UNDER SO,,OPEN PLOT,,E,MAZGAON SEWREE RECLAMATION (COTTON DEPOT),"1",MAZAGAON,33.82,,Mahesh Mohite,2020-03-03 16:20:30.300,A,,true,false,,,,,56,3,,,,0,true,,,,,,97,MbPT LAND,RAILWAY SIDING,X - G-H-J PLATFORM SHED COTTON AVENUE,SHED-2 UNDER SOUTH FOOT BRIDGE,400033,5,"10301548",false,,,false,false,3353,,,,,,,,,,false,
3354,9,"103010105",WEST PORN OF OPEN JETHA K-165,,OPEN PLOT,,F/S,MAZGAON SEWREE RECLAMATION (COTTON DEPOT),"75/145",PAREL-SEWERI,188.06,,Mahesh Mohite,2020-03-03 16:20:30.300,A,,true,false,,,,,56,3,,,,0,true,,,,,,97,RAILWAY SIDING,GDN. J-160,PART OF OPEN JETHA K-165,GDN. J-3,400033,7,"10301623",false,,,false,false,3354,,,,,,,,,,false,
3356,10,"104010001","4",,PRIVATE STRUCTURE,,F/S,MAZGAON SEWREE RECLAMATION (GRAIN & COTTON DEPOT),"145",PAREL-SEWERI,15.14,,Mahesh Mohite,2020-03-03 16:20:30.300,A,,true,false,,,,,56,4,,,,0,true,,,,,,97,"5",RAILWAY SIDING,MbPT PASSAGE,"2 AND 2-A",400015,7,"10401642",false,,,false,false,3356,,,,,,,,,,false,
3357,10,"104010002","102",,PRIVATE STRUCTURE,,F/S,MAZGAON SEWREE RECLAMATION (GRAIN & COTTON DEPOT),"145",PAREL-SEWERI,3039.16,,Mahesh Mohite,2020-03-03 16:20:30.300,A,,true,false,,,,,56,4,,,,0,true,,,,,,97,LAND WITH MbPT SISTER DEPT.,MbPT ROAD,"101",LAND WITH MbPT SISTER DEPT.,400015,7,"10401650",false,,,false,false,3357,,,,,,,,,,false,
3358,10,"104010003","1 A&B",,PRIVATE STRUCTURE,,F/S,MAZGAON SEWREE RECLAMATION (GRAIN & COTTON DEPOT),"145",PAREL-SEWERI,399.20,,Mahesh Mohite,2020-03-03 16:20:30.300,A,,true,false,,,,,56,4,,,,0,true,,,,,,97,MbPT ROAD,RAILWAY SIDING,PLOT : 2-D & 2-C,MbPT PASSAGE,400015,7,"10401421",true,,,false,false,3358,,,,,,,,,,false,
8231,19,"309010146",OLD R.R.NO.1516, , , ,B WARD , ,,PRINCESS DOCK,392.98,,Mahesh Mohite,2020-07-15 12:13:57.570,A,,true,false, ,,,,58,9,nihar, , ,0,true, , , ,,,97, , , , ,,,"30901117",false,,,false,false,8231,,,,,,,,,,false,
3359,10,"104010004","1&1 A JUNCTION PLOT",,PRIVATE STRUCTURE,,F/S,MAZGAON SEWREE RECLAMATION (GRAIN & COTTON DEPOT),"145",PAREL-SEWERI,443.57,,Mahesh Mohite,2020-03-03 16:20:30.300,A,,true,false,,,,,56,4,,,,0,true,,,,,,97,MbPT ROAD,PLOT : 1-B,"PLOT : 2, 2-A & (3, 3-A & 3-B) ",MbPT PASSAGE,400015,7,"10401226",true,,,false,false,3359,,,,,,,,,,false,
3360,10,"104010005","1,1A,1B",,PRIVATE STRUCTURE,,F/S,MAZGAON SEWREE RECLAMATION (GRAIN & COTTON DEPOT),"145",PAREL-SEWERI,189.12,,Mahesh Mohite,2020-03-03 16:20:30.300,A,,true,false,,,,,56,4,,,,0,true,,,,,,97,FOSBERY ROAD,PLOT : 38,MbPT ROAD,RR – 1844,400015,7,"10401216",true,,,false,false,3360,,,,,,,,,,false,
3361,10,"104010006","10 C AT COAL DEPOT",,OPEN PLOT,,F/S,MAZGAON SEWREE RECLAMATION (GRAIN & COTTON DEPOT),"145",PAREL-SEWERI,235.51,,Mahesh Mohite,2020-03-03 16:20:30.300,A,,true,false,,,,,56,4,,,,0,true,,,,,,97,MbPT ROAD,"10-B",MbPT PASSAGE,"9-B",400015,7,"10401519",true,,,false,false,3361,,,,,,,,,,false,
3362,10,"104010007","10 COAL DEPOT",,PRIVATE STRUCTURE,,F/S,MAZGAON SEWREE RECLAMATION (GRAIN & COTTON DEPOT),"145",PAREL-SEWERI,379.88,,Mahesh Mohite,2020-03-03 16:20:30.300,A,,true,false,,,,,56,4,,,,0,true,,,,,,97,MbPT ROAD,RAILWAY SIDING,"11  COAL DEPOT","9  COAL DEPOT",400015,7,"10401236",true,,,false,false,3362,,,,,,,,,,false,
3363,10,"104010008","10 D AT COAL DEPOT",,OPEN PLOT,,F/S,MAZGAON SEWREE RECLAMATION (GRAIN & COTTON DEPOT),"145",PAREL-SEWERI,133.78,,Mahesh Mohite,2020-03-03 16:20:30.300,A,,true,false,,,,,56,4,,,,0,true,,,,,,97,MbPT ROAD,PLOT : 10-A,PLOT : 11-C,MbPT PASSAGE,400015,7,"10401520",true,,,false,false,3363,,,,,,,,,,false,
3364,10,"104010009",,,PRIVATE STRUCTURE,,F/S,MAZGAON SEWREE RECLAMATION (GRAIN & COTTON DEPOT),"145",PAREL-SEWERI,256.69,,Mahesh Mohite,2020-03-03 16:20:30.300,A,,true,false,,,,,56,4,,,"10A",0,true,,,,,,97,PLOT : 10-D,RAILWAY SIDING,PLOT : 11-B,MbPT PASSAGE,400015,7,"10401442",false,,,false,false,3364,,,,,,,,,,false,
3365,10,"104010010",,,OPEN PLOT,,F/S,MAZGAON SEWREE RECLAMATION (GRAIN & COTTON DEPOT),"145",PAREL-SEWERI,241.55,,Mahesh Mohite,2020-03-03 16:20:30.300,A,,true,false,,,,,56,4,,,"10B",0,true,,,,,,97,PLOT : 10-C,RAILWAY SIDING,MbPT PASSAGE,PLOT : 9-A,400015,7,"10401441",false,,,false,false,3365,,,,,,,,,,false,
3366,10,"104010011","11 C",,OPEN PLOT,,F/S,MAZGAON SEWREE RECLAMATION (GRAIN & COTTON DEPOT),"145",PAREL-SEWERI,175.87,,Mahesh Mohite,2020-03-03 16:20:30.300,A,,true,false,,,,,56,4,,,,0,true,,,,,,97,MbPT ROAD,PLOT : 11-B,MbPT PASSAGE,PLOT : 10-D,400015,7,"10401521",true,,,false,false,3366,,,,,,,,,,false,
3367,10,"104010012","11 COAL DEPOT.",,PRIVATE STRUCTURE,,F/S,MAZGAON SEWREE RECLAMATION (GRAIN & COTTON DEPOT),"145",PAREL-SEWERI,377.93,,Mahesh Mohite,2020-03-03 16:20:30.300,A,,true,false,,,,,56,4,,,,0,true,,,,,,97,MbPT ROAD,RAILWAY SIDING,PLOT : 12 WEST ROAD,PLOT : 10  COAL DEPOT,400015,7,"10401237",true,,,false,false,3367,,,,,,,,,,false,
3368,10,"104010013","11 D",,OPEN PLOT,,F/S,MAZGAON SEWREE RECLAMATION (GRAIN & COTTON DEPOT),"145",PAREL-SEWERI,142.70,,Mahesh Mohite,2020-03-03 16:20:30.300,A,,true,false,,,,,56,4,,,,0,true,,,,,,97,MbPT ROAD,PLOT : 11-A,PLOT : 12-C,MbPT PASSAGE,400015,7,"10401522",true,,,false,false,3368,,,,,,,,,,false,
3369,10,"104010014","11-A",,OPEN PLOT,,F/S,MAZGAON SEWREE RECLAMATION (GRAIN & COTTON DEPOT),"145",PAREL-SEWERI,212.93,,Mahesh Mohite,2020-03-03 16:20:30.300,A,,true,false,,,,,56,4,,,,0,true,,,,,,97,PLOT : 11-D,RAILWAY SIDING,PLOT : 12-B,MbPT PASSAGE,400015,7,"10401444",false,,,false,false,3369,,,,,,,,,,false,
3370,10,"104010015","11-B",,PRIVATE STRUCTURE,,F/S,MAZGAON SEWREE RECLAMATION (GRAIN & COTTON DEPOT),"145",PAREL-SEWERI,241.55,,Mahesh Mohite,2020-03-03 16:20:30.300,A,,true,false,,,,,56,4,,,,0,true,,,,,,97,PLOT : 11-C,RAILWAY SIDING,MbPT PASSAGE,PLOT : 10-A,400015,7,"10401443",false,,,false,false,3370,,,,,,,,,,false,
3371,10,"104010016","12 C",,OPEN PLOT,,F/S,MAZGAON SEWREE RECLAMATION (GRAIN & COTTON DEPOT),"145",PAREL-SEWERI,220.64,,Mahesh Mohite,2020-03-03 16:20:30.300,A,,true,false,,,,,56,4,,,,0,true,,,,,,97,MbPT ROAD,PLOT : 12-B,MbPT PASSAGE,PLOT : 11-D,400015,7,"10401523",true,,,false,false,3371,,,,,,,,,,false,
3372,10,"104010017","12 WEST RD",,PRIVATE STRUCTURE,,F/S,MAZGAON SEWREE RECLAMATION (GRAIN & COTTON DEPOT),"145",PAREL-SEWERI,348.39,,Mahesh Mohite,2020-03-03 16:20:30.300,A,,true,false,,,,,56,4,,,,0,true,,,,,,97,MbPT ROAD,RAILWAY SIDING,MbPT PASSAGE,PLOT : 11  COAL DEPOT,400015,7,"10401238",true,,,false,false,3372,,,,,,,,,,false,
3373,10,"104010018","12A 12A-1 12D 12D-1 COAL DEPOT",,OPEN PLOT,,F/S,MAZGAON SEWREE RECLAMATION (GRAIN & COTTON DEPOT),"145",PAREL-SEWERI,1004.10,,Mahesh Mohite,2020-03-03 16:20:30.300,A,,true,false,,,,,56,4,,,,0,true,,,,,,97,MbPT ROAD,RAILWAY SIDING,PLOT : 13-B & 13-C,MbPT PASSAGE,400015,7,"10401446",true,,,false,false,3373,,,,,,,,,,false,
3374,10,"104010019","12-B",,PRIVATE STRUCTURE,,F/S,MAZGAON SEWREE RECLAMATION (GRAIN & COTTON DEPOT),"145",PAREL-SEWERI,241.55,,Mahesh Mohite,2020-03-03 16:20:30.300,A,,true,false,,,,,56,4,,,,0,true,,,,,,97,PLOT : 12-C,RAILWAY SIDING,MbPT PASSAGE,PLOT : 11-A,400015,7,"10401445",false,,,false,false,3374,,,,,,,,,,false,
3376,10,"104010021","13 D",,OPEN PLOT,,F/S,MAZGAON SEWREE RECLAMATION (GRAIN & COTTON DEPOT),"145",PAREL-SEWERI,241.55,,Mahesh Mohite,2020-03-03 16:20:30.300,A,,true,false,,,,,56,4,,,,0,true,,,,,,97,MbPT ROAD,PLOT : 13-A,PLOT : 14-C,MbPT PASSAGE,400015,7,"10401525",true,,,false,false,3376,,,,,,,,,,false,
3377,10,"104010022","13A COAL DEPOT",,PRIVATE STRUCTURE,,F/S,MAZGAON SEWREE RECLAMATION (GRAIN & COTTON DEPOT),"145",PAREL-SEWERI,241.55,,Mahesh Mohite,2020-03-03 16:20:30.300,A,,true,false,,,,,56,4,,,,0,true,,,,,,97,PLOT : 13-D,RAILWAY SIDING,PLOT : 14-B,MbPT PASSAGE,400015,7,"10401448",false,,,false,false,3377,,,,,,,,,,false,
4800,24,"311020080",R.R.1295,,,,A,MODY BAY,"1207",FORT,313.83,,Mahesh Mohite,2020-03-03 16:20:30.300,A,,true,false,,,,,58,11,,,,0,true,,,,,,97,RR NO. 1296,SHAHID BHAGAT SING ROAD,RR NO. 1066,RR NO. 2079,400001,1,"31102129",false,,,false,false,4800,,,,,,,,,,false,
3379,10,"104010024","14 D",,PRIVATE STRUCTURE,,F/S,MAZGAON SEWREE RECLAMATION (GRAIN & COTTON DEPOT),"145",PAREL-SEWERI,241.55,,Mahesh Mohite,2020-03-03 16:20:30.300,A,,true,false,,,,,56,4,,,,0,true,,,,,,97,MbPT ROAD,PLOT : 14-A,PLOT : 14-D1,MbPT PASSAGE,400015,7,"10401526",true,,,false,false,3379,,,,,,,,,,false,
3380,10,"104010025","14 D-1",,OPEN PLOT,,F/S,MAZGAON SEWREE RECLAMATION (GRAIN & COTTON DEPOT),"145",PAREL-SEWERI,256.69,,Mahesh Mohite,2020-03-03 16:20:30.300,A,,true,false,,,,,56,4,,,,0,true,,,,,,97,MbPT ROAD,PLOT : 14-F (SOUTH),PLOT : 14-F (SOUTH),PLOT : 14-D,400015,7,"10401527",true,,,false,false,3380,,,,,,,,,,false,
3381,10,"104010026","14A",,OPEN PLOT,,F/S,MAZGAON SEWREE RECLAMATION (GRAIN & COTTON DEPOT),"145",PAREL-SEWERI,241.55,,Mahesh Mohite,2020-03-03 16:20:30.300,A,,true,false,,,,,56,4,,,,0,true,,,,,,97,PLOT : 14-D,RAILWAY SIDING,PLOT : 14-F (SOUTH),MbPT PASSAGE,400015,7,"10401450",false,,,false,false,3381,,,,,,,,,,false,
3382,10,"104010027","14B & 14C",,PRIVATE STRUCTURE,,F/S,MAZGAON SEWREE RECLAMATION (GRAIN & COTTON DEPOT),"145",PAREL-SEWERI,483.10,,Mahesh Mohite,2020-03-03 16:20:30.300,A,,true,false,,,,,56,4,,,,0,true,,,,,,97,MbPT ROAD,RAILWAY SIDING,MbPT PASSAGE,PLOT : 13-A & PLOT : 13-D,400015,7,"10401449",true,,,false,false,3382,,,,,,,,,,false,
3384,10,"104010028","15 AT COAL DEPOT",,PRIVATE STRUCTURE,,F/S,MAZGAON SEWREE RECLAMATION (GRAIN & COTTON DEPOT),"145",PAREL-SEWERI,376.26,,Mahesh Mohite,2020-03-03 16:20:30.300,A,,true,false,,,,,56,4,,,,0,true,,,,,,97,MbPT ROAD,RAILWAY SIDING,PLOT : 16 AT COAL DEPOT,PLOT : 14 AT COAL DEPOT,400015,7,"10401241",true,,,false,false,3384,,,,,,,,,,false,
3661,17,"208010016","176 MAGAZINE STREET",,,,E,MAZGAON RECLAMATION (SOUTH),"1",MAZGAON,401.71,,Mahesh Mohite,2020-03-03 16:20:30.300,A,,true,false,,,,,57,8,,,,0,true,,,,,,97,Plot No.175F, MAGAZINE STREET,"4TH CROSS STREET",Plot No.127-A,400010,5,"20801414
",false,,,false,false,3661,,,,,,,,,,false,
3385,10,"104010029","15 B 2 COAL DEPOT",,PRIVATE STRUCTURE,,F/S,MAZGAON SEWREE RECLAMATION (GRAIN & COTTON DEPOT),"145",PAREL-SEWERI,227.24,,Mahesh Mohite,2020-03-03 16:20:30.300,A,,true,false,,,,,56,4,,,,0,true,,,,,,97,RAILWAY SIDING,PLOT : 15-B4,MbPT PASSAGE,PLOT : 15-B1,400015,7,"10401350",false,,,false,false,3385,,,,,,,,,,false,
3386,10,"104010030","15A 1 NORTH COAL DEPOT",,OPEN PLOT,,F/S,MAZGAON SEWREE RECLAMATION (GRAIN & COTTON DEPOT),"145",PAREL-SEWERI,279.82,,Mahesh Mohite,2020-03-03 16:20:30.300,A,,true,false,,,,,56,4,,,,0,true,,,,,,97,RAILWAY SIDING,MbPT ROAD,PLOT : 15-A2,PLOT : 15-A1 (SOUTH),400015,7,"10401316",true,,,false,false,3386,,,,,,,,,,false,
3387,10,"104010031","15A 1 SOUTH AT COAL DEPOT",,OPEN PLOT,,F/S,MAZGAON SEWREE RECLAMATION (GRAIN & COTTON DEPOT),"145",PAREL-SEWERI,256.41,,Mahesh Mohite,2020-03-03 16:20:30.300,A,,true,false,,,,,56,4,,,,0,true,,,,,,97,RAILWAY SIDING,MbPT ROAD,PLOT : 15-A1 (NORTH),MbPT PASSAGE,400015,7,"10401314",true,,,false,false,3387,,,,,,,,,,false,
3388,10,"104010032","15A 1 SOUTH EXTENTION AT C D",,OPEN PLOT,,F/S,MAZGAON SEWREE RECLAMATION (GRAIN & COTTON DEPOT),"145",PAREL-SEWERI,85.47,,Mahesh Mohite,2020-03-03 16:20:30.300,A,,true,false,,,,,56,4,,,,0,true,,,,,,97,PLOT : 15-A1 (SOUTH),MbPT ROAD,PLOT : 15-A1 (SOUTH),MbPT PASSAGE,400015,7,"10401315",true,,,false,false,3388,,,,,,,,,,false,
3389,10,"104010033","15A 2 COAL DEPOT",,OPEN PLOT,,F/S,MAZGAON SEWREE RECLAMATION (GRAIN & COTTON DEPOT),"145",PAREL-SEWERI,370.68,,Mahesh Mohite,2020-03-03 16:20:30.300,A,,true,false,,,,,56,4,,,,0,true,,,,,,97,RAILWAY SIDING,MbPT ROAD,MbPT PASSAGE,PLOT : 15-A1 (NORTH),400015,7,"10401317",true,,,false,false,3389,,,,,,,,,,false,
3390,10,"104010034","15A 3 AT COAL DEPOT",,OPEN PLOT,,F/S,MAZGAON SEWREE RECLAMATION (GRAIN & COTTON DEPOT),"145",PAREL-SEWERI,335.57,,Mahesh Mohite,2020-03-03 16:20:30.300,A,,true,false,,,,,56,4,,,,0,true,,,,,,97,RAILWAY SIDING,MbPT ROAD,MbPT PASSAGE,MbPT PASSAGE,400015,7,"10401313",true,,,false,false,3390,,,,,,,,,,false,
3391,10,"104010035","15A 4 AT COAL DEPOT",,OPEN PLOT,,F/S,MAZGAON SEWREE RECLAMATION (GRAIN & COTTON DEPOT),"145",PAREL-SEWERI,127.09,,Mahesh Mohite,2020-03-03 16:20:30.300,A,,true,false,,,,,56,4,,,,0,true,,,,,,97,RAILWAY SIDING,MbPT ROAD,MbPT PASSAGE,MbPT PASSAGE,400015,7,"10401312",true,,,false,false,3391,,,,,,,,,,false,
3392,10,"104010036","15B 4 COAL DEPOT",,OPEN PLOT,,F/S,MAZGAON SEWREE RECLAMATION (GRAIN & COTTON DEPOT),"145",PAREL-SEWERI,205.32,,Mahesh Mohite,2020-03-03 16:20:30.300,A,,true,false,,,,,56,4,,,,0,true,,,,,,97,PLOT : 15-B2,MbPT ROAD,MbPT PASSAGE,PLOT : 15-B3,400015,7,"10401319",true,,,false,false,3392,,,,,,,,,,false,
3393,10,"104010037","16 AT COAL DEPOT",,OPEN PLOT,,F/S,MAZGAON SEWREE RECLAMATION (GRAIN & COTTON DEPOT),"145",PAREL-SEWERI,376.26,,Mahesh Mohite,2020-03-03 16:20:30.300,A,,true,false,,,,,56,4,,,,0,true,,,,,,97,MbPT ROAD,RAILWAY SIDING,PLOT : 17,PLOT : 15 AT COAL DEPOT,400015,7,"10401242",true,,,false,false,3393,,,,,,,,,,false,
3394,10,"104010038","16A & 16D",,PRIVATE STRUCTURE,,F/S,MAZGAON SEWREE RECLAMATION (GRAIN & COTTON DEPOT),"145",PAREL-SEWERI,566.06,,Mahesh Mohite,2020-03-03 16:20:30.300,A,,true,false,,,,,56,4,,,,0,true,,,,,,97,RAILWAY SIDING,MbPT ROAD,MbPT PASSAGE,PLOT : 16-B & PLOT : 16-C,400015,7,"10401321",true,,,false,false,3394,,,,,,,,,,false,
3395,10,"104010039","16B COAL DEPOT",,OPEN PLOT,,F/S,MAZGAON SEWREE RECLAMATION (GRAIN & COTTON DEPOT),"145",PAREL-SEWERI,278.71,,Mahesh Mohite,2020-03-03 16:20:30.300,A,,true,false,,,,,56,4,,,,0,true,,,,,,97,PLOT : 16-C,MbPT ROAD,PLOT : 16-A,MbPT PASSAGE,400015,7,"10401320",true,,,false,false,3395,,,,,,,,,,false,
3396,10,"104010040","16C",,OPEN PLOT,,F/S,MAZGAON SEWREE RECLAMATION (GRAIN & COTTON DEPOT),"145",PAREL-SEWERI,278.71,,Mahesh Mohite,2020-03-03 16:20:30.300,A,,true,false,,,,,56,4,,,,0,true,,,,,,97,RAILWAY SIDING,PLOT : 16-B,PLOT : 16-D,MbPT PASSAGE,400015,7,"10401401",false,,,false,false,3396,,,,,,,,,,false,
3398,10,"104010041","17A",,OPEN PLOT,,F/S,MAZGAON SEWREE RECLAMATION (GRAIN & COTTON DEPOT),"145",PAREL-SEWERI,400.69,,Mahesh Mohite,2020-03-03 16:20:30.300,A,,true,false,,,,,56,4,,,,0,true,,,,,,97,RAILWAY SIDING,PLOT : 17-B,MbPT PASSAGE,MbPT PASSAGE,400015,7,"10401402",false,,,false,false,3398,,,,,,,,,,false,
3399,10,"104010042","17B COAL DEPOT",,OPEN PLOT,,F/S,MAZGAON SEWREE RECLAMATION (GRAIN & COTTON DEPOT),"145",PAREL-SEWERI,400.69,,Mahesh Mohite,2020-03-03 16:20:30.300,A,,true,false,,,,,56,4,,,,0,true,,,,,,97,PLOT : 17-A,MbPT ROAD,MbPT PASSAGE,MbPT PASSAGE,400015,7,"10401322",true,,,false,false,3399,,,,,,,,,,false,
3400,10,"104010043","18A COAL DEPOT",,OPEN PLOT,,F/S,MAZGAON SEWREE RECLAMATION (GRAIN & COTTON DEPOT),"145",PAREL-SEWERI,241.55,,Mahesh Mohite,2020-03-03 16:20:30.300,A,,true,false,,,,,56,4,,,,0,true,,,,,,97,PLOT : 18-D,MbPT ROAD,PLOT : 19-B,MbPT PASSAGE,400015,7,"10401324",true,,,false,false,3400,,,,,,,,,,false,
3401,10,"104010044","18C",,OPEN PLOT,,F/S,MAZGAON SEWREE RECLAMATION (GRAIN & COTTON DEPOT),"145",PAREL-SEWERI,310.85,,Mahesh Mohite,2020-03-03 16:20:30.300,A,,true,false,,,,,56,4,,,,0,true,,,,,,97,RAILWAY SIDING,PLOT : 18-B,MbPT PASSAGE,MbPT PASSAGE,400015,7,"10401403",false,,,false,false,3401,,,,,,,,,,false,
3402,10,"104010045","18D",,OPEN PLOT,,F/S,MAZGAON SEWREE RECLAMATION (GRAIN & COTTON DEPOT),"145",PAREL-SEWERI,241.55,,Mahesh Mohite,2020-03-03 16:20:30.300,A,,true,false,,,,,56,4,,,,0,true,,,,,,97,RAILWAY SIDING,PLOT : 18-A,PLOT : 19-C,MbPT PASSAGE,400015,7,"10401404",false,,,false,false,3402,,,,,,,,,,false,
3403,10,"104010046","19 AT COAL DEPOT",,PRIVATE STRUCTURE,,F/S,MAZGAON SEWREE RECLAMATION (GRAIN & COTTON DEPOT),"145",PAREL-SEWERI,376.26,,Mahesh Mohite,2020-03-03 16:20:30.300,A,,true,false,,,,,56,4,,,,0,true,,,,,,97,MbPT ROAD,RAILWAY SIDING,PLOT : 20 AT COAL DEPOT,MbPT PASSAGE,400015,7,"10401245",true,,,false,false,3403,,,,,,,,,,false,
3404,10,"104010047","19 B",,OPEN PLOT,,F/S,MAZGAON SEWREE RECLAMATION (GRAIN & COTTON DEPOT),"145",PAREL-SEWERI,241.55,,Mahesh Mohite,2020-03-03 16:20:30.300,A,,true,false,,,,,56,4,,,,0,true,,,,,,97,PLOT : 19-C,MbPT ROAD,MbPT PASSAGE,PLOT : 18-A,400015,7,"10401325",true,,,false,false,3404,,,,,,,,,,false,
3406,10,"104010049","19C",,PRIVATE STRUCTURE,,F/S,MAZGAON SEWREE RECLAMATION (GRAIN & COTTON DEPOT),"145",PAREL-SEWERI,241.55,,Mahesh Mohite,2020-03-03 16:20:30.300,A,,true,false,,,,,56,4,,,,0,true,,,,,,97,RAILWAY SIDING,PLOT : 19-B,MbPT PASSAGE,PLOT : 18-D,400015,7,"10401405",false,,,false,false,3406,,,,,,,,,,false,
3407,10,"104010050","19D-C",,OPEN PLOT,,F/S,MAZGAON SEWREE RECLAMATION (GRAIN & COTTON DEPOT),"145",PAREL-SEWERI,241.55,,Mahesh Mohite,2020-03-03 16:20:30.300,A,,true,false,,,,,56,4,,,,0,true,,,,,,97,RAILWAY SIDING,PLOT : 19-A,PLOT : 20-C,MbPT PASSAGE,400015,7,"10401406",false,,,false,false,3407,,,,,,,,,,false,
3408,10,"104010051","1C",,OPEN PLOT,,F/S,MAZGAON SEWREE RECLAMATION (GRAIN & COTTON DEPOT),"145",PAREL-SEWERI,369.57,,Mahesh Mohite,2020-03-03 16:20:30.300,A,,true,false,,,,,56,4,,,,0,true,,,,,,97,MbPT ROAD,RAILWAY SIDING,MbPT PASSAGE,PLOT : 1,400015,7,"10401420",true,,,false,false,3408,,,,,,,,,,false,
3410,10,"104010052","2 A AT COAL DEPOT",,OPEN PLOT,,F/S,MAZGAON SEWREE RECLAMATION (GRAIN & COTTON DEPOT),"145",PAREL-SEWERI,252.14,,Mahesh Mohite,2020-03-03 16:20:30.300,A,,true,false,,,,,56,4,,,,0,true,,,,,,97,MbPT ROAD,PLOT : 2-B,PLOT : 3-C,MbPT PASSAGE,400015,7,"10401504",true,,,false,false,3410,,,,,,,,,,false,
3411,10,"104010053","2 SOUTH END OF MESSENT RD MSR",,PRIVATE STRUCTURE,,E,MAZGAON SEWREE RECLAMATION (GRAIN & COTTON DEPOT),"1",MAZAGAON,11.71,,Mahesh Mohite,2020-03-03 16:20:30.300,A,,true,false,,,,,56,4,,,,0,true,,,,,,97,MbPT LAND,MbPT LAND,MbPT LAND,VICTORIA ROAD,400015,5,"10401103",false,,,false,false,3411,,,,,,,,,,false,
3412,10,"104010054","20 AT COAL DEPOT",,PRIVATE STRUCTURE,,F/S,MAZGAON SEWREE RECLAMATION (GRAIN & COTTON DEPOT),"145",PAREL-SEWERI,376.26,,Mahesh Mohite,2020-03-03 16:20:30.300,A,,true,false,,,,,56,4,,,,0,true,,,,,,97,MbPT ROAD,RAILWAY SIDING,PLOT : 21 WEST ROAD,PLOT : 19 AT COAL DEPOT,400015,7,"10401246",true,,,false,false,3412,,,,,,,,,,false,
3413,10,"104010055","20A & 21B",,OPEN PLOT,,F/S,MAZGAON SEWREE RECLAMATION (GRAIN & COTTON DEPOT),"145",PAREL-SEWERI,483.10,,Mahesh Mohite,2020-03-03 16:20:30.300,A,,true,false,,,,,56,4,,,,0,true,,,,,,97,RAILWAY SIDING,PLOT : 20-A,MbPT PASSAGE,MbPT PASSAGE,400015,7,"10401328",false,,,false,false,3413,,,,,,,,,,false,
3414,10,"104010056","20B COAL DEPOT",,OPEN PLOT,,F/S,MAZGAON SEWREE RECLAMATION (GRAIN & COTTON DEPOT),"145",PAREL-SEWERI,241.55,,Mahesh Mohite,2020-03-03 16:20:30.300,A,,true,false,,,,,56,4,,,,0,true,,,,,,97,PLOT : 20-C,MbPT ROAD,MbPT PASSAGE,PLOT : 19-A,400015,7,"10401327",true,,,false,false,3414,,,,,,,,,,false,
3415,10,"104010057","20C",,OPEN PLOT,,F/S,MAZGAON SEWREE RECLAMATION (GRAIN & COTTON DEPOT),"145",PAREL-SEWERI,241.55,,Mahesh Mohite,2020-03-03 16:20:30.300,A,,true,false,,,,,56,4,,,,0,true,,,,,,97,RAILWAY SIDING,PLOT : 20-B,MbPT PASSAGE,PLOT : 19-D,400015,7,"10401407",false,,,false,false,3415,,,,,,,,,,false,
3441,10,"104010081","26C",,OPEN PLOT,,F/S,MAZGAON SEWREE RECLAMATION (GRAIN & COTTON DEPOT),"145",PAREL-SEWERI,255.76,,Mahesh Mohite,2020-03-03 16:20:30.300,A,,true,false,,,,,56,4,,,,0,true,,,,,,97,RAILWAY SIDING,PLOT : 26-B,MbPT PASSAGE,PLOT : 25-D,400015,7,"10401417",false,,,false,false,3441,,,,,,,,,,false,
3416,10,"104010058","20D C",,OPEN PLOT,,F/S,MAZGAON SEWREE RECLAMATION (GRAIN & COTTON DEPOT),"145",PAREL-SEWERI,241.55,,Mahesh Mohite,2020-03-03 16:20:30.300,A,,true,false,,,,,56,4,,,,0,true,,,,,,97,RAILWAY SIDING,PLOT : 20-A,PLOT : 21-C,MbPT PASSAGE,400015,7,"10401408",false,,,false,false,3416,,,,,,,,,,false,
3417,10,"104010059","21 WEST RD",,PRIVATE STRUCTURE,,F/S,MAZGAON SEWREE RECLAMATION (GRAIN & COTTON DEPOT),"145",PAREL-SEWERI,376.26,,Mahesh Mohite,2020-03-03 16:20:30.300,A,,true,false,,,,,56,4,,,,0,true,,,,,,97,MbPT ROAD,RAILWAY SIDING,PLOT : 22,PLOT : 20,400015,7,"10401247",true,,,false,false,3417,,,,,,,,,,false,
3418,10,"104010060","21A COAL DEPOT",,OPEN PLOT,,F/S,MAZGAON SEWREE RECLAMATION (GRAIN & COTTON DEPOT),"145",PAREL-SEWERI,243.41,,Mahesh Mohite,2020-03-03 16:20:30.300,A,,true,false,,,,,56,4,,,,0,true,,,,,,97,PLOT : 21-D,MbPT ROAD,PLOT : 22-B,MbPT PASSAGE,400015,7,"10401329",true,,,false,false,3418,,,,,,,,,,false,
3419,10,"104010061","21C-",,OPEN PLOT,,F/S,MAZGAON SEWREE RECLAMATION (GRAIN & COTTON DEPOT),"145",PAREL-SEWERI,241.55,,Mahesh Mohite,2020-03-03 16:20:30.300,A,,true,false,,,,,56,4,,,,0,true,,,,,,97,RAILWAY SIDING,PLOT : 21-B,MbPT PASSAGE,PLOT : 20-D,400015,7,"10401409",false,,,false,false,3419,,,,,,,,,,false,
3420,10,"104010062","21D",,OPEN PLOT,,F/S,MAZGAON SEWREE RECLAMATION (GRAIN & COTTON DEPOT),"145",PAREL-SEWERI,241.55,,Mahesh Mohite,2020-03-03 16:20:30.300,A,,true,false,,,,,56,4,,,,0,true,,,,,,97,RAILWAY SIDING,PLOT : 21-A,PLOT : 22-C,MbPT PASSAGE,400015,7,"10401410",false,,,false,false,3420,,,,,,,,,,false,
3421,10,"104010063","22 B",,OPEN PLOT,,F/S,MAZGAON SEWREE RECLAMATION (GRAIN & COTTON DEPOT),"145",PAREL-SEWERI,247.12,,Mahesh Mohite,2020-03-03 16:20:30.300,A,,true,false,,,,,56,4,,,,0,true,,,,,,97,PLOT : 22-C,MbPT ROAD,MbPT PASSAGE,PLOT : 21-A,400015,7,"10401330",true,,,false,false,3421,,,,,,,,,,false,
3422,10,"104010064","22 WEST RD",,PRIVATE STRUCTURE,,F/S,MAZGAON SEWREE RECLAMATION (GRAIN & COTTON DEPOT),"145",PAREL-SEWERI,376.44,,Mahesh Mohite,2020-03-03 16:20:30.300,A,,true,false,,,,,56,4,,,,0,true,,,,,,97,MbPT ROAD,RAILWAY SIDING,PLOT : 23,PLOT : 21,400015,7,"10401248",true,,,false,false,3422,,,,,,,,,,false,
3423,10,"104010065","22A COAL DEPOT",,OPEN PLOT,,F/S,MAZGAON SEWREE RECLAMATION (GRAIN & COTTON DEPOT),"145",PAREL-SEWERI,241.55,,Mahesh Mohite,2020-03-03 16:20:30.300,A,,true,false,,,,,56,4,,,,0,true,,,,,,97,PLOT : 22-D,MbPT ROAD,PLOT : 23-B,MbPT PASSAGE,400015,7,"10401331",true,,,false,false,3423,,,,,,,,,,false,
3424,10,"104010066","22C-",,PRIVATE STRUCTURE,,F/S,MAZGAON SEWREE RECLAMATION (GRAIN & COTTON DEPOT),"145",PAREL-SEWERI,241.55,,Mahesh Mohite,2020-03-03 16:20:30.300,A,,true,false,,,,,56,4,,,,0,true,,,,,,97,RAILWAY SIDING,PLOT : 22-B,MbPT PASSAGE,PLOT : 21-D,400015,7,"10401411",false,,,false,false,3424,,,,,,,,,,false,
3425,10,"104010067","23A COAL DEPOT",,OPEN PLOT,,F/S,MAZGAON SEWREE RECLAMATION (GRAIN & COTTON DEPOT),"145",PAREL-SEWERI,251.77,,Mahesh Mohite,2020-03-03 16:20:30.300,A,no_mohite,true,false, Date: 28-11-2019 User: no_mohite <br>Remark: 2017 Zone to be added<br> <br> Date: 28-11-2019 User: mbpt_hod <br>Remark: Add and update 2017 RR<br>,,mbpt_hod,,56,4,mbpt_hod,,,0,true,,,,,,97,PLOT : 23-D,MbPT ROAD,PLOT : 24-B,MbPT PASSAGE,400015,7,"10401333",true,,,false,false,3425,,,,,,,,,,false,
3426,10,"104010068","23B COAL DEPOT",,OPEN PLOT,,F/S,MAZGAON SEWREE RECLAMATION (GRAIN & COTTON DEPOT),"145",PAREL-SEWERI,248.14,,Mahesh Mohite,2020-03-03 16:20:30.300,A,,true,false,,,,,56,4,,,,0,true,,,,,,97,PLOT : 23-C,MbPT ROAD,MbPT PASSAGE,PLOT : 22-A,400015,7,"10401332",true,,,false,false,3426,,,,,,,,,,false,
3427,10,"104010069","23C",,OPEN PLOT,,F/S,MAZGAON SEWREE RECLAMATION (GRAIN & COTTON DEPOT),"145",PAREL-SEWERI,249.07,,Mahesh Mohite,2020-03-03 16:20:30.300,A,,true,false,,,,,56,4,,,,0,true,,,,,,97,RAILWAY SIDING,PLOT : 23-B,MbPT PASSAGE,PLOT : 22-D,400015,7,"10401413",false,,,false,false,3427,,,,,,,,,,false,
3428,10,"104010070","23-D",,PRIVATE STRUCTURE,,F/S,MAZGAON SEWREE RECLAMATION (GRAIN & COTTON DEPOT),"145",PAREL-SEWERI,244.99,,Mahesh Mohite,2020-03-03 16:20:30.300,A,,true,false,,,,,56,4,,,,0,true,,,,,,97,RAILWAY SIDING,PLOT : 23-A,PLOT : 24-C,MbPT PASSAGE,400015,7,"10401414",false,,,false,false,3428,,,,,,,,,,false,
3429,10,"104010071","24 A COAL DEPOT",,OPEN PLOT,,F/S,MAZGAON SEWREE RECLAMATION (GRAIN & COTTON DEPOT),"145",PAREL-SEWERI,220.64,,Mahesh Mohite,2020-03-03 16:20:30.300,A,,true,false,,,,,56,4,,,,0,true,,,,,,97,PLOT : 24-D,MbPT ROAD,U-G TANK & 25-B,MbPT PASSAGE,400015,7,"10401335",true,,,false,false,3429,,,,,,,,,,false,
3430,10,"104010072","24 AT COAL DEPOT",,PRIVATE STRUCTURE,,F/S,MAZGAON SEWREE RECLAMATION (GRAIN & COTTON DEPOT),"145",PAREL-SEWERI,167.78,,Mahesh Mohite,2020-03-03 16:20:30.300,A,,true,false,,,,,56,4,,,,0,true,,,,,,97,PLOT : 25,RAILWAY SIDING,MbPT PASSAGE,PLOT : 23,400015,7,"10401301",false,,,false,false,3430,,,,,,,,,,false,
3431,10,"104010073","24B COAL DEPOT",,OPEN PLOT,,F/S,MAZGAON SEWREE RECLAMATION (GRAIN & COTTON DEPOT),"145",PAREL-SEWERI,241.55,,Mahesh Mohite,2020-03-03 16:20:30.300,A,,true,false,,,,,56,4,,,,0,true,,,,,,97,PLOT : 24-C,MbPT ROAD,MbPT PASSAGE,PLOT : 23-A,400015,7,"10401334",true,,,false,false,3431,,,,,,,,,,false,
3432,10,"104010074","24C-",,OPEN PLOT,,F/S,MAZGAON SEWREE RECLAMATION (GRAIN & COTTON DEPOT),"145",PAREL-SEWERI,241.55,,Mahesh Mohite,2020-03-03 16:20:30.300,A,,true,false,,,,,56,4,,,,0,true,,,,,,97,RAILWAY SIDING,PLOT : 24-B,MbPT PASSAGE,PLOT : 23-D,400015,7,"10401415",false,,,false,false,3432,,,,,,,,,,false,
3433,10,"104010075","24D-C",,OPEN PLOT,,F/S,MAZGAON SEWREE RECLAMATION (GRAIN & COTTON DEPOT),"145",PAREL-SEWERI,241.55,,Mahesh Mohite,2020-03-03 16:20:30.300,A,no_mohite,true,false, Date: 28-11-2019 User: no_mohite <br>Remark: 2017 RR Zone to be added<br> <br> Date: 28-11-2019 User: mbpt_hod <br>Remark: <br>,,mbpt_hod,,56,4,mbpt_hod,,,0,true,,,,,,97,RAILWAY SIDING,PLOT : 24-A,PLOT : 25-B & 25-C,MbPT PASSAGE,400015,7,"10401416",false,,,false,false,3433,,,,,,,,,,false,
3434,10,"104010076","25 B , 25 C  COAL DEPOT",,PRIVATE STRUCTURE,,F/S,MAZGAON SEWREE RECLAMATION (GRAIN & COTTON DEPOT),"145",PAREL-SEWERI,395.67,,Mahesh Mohite,2020-03-03 16:20:30.300,A,,true,false,,,,,56,4,,,,0,true,,,,,,97,RAILWAY SIDING,UG TANK,MbPT PASSAGE,PLOT : 24-A & 24-D,400015,7,"10401336",false,,,false,false,3434,,,,,,,,,,false,
3436,10,"104010077","25A ,25D(NORTH HALF OF 25)",,OPEN PLOT,,F/S,MAZGAON SEWREE RECLAMATION (GRAIN & COTTON DEPOT),"145",PAREL-SEWERI,420.20,,Mahesh Mohite,2020-03-03 16:20:30.300,A,,true,false,,,,,56,4,,,,0,true,,,,,,97,RAILWAY SIDING,MbPT ROAD,PLOT : 26-B & PLOT : 26-C,MbPT PASSAGE,400015,7,"10401338",true,,,false,false,3436,,,,,,,,,,false,
3438,10,"104010078","26 AT COAL DEPOT",,OPEN PLOT,,F/S,MAZGAON SEWREE RECLAMATION (GRAIN & COTTON DEPOT),"145",PAREL-SEWERI,185.24,,Mahesh Mohite,2020-03-03 16:20:30.300,A,,true,false,,,,,56,4,,,,0,true,,,,,,97,MbPT ROAD,PLOT : 27,PLOT : 28,MbPT PASSAGE,400015,7,"10401303",false,,,false,false,3438,,,,,,,,,,false,
3439,10,"104010079","26 B COAL DEPOT",,OPEN PLOT,,F/S,MAZGAON SEWREE RECLAMATION (GRAIN & COTTON DEPOT),"145",PAREL-SEWERI,245.36,,Mahesh Mohite,2020-03-03 16:20:30.300,A,,true,false,,,,,56,4,,,,0,true,,,,,,97,PLOT : 26-C,MbPT ROAD,MbPT PASSAGE,PLOT : 25-A,400015,7,"10401339",true,,,false,false,3439,,,,,,,,,,false,
3440,10,"104010080","26A & 26D COAL DEPOT M S R",,OPEN PLOT,,F/S,MAZGAON SEWREE RECLAMATION (GRAIN & COTTON DEPOT),"145",PAREL-SEWERI,483.10,,Mahesh Mohite,2020-03-03 16:20:30.300,A,,true,false,,,,,56,4,,,,0,true,,,,,,97,RAILWAY SIDING,MbPT ROAD,PLOT : 27-B & PLOT : 27-C,MbPT PASSAGE,400015,7,"10401340",true,,,false,false,3440,,,,,,,,,,false,
3444,10,"104010083","27A COAL DEPOT",,PRIVATE STRUCTURE,,F/S,MAZGAON SEWREE RECLAMATION (GRAIN & COTTON DEPOT),"145",PAREL-SEWERI,516.36,,Mahesh Mohite,2020-03-03 16:20:30.300,A,,true,false,,,,,56,4,,,,0,true,,,,,,97,RAILWAY SIDING,MbPT ROAD,MbPT PASSAGE,PLOT : 27-D & LAV.,400015,7,"10401342",true,,,false,false,3444,,,,,,,,,,false,
3445,10,"104010084","27B WITH ADDAL LAND COAL DEPOT",,OPEN PLOT,,F/S,MAZGAON SEWREE RECLAMATION (GRAIN & COTTON DEPOT),"145",PAREL-SEWERI,527.41,,Mahesh Mohite,2020-03-03 16:20:30.300,A,,true,false,,,,,56,4,,,,0,true,,,,,,97,RAILWAY SIDING,MbPT ROAD,PLOT : 28-A,MbPT PASSAGE,400015,7,"10401343",true,,,false,false,3445,,,,,,,,,,false,
3446,10,"104010085","27-C",,OPEN PLOT,,F/S,MAZGAON SEWREE RECLAMATION (GRAIN & COTTON DEPOT),"145",PAREL-SEWERI,245.26,,Mahesh Mohite,2020-03-03 16:20:30.300,A,,true,false,,,,,56,4,,,,0,true,,,,,,97,RAILWAY SIDING,PLOT : 27-B,MbPT PASSAGE,PLOT : 26-D,400015,7,"10401418",false,,,false,false,3446,,,,,,,,,,false,
3447,10,"104010086","27D-",,OPEN PLOT,,F/S,MAZGAON SEWREE RECLAMATION (GRAIN & COTTON DEPOT),"145",PAREL-SEWERI,241.55,,Mahesh Mohite,2020-03-03 16:20:30.300,A,,true,false,,,,,56,4,,,,0,true,,,,,,97,RAILWAY SIDING,LAV.,PLOT : 27-A,MbPT PASSAGE,400015,7,"10401419",false,,,false,false,3447,,,,,,,,,,false,
3448,10,"104010087","28 A COAL DEPOT",,OPEN PLOT,,F/S,MAZGAON SEWREE RECLAMATION (GRAIN & COTTON DEPOT),"145",PAREL-SEWERI,440.17,,Mahesh Mohite,2020-03-03 16:20:30.300,A,,true,false,,,,,56,4,,,,0,true,,,,,,97,RAILWAY SIDING,MbPT ROAD,PLOT : 28-B,PLOT : 27-B,400015,7,"10401344",true,,,false,false,3448,,,,,,,,,,false,
3449,10,"104010088","28 AT COAL DEPOT",,OPEN PLOT,,F/S,MAZGAON SEWREE RECLAMATION (GRAIN & COTTON DEPOT),"145",PAREL-SEWERI,398.46,,Mahesh Mohite,2020-03-03 16:20:30.300,A,,true,false,,,,,56,4,,,,0,true,,,,,,97,MbPT ROAD,RAILWAY SIDING,PLOT : 29,PLOT : 26 & 27,400015,7,"10401304",true,,,false,false,3449,,,,,,,,,,false,
3450,10,"104010089","28 B COAL DEPOT",,OPEN PLOT,,F/S,MAZGAON SEWREE RECLAMATION (GRAIN & COTTON DEPOT),"145",PAREL-SEWERI,651.71,,Mahesh Mohite,2020-03-03 16:20:30.300,A,,true,false,,,,,56,4,,,,0,true,,,,,,97,RAILWAY SIDING,MbPT ROAD,MbPT PASSAGE,PLOT : 28-A,400015,7,"10401345",true,,,false,false,3450,,,,,,,,,,false,
3451,10,"104010090","29 COAL DEPOT",,PRIVATE STRUCTURE,,F/S,MAZGAON SEWREE RECLAMATION (GRAIN & COTTON DEPOT),"145",PAREL-SEWERI,422.15,,Mahesh Mohite,2020-03-03 16:20:30.300,A,,true,false,,,,,56,4,,,,0,true,,,,,,97,MbPT ROAD,RAILWAY SIDING,PLOT : 30,PLOT : 28,400015,7,"10401305",true,,,false,false,3451,,,,,,,,,,false,
3452,10,"104010091","2,2A",,PRIVATE STRUCTURE,,F/S,MAZGAON SEWREE RECLAMATION (GRAIN & COTTON DEPOT),"145",PAREL-SEWERI,204.02,,Mahesh Mohite,2020-03-03 16:20:30.300,A,,true,false,,,,,56,4,,,,0,true,,,,,,97,"PLOT : 3, 3-A & 3-B",RAILWAY SIDING,PLOT : 4,PLOT : 1 & 1-A,400015,7,"10401227",false,,,false,false,3452,,,,,,,,,,false,
3453,10,"104010092","2B",,OPEN PLOT,,F/S,MAZGAON SEWREE RECLAMATION (GRAIN & COTTON DEPOT),"145",PAREL-SEWERI,188.13,,Mahesh Mohite,2020-03-03 16:20:30.300,A,,true,false,,,,,56,4,,,,0,true,,,,,,97,PLOT : 2-A,RAILWAY SIDING,PLOT : 3-D,MbPT PASSAGE,400015,7,"10401423",false,,,false,false,3453,,,,,,,,,,false,
3454,10,"104010093","2C AT COAL DEPOT",,PRIVATE STRUCTURE,,F/S,MAZGAON SEWREE RECLAMATION (GRAIN & COTTON DEPOT),"145",PAREL-SEWERI,246.10,,Mahesh Mohite,2020-03-03 16:20:30.300,A,,true,false,,,,,56,4,,,,0,true,,,,,,97,MbPT ROAD,PLOT : 2-D,MbPT PASSAGE,PLOT : 1-A,400015,7,"10401503",true,,,false,false,3454,,,,,,,,,,false,
3455,10,"104010094","2D-",,OPEN PLOT,,F/S,MAZGAON SEWREE RECLAMATION (GRAIN & COTTON DEPOT),"145",PAREL-SEWERI,126.35,,Mahesh Mohite,2020-03-03 16:20:30.300,A,,true,false,,,,,56,4,,,,0,true,,,,,,97,PLOT : 2-C,RAILWAY SIDING,MbPT PASSAGE,PLOT : 1-A,400015,7,"10401422",false,,,false,false,3455,,,,,,,,,,false,
3456,10,"104010095","3 C AT COAL DEPOT",,PRIVATE STRUCTURE,,F/S,MAZGAON SEWREE RECLAMATION (GRAIN & COTTON DEPOT),"145",PAREL-SEWERI,241.55,,Mahesh Mohite,2020-03-03 16:20:30.300,A,,true,false,,,,,56,4,,,,0,true,,,,,,97,MbPT ROAD,PLOT : 3-D,MbPT PASSAGE,PLOT : 2-A,400015,7,"10401505",true,,,false,false,3456,,,,,,,,,,false,
3457,10,"104010096","3,3A,3B",,PRIVATE STRUCTURE,,F/S,MAZGAON SEWREE RECLAMATION (GRAIN & COTTON DEPOT),"145",PAREL-SEWERI,245.73,,Mahesh Mohite,2020-03-03 16:20:30.300,A,,true,false,,,,,56,4,,,,0,true,,,,,,97,MbPT ROAD,PLOT : 2,PLOT : 5,PLOT : 1,400015,7,"10401228",true,,,false,false,3457,,,,,,,,,,false,
3458,10,"104010097","30 AT COAL DEPOT",,PRIVATE STRUCTURE,,F/S,MAZGAON SEWREE RECLAMATION (GRAIN & COTTON DEPOT),"145",PAREL-SEWERI,452.34,,Mahesh Mohite,2020-03-03 16:20:30.300,A,,true,false,,,,,56,4,,,,0,true,,,,,,97,MbPT ROAD,RAILWAY SIDING,PLOT : 31,PLOT : 29,400015,7,"10401306",true,,,false,false,3458,,,,,,,,,,false,
3459,10,"104010098","32 COAL DEPOT",,PRIVATE STRUCTURE,,F/S,MAZGAON SEWREE RECLAMATION (GRAIN & COTTON DEPOT),"145",PAREL-SEWERI,270.91,,Mahesh Mohite,2020-03-03 16:20:30.300,A,,true,false,,,,,56,4,,,,0,true,,,,,,97,MbPT ROAD,RAILWAY SIDING,MbPT PASSAGE,PLOT : 33,400015,7,"10401225",true,,,false,false,3459,,,,,,,,,,false,
3460,10,"104010099","33 COAL DEPOT",,PRIVATE STRUCTURE,,F/S,MAZGAON SEWREE RECLAMATION (GRAIN & COTTON DEPOT),"415/145",PAREL-SEWERI,167.32,,Mahesh Mohite,2020-03-03 16:20:30.300,A,,true,false,,,,,56,4,,,,0,true,,,,,,97,MbPT ROAD,RAILWAY SIDING,PLOT : 32 COAL DEPOT,PLOT : 34,400015,7,"10401224",true,,,false,false,3460,,,,,,,,,,false,
3461,10,"104010100","34,35,36",,PRIVATE STRUCTURE,,F/S,MAZGAON SEWREE RECLAMATION (GRAIN & COTTON DEPOT),"145",PAREL-SEWERI,529.08,,Mahesh Mohite,2020-03-03 16:20:30.300,A,,true,false,,,,,56,4,,,,0,true,,,,,,97,MbPT ROAD,RAILWAY SIDING,PLOT : 33,PLOT : 37-A & RAILWAY SIDING,400015,7,"10401223",true,,,false,false,3461,,,,,,,,,,false,
3464,10,"104010101","37A COAL DEPOT",,PRIVATE STRUCTURE,,F/S,MAZGAON SEWREE RECLAMATION (GRAIN & COTTON DEPOT),"435/148",PAREL-SEWERI,47.01,,Mahesh Mohite,2020-03-03 16:20:30.300,A,,true,false,,,,,56,4,,,,0,true,,,,,,97,MbPT ROAD,RAILWAY SIDING,PLOT : 36,MbPT ROAD,400015,7,"10401214",true,,,false,false,3464,,,,,,,,,,false,
3465,10,"104010102","37COAL DEPOT",,PRIVATE STRUCTURE,,F/S,MAZGAON SEWREE RECLAMATION (GRAIN & COTTON DEPOT),"435/148",PAREL-SEWERI,45.46,,Mahesh Mohite,2020-03-03 16:20:30.300,A,,true,false,,,,,56,4,,,,0,true,,,,,,97,PLOT : 38,RR – 1844,MbPT ROAD,PLOT : 37-A,400015,7,"10401213",true,,,false,false,3465,,,,,,,,,,false,
3466,10,"104010103","38 COAL DEPOT",,PRIVATE STRUCTURE,,F/S,MAZGAON SEWREE RECLAMATION (GRAIN & COTTON DEPOT),"435/148",PAREL-SEWERI,145.58,,Mahesh Mohite,2020-03-03 16:20:30.300,A,,true,false,,,,,56,4,,,,0,true,,,,,,97,"PLOT : 1, 1-A & 1-B",PLOT : 37 & 37-A,MbPT ROAD,RR - 1844,400015,7,"10401215",true,,,false,false,3466,,,,,,,,,,false,
3468,10,"104010105","3D",,OPEN PLOT,,F/S,MAZGAON SEWREE RECLAMATION (GRAIN & COTTON DEPOT),"145",PAREL-SEWERI,188.59,,Mahesh Mohite,2020-03-03 16:20:30.300,A,,true,false,,,,,56,4,,,,0,true,,,,,,97,PLOT : 3-C,RAILWAY SIDING,MbPT PASSAGE,PLOT : 2-B,400015,7,"10401424",false,,,false,false,3468,,,,,,,,,,false,
3469,10,"104010106","4 C AT COAL DEPOT",,OPEN PLOT,,F/S,MAZGAON SEWREE RECLAMATION (GRAIN & COTTON DEPOT),"145",PAREL-SEWERI,207.45,,Mahesh Mohite,2020-03-03 16:20:30.300,A,,true,false,,,,,56,4,,,,0,true,,,,,,97,MbPT ROAD,PLOT : 4-B,MbPT PASSAGE,PLOT : 3-A,400015,7,"10401507",true,,,false,false,3469,,,,,,,,,,false,
3470,10,"104010107","4 D AT COAL DEPOT",,PRIVATE STRUCTURE,,F/S,MAZGAON SEWREE RECLAMATION (GRAIN & COTTON DEPOT),"145",PAREL-SEWERI,312.71,,Mahesh Mohite,2020-03-03 16:20:30.300,A,,true,false,,,,,56,4,,,,0,true,,,,,,97,MbPT ROAD,PLOT : 4-A,PLOT : 5-C,MbPT PASSAGE,400015,7,"10401508",true,,,false,false,3470,,,,,,,,,,false,
3471,10,"104010108","4 WEST RD",,PRIVATE STRUCTURE,,F/S,MAZGAON SEWREE RECLAMATION (GRAIN & COTTON DEPOT),"145",PAREL-SEWERI,212.10,,Mahesh Mohite,2020-03-03 16:20:30.300,A,,true,false,,,,,56,4,,,,0,true,,,,,,97,PLOT : 5,RAILWAY SIDING,MbPT PASSAGE,PLOT : 2 & 2-A,400015,7,"10401230",false,,,false,false,3471,,,,,,,,,,false,
3472,10,"104010109","4A-",,OPEN PLOT,,F/S,MAZGAON SEWREE RECLAMATION (GRAIN & COTTON DEPOT),"145",PAREL-SEWERI,286.88,,Mahesh Mohite,2020-03-03 16:20:30.300,A,,true,false,,,,,56,4,,,,0,true,,,,,,97,PLOT : 4-D,RAILWAY SIDING,PLOT : 5-D1 & 5-D2,MbPT PASSAGE,400015,7,"10401427",false,,,false,false,3472,,,,,,,,,,false,
3473,10,"104010110","4B",,OPEN PLOT,,F/S,MAZGAON SEWREE RECLAMATION (GRAIN & COTTON DEPOT),"145",PAREL-SEWERI,196.30,,Mahesh Mohite,2020-03-03 16:20:30.300,A,,true,false,,,,,56,4,,,,0,true,,,,,,97,PLOT : 4-C,RAILWAY SIDING,MbPT PASSAGE,PLOT : 3-B,400015,7,"10401426",false,,,false,false,3473,,,,,,,,,,false,
3474,10,"104010111","5   WEST RD",,PRIVATE STRUCTURE,,F/S,MAZGAON SEWREE RECLAMATION (GRAIN & COTTON DEPOT),"145",PAREL-SEWERI,64.10,,Mahesh Mohite,2020-03-03 16:20:30.300,A,,true,false,,,,,56,4,,,,0,true,,,,,,97,MbPT ROAD,PLOT : 4,MbPT PASSAGE,"PLOT : 3, 3-A & 3-B",400015,7,"10401229",true,,,false,false,3474,,,,,,,,,,false,
3475,10,"104010112","5-A & 5-E2 COAL DEPOT",,OPEN PLOT,,F/S,MAZGAON SEWREE RECLAMATION (GRAIN & COTTON DEPOT),"145",PAREL-SEWERI,221.95,,Mahesh Mohite,2020-03-03 16:20:30.300,A,,true,false,,,,,56,4,,,,0,true,,,,,,97,MbPT ROAD,PLOT : 5-E & TOILET,PLOT : 6-C,MbPT PASSAGE,400015,7,"10401510",true,,,false,false,3475,,,,,,,,,,false,
3476,10,"104010113","5 C AT COAL DEPOT",,OPEN PLOT,,F/S,MAZGAON SEWREE RECLAMATION (GRAIN & COTTON DEPOT),"145",PAREL-SEWERI,235.14,,Mahesh Mohite,2020-03-03 16:20:30.300,A,,true,false,,,,,56,4,,,,0,true,,,,,,97,MbPT ROAD,PLOT : 5-D2,MbPT PASSAGE,PLOT : 4-D,400015,7,"10401509",true,,,false,false,3476,,,,,,,,,,false,
3478,10,"104010114","5B-1.5E.6B AND 6C",,OPEN PLOT,,F/S,MAZGAON SEWREE RECLAMATION (GRAIN & COTTON DEPOT),"145",PAREL-SEWERI,670.11,,Mahesh Mohite,2020-03-03 16:20:30.300,A,,true,false,,,,,56,4,,,,0,true,,,,,,97,MbPT ROAD,RAILWAY SIDING,MbPT PASSAGE,PLOT : 5-A & PLOT – 5-E & PLOT – 5-B2 ,400015,7,"10401651",true,,,false,false,3478,,,,,,,,,,false,
3479,10,"104010115","5D-1",,OPEN PLOT,,F/S,MAZGAON SEWREE RECLAMATION (GRAIN & COTTON DEPOT),"145",PAREL-SEWERI,105.91,,Mahesh Mohite,2020-03-03 16:20:30.300,A,,true,false,,,,,56,4,,,,0,true,,,,,,97,PLOT : 5-D2,RAILWAY SIDING,MbPT PASSAGE,PLOT : 4-A,400015,7,"10401428",false,,,false,false,3479,,,,,,,,,,false,
3480,10,"104010116","5D-2",,OPEN PLOT,,F/S,MAZGAON SEWREE RECLAMATION (GRAIN & COTTON DEPOT),"145",PAREL-SEWERI,113.25,,Mahesh Mohite,2020-03-03 16:20:30.300,A,,true,false,,,,,56,4,,,,0,true,,,,,,97,PLOT : 5-C,PLOT : 5-D1,MbPT PASSAGE,PLOT : 4-A,400015,7,"10401429",false,,,false,false,3480,,,,,,,,,,false,
3482,10,"104010117","6 D AT COAL DEPOT",,OPEN PLOT,,F/S,MAZGAON SEWREE RECLAMATION (GRAIN & COTTON DEPOT),"145",PAREL-SEWERI,249.91,,Mahesh Mohite,2020-03-03 16:20:30.300,A,,true,false,,,,,56,4,,,,0,true,,,,,,97,RAILWAY SIDING,PLOT : 6-A,PLOT : 7-B,MbPT PASSAGE,400015,7,"10401512",false,,,false,false,3482,,,,,,,,,,false,
3483,10,"104010118","6 SOUTH OF D SHED",,PRIVATE STRUCTURE,,F/S,MAZGAON SEWREE RECLAMATION (GRAIN & COTTON DEPOT),"145",PAREL-SEWERI,83.61,,Mahesh Mohite,2020-03-03 16:20:30.300,A,,true,false,,,,,56,4,,,,0,true,,,,,,97,PLOT : 5,RAILWAY SIDING,SHED - D,PLOT : 6A SOUTH OF D SHED,400015,7,"10401119",false,,,false,false,3483,,,,,,,,,,false,
3484,10,"104010119","6 WEST RD",,OPEN PLOT,,F/S,MAZGAON SEWREE RECLAMATION (GRAIN & COTTON DEPOT),"145",PAREL-SEWERI,153.38,,Mahesh Mohite,2020-03-03 16:20:30.300,A,,true,false,,,,,56,4,,,,0,true,,,,,,97,PLOT : 6A COAL DEPOT,RAILWAY SIDING,PLOT : 7  COAL DEPOT,MbPT PASSAGE,400015,7,"10401232",false,,,false,false,3484,,,,,,,,,,false,
3485,10,"104010120","6A-",,PRIVATE STRUCTURE,,F/S,MAZGAON SEWREE RECLAMATION (GRAIN & COTTON DEPOT),"145",PAREL-SEWERI,242.94,,Mahesh Mohite,2020-03-03 16:20:30.300,A,,true,false,,,,,56,4,,,,0,true,,,,,,97,PLOT : 6-D,RAILWAY SIDING,PLOT : 7-A1,MbPT PASSAGE,400015,7,"10401434",false,,,false,false,3485,,,,,,,,,,false,
3486,10,"104010121","6A COAL DEPOT",,OPEN PLOT,,F/S,MAZGAON SEWREE RECLAMATION (GRAIN & COTTON DEPOT),"145",PAREL-SEWERI,108.14,,Mahesh Mohite,2020-03-03 16:20:30.300,A,,true,false,,,,,56,4,,,,0,true,,,,,,97,MbPT ROAD,PLOT : 6 WEST RD,PLOT : 7  COAL DEPOT,MbPT PASSAGE,400015,7,"10401231",true,,,false,false,3486,,,,,,,,,,false,
3487,10,"104010122","6A SOUTH OF D SHED",,OPEN PLOT,,F/S,MAZGAON SEWREE RECLAMATION (GRAIN & COTTON DEPOT),"145",PAREL-SEWERI,21.18,,Mahesh Mohite,2020-03-03 16:20:30.300,A,,true,false,,,,,56,4,,,,0,true,,,,,,97,RAILWAY SIDING,RAILWAY SIDING,PLOT : 6 SOUTH OF D SHED,MbPT ROAD,400015,7,"10401120",true,,,false,false,3487,,,,,,,,,,false,
3490,10,"104010123","7  COAL DEPOT",,PRIVATE STRUCTURE,,F/S,MAZGAON SEWREE RECLAMATION (GRAIN & COTTON DEPOT),"145",PAREL-SEWERI,377.09,,Mahesh Mohite,2020-03-03 16:20:30.300,A,,true,false,,,,,56,4,,,,0,true,,,,,,97,MbPT PASSAGE,RAILWAY SIDING,PLOT : 8 WEST RD,PLOT - 6 WEST RD & PLOT - 6A COAL DEPOT,400015,7,"10401233",false,,,false,false,3490,,,,,,,,,,false,
3491,10,"104010124","7 B AT COAL DEPOT",,OPEN PLOT,,F/S,MAZGAON SEWREE RECLAMATION (GRAIN & COTTON DEPOT),"145",PAREL-SEWERI,241.55,,Mahesh Mohite,2020-03-03 16:20:30.300,A,,true,false,,,,,56,4,,,,0,true,,,,,,97,MbPT ROAD,PLOT : 7-A1,MbPT PASSAGE,PLOT : 6-D AT COAL DEPOT,400015,7,"10401513",true,,,false,false,3491,,,,,,,,,,false,
3492,10,"104010125","7 C AT COAL DEPOT",,OPEN PLOT,,F/S,MAZGAON SEWREE RECLAMATION (GRAIN & COTTON DEPOT),"145",PAREL-SEWERI,248.52,,Mahesh Mohite,2020-03-03 16:20:30.300,A,,true,false,,,,,56,4,,,,0,true,,,,,,97,MbPT ROAD,PLOT : 7-A2,PLOT : 8-C,MbPT PASSAGE,400015,7,"10401514",true,,,false,false,3492,,,,,,,,,,false,
3493,10,"104010126","7A-1",,OPEN PLOT,,F/S,MAZGAON SEWREE RECLAMATION (GRAIN & COTTON DEPOT),"145",PAREL-SEWERI,241.55,,Mahesh Mohite,2020-03-03 16:20:30.300,A,,true,false,,,,,56,4,,,,0,true,,,,,,97,PLOT : 7-B,RAILWAY SIDING,MbPT PASSAGE,PLOT : 6-A,400015,7,"10401435",false,,,false,false,3493,,,,,,,,,,false,
3494,10,"104010127","7A-2          ",,PRIVATE STRUCTURE,,F/S,MAZGAON SEWREE RECLAMATION (GRAIN & COTTON DEPOT),"145",PAREL-SEWERI,241.55,,Mahesh Mohite,2020-03-03 16:20:30.300,A,,true,false,,,,,56,4,,,,0,true,,,,,,97,PLOT : 7-C,RAILWAY SIDING,PLOT : 8-B,MbPT PASSAGE,400015,7,"10401436",false,,,false,false,3494,,,,,,,,,,false,
3495,10,"104010128","8 C AT COAL DEPOT",,OPEN PLOT,,F/S,MAZGAON SEWREE RECLAMATION (GRAIN & COTTON DEPOT),"145",PAREL-SEWERI,241.55,,Mahesh Mohite,2020-03-03 16:20:30.300,A,,true,false,,,,,56,4,,,,0,true,,,,,,97,MbPT ROAD,PLOT : 8-B,MbPT PASSAGE,PLOT : 7-C,400015,7,"10401515",true,,,false,false,3495,,,,,,,,,,false,
3496,10,"104010129","8 D AT COAL DEPOT",,OPEN PLOT,,F/S,MAZGAON SEWREE RECLAMATION (GRAIN & COTTON DEPOT),"145",PAREL-SEWERI,241.55,,Mahesh Mohite,2020-03-03 16:20:30.300,A,,true,false,,,,,56,4,,,,0,true,,,,,,97,MbPT ROAD,PLOT : 8-A,PLOT : 9-C,MbPT PASSAGE,400015,7,"10401516",true,,,false,false,3496,,,,,,,,,,false,
3497,10,"104010130","8A",,OPEN PLOT,,F/S,MAZGAON SEWREE RECLAMATION (GRAIN & COTTON DEPOT),"145",PAREL-SEWERI,241.55,,Mahesh Mohite,2020-03-03 16:20:30.300,A,,true,false,,,,,56,4,,,,0,true,,,,,,97,PLOT : 8-D,RAILWAY SIDING,PLOT : 9-D,MbPT PASSAGE,400015,7,"10401438",false,,,false,false,3497,,,,,,,,,,false,
3498,10,"104010131","8B-",,OPEN PLOT,,F/S,MAZGAON SEWREE RECLAMATION (GRAIN & COTTON DEPOT),"145",PAREL-SEWERI,241.55,,Mahesh Mohite,2020-03-03 16:20:30.300,A,,true,false,,,,,56,4,,,,0,true,,,,,,97,PLOT : 8-C,RAILWAY SIDING,MbPT PASSAGE,PLOT : 7-A2,400015,7,"10401437",false,,,false,false,3498,,,,,,,,,,false,
3499,10,"104010132","9 B AT COAL DEPOT",,OPEN PLOT,,F/S,MAZGAON SEWREE RECLAMATION (GRAIN & COTTON DEPOT),"145",PAREL-SEWERI,241.55,,Mahesh Mohite,2020-03-03 16:20:30.300,A,,true,false,,,,,56,4,,,,0,true,,,,,,97,MbPT ROAD,PLOT : 9-A,PLOT : 10-C,MbPT PASSAGE,400015,7,"10401518",true,,,false,false,3499,,,,,,,,,,false,
3500,10,"104010133","9 C AT COAL DEPOT",,OPEN PLOT,,F/S,MAZGAON SEWREE RECLAMATION (GRAIN & COTTON DEPOT),"145",PAREL-SEWERI,241.55,,Mahesh Mohite,2020-03-03 16:20:30.300,A,,true,false,,,,,56,4,,,,0,true,,,,,,97,MbPT PASSAGE,PLOT : 9-D,MbPT PASSAGE,PLOT : 8-D,400015,7,"10401517",false,,,false,false,3500,,,,,,,,,,false,
3501,10,"104010134","9 WEST RD",,PRIVATE STRUCTURE,,F/S,MAZGAON SEWREE RECLAMATION (GRAIN & COTTON DEPOT),"145",PAREL-SEWERI,379.51,,Mahesh Mohite,2020-03-03 16:20:30.300,A,,true,false,,,,,56,4,,,,0,true,,,,,,97,MbPT ROAD,RAILWAY SIDING,PLOT : 10,PLOT : 8,400015,7,"10401235",true,,,false,false,3501,,,,,,,,,,false,
3502,10,"104010135","9A",,OPEN PLOT,,F/S,MAZGAON SEWREE RECLAMATION (GRAIN & COTTON DEPOT),"145",PAREL-SEWERI,241.55,,Mahesh Mohite,2020-03-03 16:20:30.300,A,,true,false,,,,,56,4,,,,0,true,,,,,,97,PLOT : 9-B,RAILWAY SIDING,PLOT : 10-B,MbPT PASSAGE,400015,7,"10401440",false,,,false,false,3502,,,,,,,,,,false,
3503,10,"104010136","9D",,PRIVATE STRUCTURE,,F/S,MAZGAON SEWREE RECLAMATION (GRAIN & COTTON DEPOT),"145",PAREL-SEWERI,241.55,,Mahesh Mohite,2020-03-03 16:20:30.300,A,,true,false,,,,,56,4,,,,0,true,,,,,,97,PLOT : 9-C,RAILWAY SIDING,MbPT PASSAGE,PLOT : 8-A,400015,7,"10401439",false,,,false,false,3503,,,,,,,,,,false,
3504,10,"104010137",A 2,,OPEN PLOT,,F/S,MAZGAON SEWREE RECLAMATION (GRAIN & COTTON DEPOT),"145",PAREL-SEWERI,278.71,,Mahesh Mohite,2020-03-03 16:20:30.300,A,,true,false,,,,,56,4,,,,0,true,,,,,,97,PLOT : A-3,MbPT ROAD,MbPT PASSAGE,PLOT : B-1,400015,7,"10401550",true,,,false,false,3504,,,,,,,,,,false,
3505,10,"104010138",A PLINTH,,OPEN PLOT,,E,MAZGAON SEWREE RECLAMATION (GRAIN & COTTON DEPOT),"1",MAZAGAON,969.07,,Mahesh Mohite,2020-03-03 16:20:30.300,A,,true,false,,,,,56,4,,,,0,true,,,,,,97,MbPT SHED ON A-PLINTH,RAILWAY SIDING,XIX - A -SHED (BAYS 1-17) GRAIN DEPOT,MbPT ROAD,400015,5,"10401105",true,,,false,false,3505,,,,,,,,,,false,
3506,10,"104010139",A-1,,OPEN PLOT,,F/S,MAZGAON SEWREE RECLAMATION (GRAIN & COTTON DEPOT),"145",PAREL-SEWERI,278.71,,Mahesh Mohite,2020-03-03 16:20:30.300,A,,true,false,,,,,56,4,,,,0,true,,,,,,97,MbPT ROAD,PLOT : A-4,MbPT PASSAGE,MbPT PASSAGE,400015,7,"10401601",true,,,false,false,3506,,,,,,,,,,false,
3507,10,"104010140",ADDL.LAND TO THE WEST OF 1-A,,OPEN PLOT,,F/S,MAZGAON SEWREE RECLAMATION (GRAIN & COTTON DEPOT),"145",PAREL-SEWERI,70.24,,Mahesh Mohite,2020-03-03 16:20:30.300,A,,true,false,,,,,56,4,,,,0,true,,,,,,97,PLOT : 1-A,RAILWAY SIDING,RAILWAY SIDING,MbPT ROAD,400015,7,"10401649",true,,,false,false,3507,,,,,,,,,,false,
3536,10,"104010169",H-4 C,,OPEN PLOT,,F/S,MAZGAON SEWREE RECLAMATION (GRAIN & COTTON DEPOT),"145",PAREL-SEWERI,138.15,,Mahesh Mohite,2020-03-03 16:20:30.300,A,,true,false,,,,,56,4,,,,0,true,,,,,,97,TANK,PLOT : H-1,MbPT PASSAGE,PLOT : H-3 (1) & H-3 (2),400015,7,"10401615",false,,,false,false,3536,,,,,,,,,,false,
3508,10,"104010141",A-NEW PLOT NO 101,,PRIVATE STRUCTURE,,F/S,MAZGAON SEWREE RECLAMATION (GRAIN & COTTON DEPOT),"145",PAREL-SEWERI,3039.86,,Mahesh Mohite,2020-03-03 16:20:30.300,A,,true,false,,,,,56,4,,,,0,true,,,,,,97,RAILWAY SIDING,MbPT ROAD,RR – 1816,PLOT : 102,400015,7,"10401639",true,,,false,false,3508,,,,,,,,,,false,
3509,10,"104010142",AT FOSBERY RD,,PRIVATE STRUCTURE,,F/S,MAZGAON SEWREE RECLAMATION (GRAIN & COTTON DEPOT),"395/145",PAREL-SEWERI,317.88,,Mahesh Mohite,2020-03-03 16:20:30.300,A,,true,false,,,,,56,4,,,,0,true,,,,,,97,RAILWAY SIDING,FOSBERY ROAD,RR – 1931,MbPT ROAD,400015,7,"10401209",true,,,false,false,3509,,,,,,,,,,false,
3510,10,"104010143",B-1 COAL DEPOT,,OPEN PLOT,,F/S,MAZGAON SEWREE RECLAMATION (GRAIN & COTTON DEPOT),"145",PAREL-SEWERI,278.71,,Mahesh Mohite,2020-03-03 16:20:30.300,A,,true,false,,,,,56,4,,,,0,true,,,,,,97,PLOT : B-4,MbPT ROAD,PLOT : A-2,MbPT PASSAGE,400015,7,"10401549",true,,,false,false,3510,,,,,,,,,,false,
3511,10,"104010144",B-2 COAL DEPOT,,OPEN PLOT,,F/S,MAZGAON SEWREE RECLAMATION (GRAIN & COTTON DEPOT),"145",PAREL-SEWERI,278.71,,Mahesh Mohite,2020-03-03 16:20:30.300,A,,true,false,,,,,56,4,,,,0,true,,,,,,97,PLOT : B-3,MbPT ROAD,MbPT PASSAGE,PLOT : C-1,400015,7,"10401548",true,,,false,false,3511,,,,,,,,,,false,
3512,10,"104010145",B-3 & C-4,,PRIVATE STRUCTURE,,F/S,MAZGAON SEWREE RECLAMATION (GRAIN & COTTON DEPOT),"145",PAREL-SEWERI,557.42,,Mahesh Mohite,2020-03-03 16:20:30.300,A,,true,false,,,,,56,4,,,,0,true,,,,,,97,MbPT ROAD,PLOT : B-2 & C-1,MbPT PASSAGE,MbPT PASSAGE,400015,7,"10401624",true,,,false,false,3512,,,,,,,,,,false,
3513,10,"104010146",B-4,,PRIVATE STRUCTURE,,F/S,MAZGAON SEWREE RECLAMATION (GRAIN & COTTON DEPOT),"145",PAREL-SEWERI,278.71,,Mahesh Mohite,2020-03-03 16:20:30.300,A,,true,false,,,,,56,4,,,,0,true,,,,,,97,MbPT ROAD,PLOT : B-1,PLOT : A-3,MbPT PASSAGE,400015,7,"10401626",true,,,false,false,3513,,,,,,,,,,false,
3514,10,"104010147",C-1 COAL DEPOT,,OPEN PLOT,,F/S,MAZGAON SEWREE RECLAMATION (GRAIN & COTTON DEPOT),"145",PAREL-SEWERI,278.71,,Mahesh Mohite,2020-03-03 16:20:30.300,A,,true,false,,,,,56,4,,,,0,true,,,,,,97,PLOT : C-4,MbPT ROAD,PLOT : B-2,MbPT PASSAGE,400015,7,"10401547",true,,,false,false,3514,,,,,,,,,,false,
8183,21,"310010241","164", , , ,B WARD , ,FP No.133A ,PRINCESS DOCK,435.99,,Mahesh Mohite,2020-07-15 12:13:57.570,A,,true,false, ,,,,58,10,nihar, , ,0,true, , , ,,,97, , , , ,,,"31001532",false,,,false,false,8183,,,,,,,,,,true,
3515,10,"104010148",D-1 COAL DEPOT,,OPEN PLOT,,F/S,MAZGAON SEWREE RECLAMATION (GRAIN & COTTON DEPOT),"145",PAREL-SEWERI,278.71,,Mahesh Mohite,2020-03-03 16:20:30.300,A,,true,false,,,,,56,4,,,,0,true,,,,,,97,PLOT : D-4,MbPT ROAD,PLOT : C-2,MbPT PASSAGE,400015,7,"10401545",true,,,false,false,3515,,,,,,,,,,false,
3517,10,"104010150",D-3 C,,OPEN PLOT,,F/S,MAZGAON SEWREE RECLAMATION (GRAIN & COTTON DEPOT),"145",PAREL-SEWERI,278.71,,Mahesh Mohite,2020-03-03 16:20:30.300,A,,true,false,,,,,56,4,,,,0,true,,,,,,97,MbPT ROAD,PLOT : D-2,MbPT PASSAGE,PLOT : E-4,400015,7,"10401621",true,,,false,false,3517,,,,,,,,,,false,
3518,10,"104010151",D-4 C,,OPEN PLOT,,F/S,MAZGAON SEWREE RECLAMATION (GRAIN & COTTON DEPOT),"145",PAREL-SEWERI,278.71,,Mahesh Mohite,2020-03-03 16:20:30.300,A,,true,false,,,,,56,4,,,,0,true,,,,,,97,MbPT ROAD,PLOT : D-1,PLOT : C-3,MbPT PASSAGE,400015,7,"10401622",true,,,false,false,3518,,,,,,,,,,false,
3519,10,"104010152",E-1  COAL DEPOT,,OPEN PLOT,,F/S,MAZGAON SEWREE RECLAMATION (GRAIN & COTTON DEPOT),"145",PAREL-SEWERI,278.71,,Mahesh Mohite,2020-03-03 16:20:30.300,A,,true,false,,,,,56,4,,,,0,true,,,,,,97,PLOT : E-4,MbPT ROAD,PLOT : D-2,MbPT PASSAGE,400015,7,"10401543",true,,,false,false,3519,,,,,,,,,,false,
3520,10,"104010153",E-2 COAL DEPOT,,OPEN PLOT,,F/S,MAZGAON SEWREE RECLAMATION (GRAIN & COTTON DEPOT),"145",PAREL-SEWERI,278.71,,Mahesh Mohite,2020-03-03 16:20:30.300,A,,true,false,,,,,56,4,,,,0,true,,,,,,97,PLOT : E-3,MbPT ROAD,MbPT PASSAGE,PLOT : F-1,400015,7,"10401542",true,,,false,false,3520,,,,,,,,,,false,
3521,10,"104010154",E-3,,OPEN PLOT,,F/S,MAZGAON SEWREE RECLAMATION (GRAIN & COTTON DEPOT),"145",PAREL-SEWERI,278.71,,Mahesh Mohite,2020-03-03 16:20:30.300,A,,true,false,,,,,56,4,,,,0,true,,,,,,97,MbPT ROAD,PLOT : E-2,MbPT PASSAGE,PLOT : F-4,400015,7,"10401619",true,,,false,false,3521,,,,,,,,,,false,
3522,10,"104010155",E-4,,OPEN PLOT,,F/S,MAZGAON SEWREE RECLAMATION (GRAIN & COTTON DEPOT),"145",PAREL-SEWERI,278.71,,Mahesh Mohite,2020-03-03 16:20:30.300,A,,true,false,,,,,56,4,,,,0,true,,,,,,97,MbPT ROAD,PLOT : E-1,PLOT : D-3,MbPT PASSAGE,400015,7,"10401620",true,,,false,false,3522,,,,,,,,,,false,
3523,10,"104010156",EAST OF 38 COAL DEPOT,,PRIVATE STRUCTURE,,F/S,MAZGAON SEWREE RECLAMATION (GRAIN & COTTON DEPOT),"145",PAREL-SEWERI,456.53,,Mahesh Mohite,2020-03-03 16:20:30.300,A,,true,false,,,,,56,4,,,,0,true,,,,,,97,RAILWAY SIDING,MbPT ROAD,MbPT LAND,PLOT : 28-C (NORTH),400015,7,"10401348",true,,,false,false,3523,,,,,,,,,,false,
3524,10,"104010157",F-1 COAL DEPOT,,OPEN PLOT,,F/S,MAZGAON SEWREE RECLAMATION (GRAIN & COTTON DEPOT),"145",PAREL-SEWERI,278.71,,Mahesh Mohite,2020-03-03 16:20:30.300,A,,true,false,,,,,56,4,,,,0,true,,,,,,97,PLOT : F-4,MbPT ROAD,PLOT : E-2,MbPT PASSAGE,400015,7,"10401541",true,,,false,false,3524,,,,,,,,,,false,
3525,10,"104010158",F-2 COAL DEPOT,,OPEN PLOT,,F/S,MAZGAON SEWREE RECLAMATION (GRAIN & COTTON DEPOT),"145",PAREL-SEWERI,285.58,,Mahesh Mohite,2020-03-03 16:20:30.300,A,,true,false,,,,,56,4,,,,0,true,,,,,,97,PLOT : F-3,MbPT ROAD,MbPT PASSAGE,PLOT : G-1,400015,7,"10401540",true,,,false,false,3525,,,,,,,,,,false,
3527,10,"104010160",F-4 C,,OPEN PLOT,,F/S,MAZGAON SEWREE RECLAMATION (GRAIN & COTTON DEPOT),"145",PAREL-SEWERI,278.71,,Mahesh Mohite,2020-03-03 16:20:30.300,A,,true,false,,,,,56,4,,,,0,true,,,,,,97,MbPT ROAD,PLOT : F-1,PLOT : E-3,MbPT PASSAGE,400015,7,"10401618",true,,,false,false,3527,,,,,,,,,,false,
3528,10,"104010161",G-1 AT COAL DEPOT,,OPEN PLOT,,F/S,MAZGAON SEWREE RECLAMATION (GRAIN & COTTON DEPOT),"145",PAREL-SEWERI,296.36,,Mahesh Mohite,2020-03-03 16:20:30.300,A,,true,false,,,,,56,4,,,,0,true,,,,,,97,PLOT : G-4,MbPT ROAD,PLOT : F-2,MbPT PASSAGE,400015,7,"10401539",true,,,false,false,3528,,,,,,,,,,false,
3529,10,"104010162",G-2 COAL DEPOT,,OPEN PLOT,,F/S,MAZGAON SEWREE RECLAMATION (GRAIN & COTTON DEPOT),"145",PAREL-SEWERI,278.71,,Mahesh Mohite,2020-03-03 16:20:30.300,A,,true,false,,,,,56,4,,,,0,true,,,,,,97,PLOT : G-3,MbPT ROAD,MbPT PASSAGE,MbPT PASSAGE,400015,7,"10401538",true,,,false,false,3529,,,,,,,,,,false,
3530,10,"104010163",G-3 C,,OPEN PLOT,,F/S,MAZGAON SEWREE RECLAMATION (GRAIN & COTTON DEPOT),"145",PAREL-SEWERI,278.71,,Mahesh Mohite,2020-03-03 16:20:30.300,A,,true,false,,,,,56,4,,,,0,true,,,,,,97,MbPT ROAD,PLOT : G-2,MbPT PASSAGE,MbPT PASSAGE,400015,7,"10401616",true,,,false,false,3530,,,,,,,,,,false,
3531,10,"104010164",G-4 C,,OPEN PLOT,,F/S,MAZGAON SEWREE RECLAMATION (GRAIN & COTTON DEPOT),"145",PAREL-SEWERI,278.71,,Mahesh Mohite,2020-03-03 16:20:30.300,A,,true,false,,,,,56,4,,,,0,true,,,,,,97,MbPT ROAD,PLOT : G-1,PLOT : F-3,MbPT PASSAGE,400015,7,"10401617",true,,,false,false,3531,,,,,,,,,,false,
3532,10,"104010165",H 2  COAL DEPOT,,OPEN PLOT,,F/S,MAZGAON SEWREE RECLAMATION (GRAIN & COTTON DEPOT),"145",PAREL-SEWERI,429.03,,Mahesh Mohite,2020-03-03 16:20:30.300,A,,true,false,,,,,56,4,,,,0,true,,,,,,97,PLOT : H-3 (1),MbPT ROAD,PLOT : H-1,MbPT PASSAGE,400015,7,"10401536",true,,,false,false,3532,,,,,,,,,,false,
3533,10,"104010166",H-1  COAL DEPOT,,PRIVATE STRUCTURE,,F/S,MAZGAON SEWREE RECLAMATION (GRAIN & COTTON DEPOT),"145",PAREL-SEWERI,177.72,,Mahesh Mohite,2020-03-03 16:20:30.300,A,,true,false,,,,,56,4,,,,0,true,,,,,,97,PLOT : H-4,MbPT ROAD,MbPT PASSAGE,PLOT : H-2,400015,7,"10401537",true,,,false,false,3533,,,,,,,,,,false,
8201,19,"309010125",OLD R.R.NO.1511 AT GAWADIA RD, , , ,A WARD , ,,FORT,250.84,,Mahesh Mohite,2020-07-15 12:13:57.570,A,,true,false, ,,,,58,9,nihar, , ,0,true, , , ,,,97, , , , ,,,"30901125",false,,,false,false,8201,,,,,,,,,,false,
3534,10,"104010167",H-3(1),,OPEN PLOT,,F/S,MAZGAON SEWREE RECLAMATION (GRAIN & COTTON DEPOT),"145",PAREL-SEWERI,131.64,,Mahesh Mohite,2020-03-03 16:20:30.300,A,,true,false,,,,,56,4,,,,0,true,,,,,,97,PLOT : H-3 (2),PLOT : H-2,PLOT : H-4,MbPT PASSAGE,400015,7,"10401613",false,,,false,false,3534,,,,,,,,,,false,
3535,10,"104010168",H-3(2),,OPEN PLOT,,F/S,MAZGAON SEWREE RECLAMATION (GRAIN & COTTON DEPOT),"145",PAREL-SEWERI,131.64,,Mahesh Mohite,2020-03-03 16:20:30.300,A,,true,false,,,,,56,4,,,,0,true,,,,,,97,TANK,PLOT : H-3 (1),PLOT : H-4,MbPT PASSAGE,400015,7,"10401614",false,,,false,false,3535,,,,,,,,,,false,
3537,10,"104010170",I 1 COAL DEPOT,,OPEN PLOT,,F/S,MAZGAON SEWREE RECLAMATION (GRAIN & COTTON DEPOT),"145",PAREL-SEWERI,278.71,,Mahesh Mohite,2020-03-03 16:20:30.300,A,,true,false,,,,,56,4,,,,0,true,,,,,,97,PLOT : I-4,MbPT ROAD,MbPT PASSAGE,PLOT : I-2,400015,7,"10401535",true,,,false,false,3537,,,,,,,,,,false,
3538,10,"104010171",I-3 C,,OPEN PLOT,,F/S,MAZGAON SEWREE RECLAMATION (GRAIN & COTTON DEPOT),"145",PAREL-SEWERI,278.71,,Mahesh Mohite,2020-03-03 16:20:30.300,A,,true,false,,,,,56,4,,,,0,true,,,,,,97,MbPT ROAD,PLOT : I-2,PLOT : I-4,MbPT PASSAGE,400015,7,"10401611",true,,,false,false,3538,,,,,,,,,,false,
3539,10,"104010172",I-4 C,,OPEN PLOT,,F/S,MAZGAON SEWREE RECLAMATION (GRAIN & COTTON DEPOT),"145",PAREL-SEWERI,278.71,,Mahesh Mohite,2020-03-03 16:20:30.300,A,,true,false,,,,,56,4,,,,0,true,,,,,,97,MbPT ROAD,PLOT : I-1,MbPT PASSAGE,PLOT : I-3,400015,7,"10401612",true,,,false,false,3539,,,,,,,,,,false,
3540,10,"104010173",IV UNDER SOUTH FORT OVER BRIDG,,MbPT STRUCTURE,,F/S,MAZGAON SEWREE RECLAMATION (GRAIN & COTTON DEPOT), , ,27.96,,Mahesh Mohite,2020-03-03 16:20:30.300,A,,true,false,,,,,56,4,,,,0,true,,,,,,97,MESENT ROAD,MBPT BOUNDARY,MBPT BOUNDARY,MBPT BOUNDARY,400015,7,"10401101",true,,,false,false,3540,,,,,,,,,,false,
3541,10,"104010174",J 1 & COAL DEPOT,,OPEN PLOT,,F/S,MAZGAON SEWREE RECLAMATION (GRAIN & COTTON DEPOT),"145",PAREL-SEWERI,271.28,,Mahesh Mohite,2020-03-03 16:20:30.300,A,,true,false,,,,,56,4,,,,0,true,,,,,,97,PLOT : J-4,MbPT ROAD,MbPT PASSAGE,PLOT : J-2,400015,7,"10401533",true,,,false,false,3541,,,,,,,,,,false,
3542,10,"104010175",J 2,,OPEN PLOT,,F/S,MAZGAON SEWREE RECLAMATION (GRAIN & COTTON DEPOT),"145",PAREL-SEWERI,296.17,,Mahesh Mohite,2020-03-03 16:20:30.300,A,,true,false,,,,,56,4,,,,0,true,,,,,,97,PLOT : J-3,MbPT ROAD,PLOT : J-1,MbPT PASSAGE,400015,7,"10401532",true,,,false,false,3542,,,,,,,,,,false,
3543,10,"104010176",J-3 C,,OPEN PLOT,,F/S,MAZGAON SEWREE RECLAMATION (GRAIN & COTTON DEPOT),"145",PAREL-SEWERI,278.71,,Mahesh Mohite,2020-03-03 16:20:30.300,A,,true,false,,,,,56,4,,,,0,true,,,,,,97,MbPT ROAD,PLOT : J-2,PLOT : J-4,MbPT PASSAGE,400015,7,"10401609",true,,,false,false,3543,,,,,,,,,,false,
3544,10,"104010177",J-4 C,,OPEN PLOT,,F/S,MAZGAON SEWREE RECLAMATION (GRAIN & COTTON DEPOT),"145",PAREL-SEWERI,260.13,,Mahesh Mohite,2020-03-03 16:20:30.300,A,,true,false,,,,,56,4,,,,0,true,,,,,,97,MbPT ROAD,PLOT : J-1,MbPT PASSAGE,PLOT : J-3,400015,7,"10401610",true,,,false,false,3544,,,,,,,,,,false,
3545,10,"104010178",K-3 C,,OPEN PLOT,,F/S,MAZGAON SEWREE RECLAMATION (GRAIN & COTTON DEPOT),"145",PAREL-SEWERI,278.71,,Mahesh Mohite,2020-03-03 16:20:30.300,A,,true,false,,,,,56,4,,,,0,true,,,,,,97,MbPT ROAD,PLOT : K-2,PLOT : K-4,MbPT PASSAGE,400015,7,"10401607",true,,,false,false,3545,,,,,,,,,,false,
3546,10,"104010179",K-4 C,,OPEN PLOT,,F/S,MAZGAON SEWREE RECLAMATION (GRAIN & COTTON DEPOT),"145",PAREL-SEWERI,278.71,,Mahesh Mohite,2020-03-03 16:20:30.300,A,,true,false,,,,,56,4,,,,0,true,,,,,,97,MbPT ROAD,PLOT : K-1,MbPT PASSAGE,PLOT : K-3,400015,7,"10401608",true,,,false,false,3546,,,,,,,,,,false,
3547,10,"104010180",L 2,,OPEN PLOT,,F/S,MAZGAON SEWREE RECLAMATION (GRAIN & COTTON DEPOT),"145",PAREL-SEWERI,260.69,,Mahesh Mohite,2020-03-03 16:20:30.300,A,,true,false,,,,,56,4,,,,0,true,,,,,,97,PLOT : L-3,MbPT ROAD,PLOT : L-1,MbPT ROAD,400015,7,"10401528",true,,,false,false,3547,,,,,,,,,,false,
3549,10,"104010182",L-4 C,,PRIVATE STRUCTURE,,F/S,MAZGAON SEWREE RECLAMATION (GRAIN & COTTON DEPOT),"145",PAREL-SEWERI,278.71,,Mahesh Mohite,2020-03-03 16:20:30.300,A,,true,false,,,,,56,4,,,,0,true,,,,,,97,MbPT ROAD,PLOT : L-1,MbPT PASSAGE,PLOT : L-3,400015,7,"10401606",true,,,false,false,3549,,,,,,,,,,false,
3550,10,"104010183",NORTH HALF OF UNCLAIMED SIDING,,OPEN PLOT,,F/S,MAZGAON SEWREE RECLAMATION (GRAIN & COTTON DEPOT),"145",PAREL-SEWERI,1102.94,,Mahesh Mohite,2020-03-03 16:20:30.300,A,,true,false,,,,,56,4,,,,0,true,,,,,,97,RAILWAY SIDING,MbPT ROAD,TELEPHONE EXCHANGE,PLOT : 14-F (SOU TH),400015,7,"10401502",true,,,false,false,3550,,,,,,,,,,false,
3551,10,"104010184",NORTH OF 28 C,,OPEN PLOT,,F/S,MAZGAON SEWREE RECLAMATION (GRAIN & COTTON DEPOT),"145",PAREL-SEWERI,301.01,,Mahesh Mohite,2020-03-03 16:20:30.300,A,,true,false,,,,,56,4,,,,0,true,,,,,,97,RAILWAY SIDING,MbPT ROAD,PLOT : 38,PLOT : 28-C (SOUTH),400015,7,"10401347",true,,,false,false,3551,,,,,,,,,,false,
3553,10,"104010186",NORTH R R 1669,,OPEN PLOT,,F/S,MAZGAON SEWREE RECLAMATION (GRAIN & COTTON DEPOT),"302/145",PAREL-SEWERI,45.06,,Mahesh Mohite,2020-03-03 16:20:30.300,A,,true,false,,,,,56,4,,,,0,true,,,,,,97,U-G FUEL TANK,MbPT LAND,MbPT PASSAGE,RR – 1669,400015,7,"10401632",false,,,false,false,3553,,,,,,,,,,false,
3548,10,"104010181",L SHED GRAIN DEPOT M S R,,,,F/S,MAZGAON SEWREE RECLAMATION (GRAIN & COTTON DEPOT),#N/A,#N/A,5109.67,,Mahesh Mohite,2020-03-03 16:20:30.300,A,,true,false,,,,,56,4,,,,0,true,,,"4",,,97,,,,,400015,7,"10401149",false,,,false,false,3548,,,,,,,,,,false,
3556,10,"104010189",OLD R.R.NO.1169,,PRIVATE STRUCTURE,,F/S,MAZGAON SEWREE RECLAMATION (GRAIN & COTTON DEPOT),"300/145",PAREL-SEWERI,111.48,,Mahesh Mohite,2020-03-03 16:20:30.300,A,,true,false,,,,,56,4,,,,0,true,,,,,,97,RR – 1671,RR – 1072,RR – 1671,MbPT LAND,400015,7,"10401635",false,,,false,false,3556,,,,,,,,,,false,
3558,10,"104010191",OLD RR 1800 (PLOT Q NORTH),,PRIVATE STRUCTURE,,F/S,MAZGAON SEWREE RECLAMATION (GRAIN & COTTON DEPOT),"367/145",PAREL-SEWERI,1366.60,,Mahesh Mohite,2020-03-03 16:20:30.300,A,,true,false,,,,,56,4,,,,0,true,,,,,,97,MbPT ROAD,RAILWAY SIDING,MbPT LAND,PLOT NO. Q (SOUTH),400015,7,"10401208",true,,,false,false,3558,,,,,,,,,,false,
3560,10,"104010193",P.T.SHED ON A PLINTH,,MbPT STRUCTURE,,E,MAZGAON SEWREE RECLAMATION (GRAIN & COTTON DEPOT),"1",MAZAGAON,52.86,,Mahesh Mohite,2020-03-03 16:20:30.300,A,,true,false,,,,,56,4,,,,0,true,,,,,,97,MbPT ROAD,A-PLINTH,BAY – 63 OF A - SHED,MbPT ROAD,400015,5,"10401104",true,,,false,false,3560,,,,,,,,,,false,
3562,10,"104010195",R R 1669,,MbPT STRUCTURE,,F/S,MAZGAON SEWREE RECLAMATION (GRAIN & COTTON DEPOT),"302/145",PAREL-SEWERI,6649.45,,Mahesh Mohite,2020-03-03 16:20:30.300,A,,true,false,,,,,56,4,,,,0,true,,,,,,97,MbPT LAND,FOSBERY ROAD,MbPT LAND,RR – 1675,400015,7,"10401631",true,,,false,false,3562,,,,,,,,,,false,
4801,24,"311020081",R.R.1298,,,,A,MODY BAY,"1127",FORT,275.46,,Mahesh Mohite,2020-03-03 16:20:30.300,A,,true,false,,,,,58,11,,,,0,true,,,,,,97,Shahid Bhagat Singh Road,P.T PASSAGE,RR NO. 1344,RR NO. 1290,400001,1,"31102314",false,,,false,false,4801,,,,,,,,,,false,
3563,10,"104010196",R R 1671,,PRIVATE STRUCTURE,,F/S,MAZGAON SEWREE RECLAMATION (GRAIN & COTTON DEPOT),"2/145",PAREL-SEWERI,1318.85,,Mahesh Mohite,2020-03-03 16:20:30.300,A,,true,false,,,,,56,4,,,,0,true,,,,,,97,MbPT LAND,FOSBERY ROAD,RR – 1004,RR – 2006 & RR – 1169,400015,7,"10401636",false,,,false,false,3563,,,,,,,,,,false,
3564,10,"104010197",R R 1672,,MbPT STRUCTURE,,F/S,MAZGAON SEWREE RECLAMATION (GRAIN & COTTON DEPOT),"307/145",PAREL-SEWERI,819.68,,Mahesh Mohite,2020-03-03 16:20:30.300,A,,true,false,,,,,56,4,,,,0,true,,,,,,97,MbPT LAND,FOSBERY ROAD,RR – 1675,RR – 1675,400015,7,"10401629",true,,,false,false,3564,,,,,,,,,,false,
3565,10,"104010198",R R 1726,,PRIVATE STRUCTURE,,F/S,MAZGAON SEWREE RECLAMATION (GRAIN & COTTON DEPOT),"145",PAREL-SEWERI,110.83,,Mahesh Mohite,2020-03-03 16:20:30.300,A,,true,false,,,,,56,4,,,,0,true,,,,,,97,LAND WITH MbPT SISTER DEPT.,MbPT ROAD,LAND WITH MbPT SISTER DEPT.,RR – 1816,400015,7,"10401641",true,,,false,false,3565,,,,,,,,,,false,
3566,10,"104010199",R R 1816,,PRIVATE STRUCTURE,,F/S,MAZGAON SEWREE RECLAMATION (GRAIN & COTTON DEPOT),"145",PAREL-SEWERI,1263.95,,Mahesh Mohite,2020-03-03 16:20:30.300,A,,true,false,,,,,56,4,,,,0,true,,,,,,97,LAND WITH MbPT SISTER DEPT.,MbPT ROAD,RR – 1726,PLOT : 101,400015,7,"10401640",true,,,false,false,3566,,,,,,,,,,false,
3567,10,"104010200",R R 1825,,PRIVATE STRUCTURE,,F/S,MAZGAON SEWREE RECLAMATION (GRAIN & COTTON DEPOT),"368/145",PAREL-SEWERI,2713.42,,Mahesh Mohite,2020-03-03 16:20:30.300,A,,true,false,,,,,56,4,,,,0,true,,,,,,97,FOSBERY ROAD,MbPT ROAD,RR – 1844,RR – 1931,400015,7,"10401211",true,,,false,false,3567,,,,,,,,,,false,
3619,17,"208010005","167 4TH CROSS STREET",,,,F/S,MAZGAON RECLAMATION (SOUTH),"1/234",MAZGAON,163.70,,Mahesh Mohite,2020-03-03 16:20:30.300,A,,true,false,,,,,57,8,,,,0,true,,,,,,97,Plot No.166,Plot No.168,"4TH CROSS STREET",Plot No.131 FML,400010,5,"20801405
",false,,,false,false,3619,,,,,,,,,,false,
3568,10,"104010201",R R 1945,,PRIVATE STRUCTURE,,F/S,MAZGAON SEWREE RECLAMATION (GRAIN & COTTON DEPOT),"145",PAREL-SEWERI,3681.38,,Mahesh Mohite,2020-03-03 16:20:30.300,A,,true,false,,,,,56,4,,,,0,true,,,,,,97,MbPT ROAD,MbPT ROAD,RR – 1740,MbPT PASSAGE,400015,7,"10401603",true,,,false,false,3568,,,,,,,,,,false,
3569,10,"104010202",R R 1947,,PRIVATE STRUCTURE,,F/S,MAZGAON SEWREE RECLAMATION (GRAIN & COTTON DEPOT),"382/145",PAREL-SEWERI,619.29,,Mahesh Mohite,2020-03-03 16:20:30.300,A,,true,false,,,,,56,4,,,,0,true,,,,,,97,RR – 1778,MESSENT ROAD,RAILWAY SIDING,RAILWAY SIDING,400015,7,"10401221",true,,,false,false,3569,,,,,,,,,,false,
3570,10,"104010203",R R 2006,,PRIVATE STRUCTURE,,F/S,MAZGAON SEWREE RECLAMATION (GRAIN & COTTON DEPOT),"300/145",PAREL-SEWERI,455.22,,Mahesh Mohite,2020-03-03 16:20:30.300,A,,true,false,,,,,56,4,,,,0,true,,,,,,97,RR – 1169,FOSBERY ROAD,RR – 1671,MbPT LAND,400015,7,"10401634",true,,,false,false,3570,,,,,,,,,,false,
3571,10,"104010204",R R NO 1778,,PRIVATE STRUCTURE,,F/S,MAZGAON SEWREE RECLAMATION (GRAIN & COTTON DEPOT),"382/145",PAREL-SEWERI,3055.03,,Mahesh Mohite,2020-03-03 16:20:30.300,A,,true,false,,,,,56,4,,,,0,true,,,,,,97,RAILWAY SIDING,RR – 1947,RR – 1701,RR – 1678,400015,7,"10401220",false,,,false,false,3571,,,,,,,,,,false,
3572,10,"104010205",R R-1004,,PRIVATE STRUCTURE,,F/S,MAZGAON SEWREE RECLAMATION (GRAIN & COTTON DEPOT),"3/145",PAREL-SEWERI,4617.10,,Mahesh Mohite,2020-03-03 16:20:30.300,A,,true,false,,,,,56,4,,,,0,true,,,,,,97,LAND WITH MbPT SISTER DEPT.,FOSBERY ROAD,RR – 1497,RR – 1671,400015,7,"10401637",true,,,false,false,3572,,,,,,,,,,false,
3573,10,"104010206",RR - 1740,,PRIVATE STRUCTURE,,F/S,MAZGAON SEWREE RECLAMATION (GRAIN & COTTON DEPOT),"346/145",PAREL-SEWERI,2387.42,,Mahesh Mohite,2020-03-03 16:20:30.300,A,,true,false,,,,,56,4,,,,0,true,,,,,,97,MbPT BOUNDARY,MbPT ROAD,MbPT BOUNDARY,RR – 1945,400015,7,"10401604",true,,,false,false,3573,,,,,,,,,,false,
3574,10,"104010207",RR 1675,,PRIVATE STRUCTURE,,F/S,MAZGAON SEWREE RECLAMATION (GRAIN & COTTON DEPOT),"318/145",PAREL-SEWERI,5180.46,,Mahesh Mohite,2020-03-03 16:20:30.300,A,,true,false,,,,,56,4,,,,0,true,,,,,,97,RR – 1672,FOSBERY ROAD,RR – 1669,RR – 1672,400015,7,"10401630",true,,,false,false,3574,,,,,,,,,,false,
3575,10,"104010208",RR 1678,,PRIVATE STRUCTURE,,F/S,MAZGAON SEWREE RECLAMATION (GRAIN & COTTON DEPOT),"383/145",PAREL-SEWERI,2748.53,,Mahesh Mohite,2020-03-03 16:20:30.300,A,,true,false,,,,,56,4,,,,0,true,,,,,,97,RAILWAY SIDING,RAILWAY SIDING,RR – 1778,RAILWAY SIDING,400015,7,"10401219",false,,,false,false,3575,,,,,,,,,,true,
3576,10,"104010209",RR 1701,,PRIVATE STRUCTURE,,F/S,MAZGAON SEWREE RECLAMATION (GRAIN & COTTON DEPOT),"145",PAREL-SEWERI,2722.25,,Mahesh Mohite,2020-03-03 16:20:30.300,A,,true,false,,,,,56,4,,,,0,true,,,,,,97,RAILWAY SIDING,RAILWAY SIDING,MbPT LAND,RR – 1778 & RR – 1947,400015,7,"10401222",false,,,false,false,3576,,,,,,,,,,false,
3577,10,"104010210",RR- 1744,,PRIVATE STRUCTURE,,F/S,MAZGAON SEWREE RECLAMATION (GRAIN & COTTON DEPOT),"145",PAREL-SEWERI,1656.35,,Mahesh Mohite,2020-03-03 16:20:30.300,A,,true,false,,,,,56,4,,,,0,true,,,,,,97,MbPT ROAD,MbPT ROAD,MbPT PASSAGE,MbPT PASSAGE,400015,7,"10401602",true,,,false,false,3577,,,,,,,,,,false,
3578,10,"104010211",RR 1747,,PRIVATE STRUCTURE,,F/S,MAZGAON SEWREE RECLAMATION (GRAIN & COTTON DEPOT),"357/145",PAREL-SEWERI,1692.23,,Mahesh Mohite,2020-03-03 16:20:30.300,A,,true,false,,,,,56,4,,,,0,true,,,,,,97,RAILWAY SIDING,RAILWAY SIDING,MbPT ROAD,PLOT : 1 & PLOT – 2 NORTH OF T-SHED,400015,7,"10401217",true,,,false,false,3578,,,,,,,,,,false,
3579,10,"104010212",RR 1844,,PRIVATE STRUCTURE,,F/S,MAZGAON SEWREE RECLAMATION (GRAIN & COTTON DEPOT),"368/145",PAREL-SEWERI,3270.09,,Mahesh Mohite,2020-03-03 16:20:30.300,A,,true,false,,,,,56,4,,,,0,true,,,,,,97,PLOT : 37 & FOSBERY ROAD,MbPT ROAD,MbPT ROAD,RR – 1825,400015,7,"10401212",true,,,false,false,3579,,,,,,,,,,false,
3580,10,"104010213",RR 1972 NORTH OF PLOT P.,,PRIVATE STRUCTURE,,F/S,MAZGAON SEWREE RECLAMATION (GRAIN & COTTON DEPOT),"369/145",PAREL-SEWERI,3000.21,,Mahesh Mohite,2020-03-03 16:20:30.300,A,,true,false,,,,,56,4,,,,0,true,,,,,,97,LAND WITH MbPT SISTER DEPT.,MbPT ROAD,MbPT ROAD,RR – 1929,400015,7,"10401206",true,,,false,false,3580,,,,,,,,,,false,
3591,10,"104010224",SOUTH EAST B SHED GRAIN DEPOT,,OPEN PLOT,,F/S,MAZGAON SEWREE RECLAMATION (GRAIN & COTTON DEPOT),"145",PAREL-SEWERI,162.58,,Mahesh Mohite,2020-03-03 16:20:30.300,A,,true,false,,,,,56,4,,,,0,true,,,,,,97,RAILWAY SIDING,RAILWAY SIDING,SHED - B,MbPT ROAD,400015,7,"10401112",true,,,false,false,3591,,,,,,,,,,false,
3592,10,"104010225",SOUTH L SHED GRAIN DEPOT MSR,,PRIVATE STRUCTURE,,F/S,MAZGAON SEWREE RECLAMATION (GRAIN & COTTON DEPOT),"301/145",PAREL-SEWERI,83.71,,Mahesh Mohite,2020-03-03 16:20:30.300,A,,true,false,,,,,56,4,,,,0,true,,,,,,97,RAILWAY SIDING,RAILWAY SIDING,SHED-L,MbPT ROAD,400015,7,"10401148",true,,,false,false,3592,,,,,,,,,,false,
3593,10,"104010226",SOUTH OF E SHED M S R,,PRIVATE STRUCTURE,,E,MAZGAON SEWREE RECLAMATION (GRAIN & COTTON DEPOT),"1/191",MAZAGAON,1535.78,,Mahesh Mohite,2020-03-03 16:20:30.300,A,,true,false,,,,,56,4,,,,0,true,,,,,,97,RAILWAY SIDING,MbPT ROAD,MbPT ROAD,MbPT ROAD,400015,5,"10401128",true,,,false,false,3593,,,,,,,,,,false,
3594,10,"104010227",SOUTH OF F SHED GRAIN DEPOT,,PRIVATE STRUCTURE,,F/S,MAZGAON SEWREE RECLAMATION (GRAIN & COTTON DEPOT),"145",PAREL-SEWERI,130.06,,Mahesh Mohite,2020-03-03 16:20:30.300,A,,true,false,,,,,56,4,,,,0,true,,,,,,97,"PLOT : 2, SOUTH OF F-SHED",RAILWAY SIDING,SHED - F,MbPT ROAD,400015,7,"10401133",true,,,false,false,3594,,,,,,,,,,false,
3665,17,"208010018","178 QUAY STREET",,,,E,MAZGAON RECLAMATION (SOUTH),"1",MAZGAON,142.33,,Mahesh Mohite,2020-03-03 16:20:30.300,A,,true,false,,,,,57,8,,,,0,true,,,,,,97,Plot No.197,Quay Street,Plot No.177,Plot No.179,400010,5,"20801416
",false,,,false,false,3665,,,,,,,,,,false,
3595,10,"104010228",SOUTH WEST OF IC(1),,OPEN PLOT,,F/S,MAZGAON SEWREE RECLAMATION (GRAIN & COTTON DEPOT),"145",PAREL-SEWERI,195.65,,Mahesh Mohite,2020-03-03 16:20:30.300,A,,true,false,,,,,56,4,,,,0,true,,,,,,97,MbPT ROAD,MbPT PASSAGE,PLOT -  I-C(2),PLOT : 1,400015,7,"10401308",true,,,false,false,3595,,,,,,,,,,false,
3596,10,"104010229",SOUTHALF OF ONCLAIMEDSIDINGAT,,PRIVATE STRUCTURE,,F/S,MAZGAON SEWREE RECLAMATION (GRAIN & COTTON DEPOT),"145",PAREL-SEWERI,1113.63,,Mahesh Mohite,2020-03-03 16:20:30.300,A,,true,false,,,,,56,4,,,,0,true,,,,,,97,MbPT ROAD,MbPT PASSAGE,PLOT : 14-G(NORTH),PLOT : 14-D1 & 14-A,400015,7,"10401501",true,,,false,false,3596,,,,,,,,,,false,
3597,10,"104010230",STALL NEAR 25B COAL DEPOT,,PRIVATE STRUCTURE,,F/S,MAZGAON SEWREE RECLAMATION (GRAIN & COTTON DEPOT),"145",PAREL-SEWERI,3.34,,Mahesh Mohite,2020-03-03 16:20:30.300,A,,true,false,,,,,56,4,,,,0,true,,,,,,97,UG TANK.,MbPT ROAD,MbPT PASSAGE,MBPT LAND,400015,7,"10401337",true,,,false,false,3597,,,,,,,,,,false,
3598,10,"104010231",WEST OF I (3)  COAL DEPOT,,OPEN PLOT,,F/S,MAZGAON SEWREE RECLAMATION (GRAIN & COTTON DEPOT),"145",PAREL-SEWERI,234.95,,Mahesh Mohite,2020-03-03 16:20:30.300,A,,true,false,,,,,56,4,,,,0,true,,,,,,97,MbPT PASSAGE,MbPT ROAD,PLOT - WEST OF IC(4) COAL DEPOT,PLOT -  I-C(2),400015,7,"10401310",true,,,false,false,3598,,,,,,,,,,false,
3599,10,"104010232",WEST OF IC 4 COAL DEPOT,,OPEN PLOT,,F/S,MAZGAON SEWREE RECLAMATION (GRAIN & COTTON DEPOT),"145",PAREL-SEWERI,99.87,,Mahesh Mohite,2020-03-03 16:20:30.300,A,,true,false,,,,,56,4,,,,0,true,,,,,,97,MbPT PASSAGE,MbPT ROAD,MbPT PASSAGE,WEST OF I (3)  COAL DEPOT,400015,7,"10401311",true,,,false,false,3599,,,,,,,,,,false,
3600,16,"207010001","254",,,,F/S,MAZGAON RECLAMATION (NORTH),"1/156",MAZAGAON,184.78,,Mahesh Mohite,2020-03-03 16:20:30.300,A,,true,false,,,,,57,7,,,,0,true,,,,,,97,STREET,ROAD,Plot No. 253,Plot No. 255,400010,7,"20701225
",false,,,false,false,3600,,,,,,,,,,false,
3610,17,"208010001","163 4TH CROSS STREET",,,,F/S,MAZGAON RECLAMATION (SOUTH),"1/243",MAZGAON,171.96,,Mahesh Mohite,2020-03-03 16:20:30.300,A,,true,false,,,,,57,8,,,,0,true,,,,,,97,Plot No.162,Plot No.164,"4TH CROSS STREET",Plot No.137-A,400010,5,"20801401
",false,,,false,false,3610,,,,,,,,,,false,
3612,17,"208010002","164 4TH CROSS STREET",,,,F/S,MAZGAON RECLAMATION (SOUTH),"1/243",MAZGAON,183.39,,Mahesh Mohite,2020-03-03 16:20:30.300,A,,true,false,,,,,57,8,,,,0,true,,,,,,97,Plot No.163,Plot No.134 & 134-A,"4TH CROSS STREET",Plot No.136,400010,5,"20801402
",false,,,false,false,3612,,,,,,,,,,false,
3614,17,"208010003","165  4TH CROSS ST.",,,,F/S,MAZGAON RECLAMATION (SOUTH),"133",MAZGAON,163.04,,Mahesh Mohite,2020-03-03 16:20:30.300,A,,true,false,,,,,57,8,,,,0,true,,,,,,97,Plot NO.133-B,Plot No.166,"4TH CROSS STREET",Plot No.133-A,400010,5,"20801403
",false,,,false,false,3614,,,,,,,,,,false,
3616,17,"208010004","166 4TH CROSS STREET",,,,F/S,MAZGAON RECLAMATION (SOUTH),"133",MAZAGAON,316.43,,Mahesh Mohite,2020-03-03 16:20:30.300,A,,true,false,,,,,57,8,,,,0,true,,,,,,97,Plot No.165,Plot No.167,"4TH CROSS STREET",Plot No.132,400010,5,"20801404
",false,,,false,false,3616,,,,,,,,,,false,
3621,17,"208010006","168 4TH CROSS STREET",,,,F/S,MAZGAON RECLAMATION (SOUTH),"1/234",MAZGAON,210.80,,Mahesh Mohite,2020-03-03 16:20:30.300,A,,true,false,,,,,57,8,,,,0,true,,,,,,97,Plot No.167,Plot No.169,"4TH CROSS STREET",Plot No.131 FML,400010,5,"20801406
 ",false,,,false,false,3621,,,,,,,,,,false,
3642,17,"208010010","171 4TH CROSS STREET",,,,F/S,MAZGAON SEWREE RECLAMATION (EAST),"1/234",MAZGAON,125.14,,Mahesh Mohite,2020-03-03 16:20:30.300,A,,true,false,,,,,57,8,,,,0,true,,,,,,97,Plot No.170,Plot No.172,"4TH CROSS STREET",Plot No.129 & 130,400010,5,"20801409
",false,,,false,false,3642,,,,,,,,,,false,
3644,17,"208010011","1710 & 1785",,,,F/S,MAZGAON RECLAMATION (SOUTH),"889",MAZAGAON,826.74,,Mahesh Mohite,2020-03-03 16:20:30.300,A,,true,false,,,,,57,8,,,,0,true,,,,,,97,Harbour Railway Line,Reay Road,Reay Road,Plot No.384,400010,5,"20801636
",false,,,false,false,3644,,,,,,,,,,false,
3647,17,"208010012","172 4TH CROSS STREET",,,,F/S,MAZGAON RECLAMATION (SOUTH),"1/234",MAZGAON,112.88,,Mahesh Mohite,2020-03-03 16:20:30.300,A,,true,false,,,,,57,8,,,,0,true,,,,,,97,Plot No.171F,Plot No.173,"4TH CROSS STREET",Plot No.129,400010,5,"20801410
",false,,,false,false,3647,,,,,,,,,,false,
3649,17,"208010013","173 4TH CROSS STREET",,,,F/S,MAZGAON RECLAMATION (SOUTH),"1/234",MAZGAON,208.75,,Mahesh Mohite,2020-03-03 16:20:30.300,A,,true,false,,,,,57,8,,,,0,true,,,,,,97,Plot No.172,Plot No.174,"4TH CROSS STREET",Plot No.129,400010,5,"20801411
",false,,,false,false,3649,,,,,,,,,,false,
3655,17,"208010014","174 4TH CROSS STREET",,,,F/S,MAZGAON RECLAMATION (SOUTH),"1/234",MAZGAON,102.47,,Mahesh Mohite,2020-03-03 16:20:30.300,A,,true,false,,,,,57,8,,,,0,true,,,,,,97,Plot No.173,Plot No.175,"4TH CROSS STREET",Plot No.128,400010,5,"20801412
",false,,,false,false,3655,,,,,,,,,,false,
3658,17,"208010015","175 4TH CROSS STREET",,,,E,MAZGAON RECLAMATION (SOUTH),"1/234",MAZGAON,156.17,,Mahesh Mohite,2020-03-03 16:20:30.300,A,,true,false,,,,,57,8,,,,0,true,,,,,,97,Plot No.174,Plot No.176FML,"4TH CROSS STREET",Plot NO.127-B,400010,5,"20801413
",false,,,false,false,3658,,,,,,,,,,false,
3669,17,"208010019","179 QUAY STREET",,,,E,MAZGAON RECLAMATION (SOUTH),"1",MAZAGAON,163.88,,Mahesh Mohite,2020-03-03 16:20:30.300,A,,true,false,,,,,57,8,,,,0,true,,,,,,97,Plot No.197,Quay Street,Plot No.178,Plot No.180,400010,5,"20801417
",false,,,false,false,3669,,,,,,,,,,false,
3678,17,"208010020","180 QUAY STREET",,,,E,MAZGAON RECLAMATION (SOUTH),"1",MAZAGAON,188.22,,Mahesh Mohite,2020-03-03 16:20:30.300,A,,true,false,,,,,57,8,,,,0,true,,,,,,97,Plot No.197,Quay Street,Plot No.179,Plot No.181,400010,5,"20801418
",false,,,false,false,3678,,,,,,,,,,false,
3680,17,"208010021","181 QUAY STREET",,,,E,MAZGAON RECLAMATION (SOUTH),"1",MAZGAON,145.49,,Mahesh Mohite,2020-03-03 16:20:30.300,A,,true,false,,,,,57,8,,,,0,true,,,,,,97,Plot No.197,Quay Street,Plot No.180,Plot No.182,400010,5,"20801419
",false,,,false,false,3680,,,,,,,,,,false,
3682,17,"208010022","182 QUAY STREET",,,,E,MAZGAON RECLAMATION (SOUTH),"1",MAZGAON,111.30,,Mahesh Mohite,2020-03-03 16:20:30.300,A,,true,false,,,,,57,8,,,,0,true,,,,,,97,Plot No.196,Quay Street,Plot No.181,Plot No.183,400010,5,"20801420
",false,,,false,false,3682,,,,,,,,,,false,
3684,17,"208010023","183 QUAY STREET",,,,E,MAZGAON RECLAMATION (SOUTH),"1/134",MAZAGAON,220.64,,Mahesh Mohite,2020-03-03 16:20:30.300,A,,true,false,,,,,57,8,,,,0,true,,,,,,97,Plot No.196,Quay Street,Plot No.182,Plot No.184,400010,5,"20801421
",false,,,false,false,3684,,,,,,,,,,false,
3687,17,"208010024","185 QUAY STREET",,,,E,MAZGAON RECLAMATION (SOUTH),"1/134",MAZGAON,113.32,,Mahesh Mohite,2020-03-03 16:20:30.300,A,,true,false,,,,,57,8,,,,0,true,,,,,,97,Plot No.195 & RR No.2008,Quay Street,Plot No.185-A,Plot No.186,400010,5,"20801423
",false,,,false,false,3687,,,,,,,,,,false,
3688,17,"208010025","185A QUAY STREET",,,,E,MAZGAON RECLAMATION (SOUTH),"1/236",MAZGAON,77.95,,Mahesh Mohite,2020-03-03 16:20:30.300,A,,true,false,,,,,57,8,,,,0,true,,,,,,97,Plot No.195 & RR No.2008,Quay Street,Plot No.184,Plot No.185 & 185-B,400010,5,"20801424
 ",false,,,false,false,3688,,,,,,,,,,false,
3689,17,"208010026","185B QUAY STREET",,,,E,MAZGAON TANK BUNDER ,"1/236",MAZGAON,19.04,,Mahesh Mohite,2020-03-03 16:20:30.300,A,,true,false,,,,,57,8,,,,0,true,,,,,,97,Plot No.185,Quay Street,Plot No.185-A,Plot No.186,400010,5,"20801425
",false,,,false,false,3689,,,,,,,,,,false,
3691,17,"208010027","186 QUAY STREET",,,,E,MAZGAON RECLAMATION (SOUTH),"1/134A",MAZAGAON,139.82,,Mahesh Mohite,2020-03-03 16:20:30.300,A,,true,false,,,,,57,8,,,,0,true,,,,,,97,Plot No.195 & RR No.2008,Quay Street,Plot No.185 & 185-B,Plot No.187-A,400010,5,"20801426
",false,,,false,false,3691,,,,,,,,,,false,
3693,17,"208010028","187 B/2 QUAY STREET",,,,E,MAZGAON RECLAMATION (SOUTH),"1/134A",MAZGAON,4.83,,Mahesh Mohite,2020-03-03 16:20:30.300,A,,true,false,,,,,57,8,,,,0,true,,,,,,97,Plot No.195 & RR No.2008,Quay Street,Plot No.187-A,Plot No.188,400010,5,"20801431
",false,,,false,false,3693,,,,,,,,,,false,
3694,17,"208010029","187 C/3",,,,E,MAZGAON RECLAMATION (SOUTH),"1/134A",MAZAGAON,5.20,,Mahesh Mohite,2020-03-03 16:20:30.300,A,,true,false,,,,,57,8,,,,0,true,,,,,,97,Plot No.195 & RR No.2008,Quay Street,Plot No.187-B,Plot No.188,400010,5,"20801433
",false,,,false,false,3694,,,,,,,,,,false,
3696,17,"208010031","188 QUAY STREET",,,,E,MAZGAON RECLAMATION (SOUTH),"1/134A",MAZAGAON,27.87,,Mahesh Mohite,2020-03-03 16:20:30.300,A,,true,false,,,,,57,8,,,,0,true,,,,,,97,Plot No.195 & RR No.2008,Quay Street3,Plot No.187-C,Plot No.189,400010,5,"20801434
",false,,,false,false,3696,,,,,,,,,,false,
3697,17,"208010032","189 QUAY STREET",,,,E,MAZGAON RECLAMATION (SOUTH),"1",MAZGAON,258.36,,Mahesh Mohite,2020-03-03 16:20:30.300,A,,true,false,,,,,57,8,,,,0,true,,,,,,97,Plot No.194,Quay Street,Plot No. 188,Plot.190,400010,5,"20801435
",false,,,false,false,3697,,,,,,,,,,false,
3711,17,"208010033","190 QUAY STREET",,,,E,MAZGAON RECLAMATION (SOUTH),"1",MAZAGAON,189.62,,Mahesh Mohite,2020-03-03 16:20:30.300,A,,true,false,,,,,57,8,,,,0,true,,,,,,97,Plot No.193,Quay Street,Plot No.189,Plot no.191,400010,5,"20801436
",false,,,false,false,3711,,,,,,,,,,false,
3712,17,"208010034","191 QUAY STREET JUNCTION PLOT",,,,E,MAZGAON RECLAMATION (SOUTH),"1",MAZGAON,427.26,,Mahesh Mohite,2020-03-03 16:20:30.300,A,,true,false,,,,,57,8,,,,0,true,,,,,,97,Plot No.192,Quay Street,Plot No.190,"1st Cross Street",400010,5,"20801437",false,,,false,false,3712,,,,,,,,,,false,
3714,17,"208010036","194 OFFQUAY STREET ]",,,,E,MAZGAON RECLAMATION (SOUTH),"1",MAZGAON,95.69,,Mahesh Mohite,2020-03-03 16:20:30.300,A,,true,false,,,,,57,8,,,,0,true,,,,,,97,Larki Bunder,Plot No.189,Plot No.195 & RR No.2008,Plot No.193,400010,5,"20801440
",false,,,false,false,3714,,,,,,,,,,false,
3715,17,"208010037","198-199",,,,E,MAZGAON RECLAMATION (SOUTH),"1",MAZAGAON,185.71,,Mahesh Mohite,2020-03-03 16:20:30.300,A,,true,false,,,,,57,8,,,,0,true,,,,,,97,Lakri Bunder & B.P.T Chowkey,Plot No.197,Quay Street,Plot No.196,400010,5,"20801444
",false,,,false,false,3715,,,,,,,,,,false,
3717,17,"208010038","199A",,,,E, MAZGAON RECLAMATION (SOUTH),"1",MAZAGAON,25.08,,Mahesh Mohite,2020-03-03 16:20:30.300,A,,true,false,,,,,57,8,,,,0,true,,,,,,97,Plot No.2 Of Lakri Bunder,B.P.T Revenue Office,B.P.T Revenue,P.T Passage,400010,5,"20801445
",false,,,false,false,3717,,,,,,,,,,false,
3718,17,"208010039","199B",,,,E,MAZGAON RECLAMATION (SOUTH),"1",MAZAGAON,16.72,,Mahesh Mohite,2020-03-03 16:20:30.300,A,,true,false,,,,,57,8,,,,0,true,,,,,,97,Quay Street,B.P.T Revenue Office,Footpath Quay Street,Footpath Quay Street,400010,5,"20801446
",false,,,false,false,3718,,,,,,,,,,false,
3730,16,"207010002","255",,,,E,MAZGAON RECLAMATION (NORTH),"1/156",MAZGAON,185.06,,Mahesh Mohite,2020-03-03 16:20:30.300,A,mbpt_no,true,false, Date: 28-11-2019 User: mbpt_no <br>Remark: Verified<br> <br> Date: 28-11-2019 User: mbpt_hod <br>Remark: <br>,,mbpt_hod,,57,7,mbpt_hod,,,0,true,,,,,,97,Quay Street,Road,Plot No.254,Plot No.256,400010,5,"20701226",true,,,false,false,3730,,,,,,,,,,false,
3911,16,"207010031","281",,,,E,MAZGAON RECLAMATION (NORTH),"1/155",MAZGAON,243.13,,Mahesh Mohite,2020-03-03 16:20:30.300,A,,true,false,,,,,57,7,,,,0,true,,,,,,97,Plot No.280,Plot No.282,Signal Hill Avenue,Victoria Road,400010,5,"20701302
",false,,,false,false,3911,,,,,,,,,,false,
3741,16,"207010003","256",,,,E,MAZGAON RECLAMATION (NORTH),"1/156",MAZGAON,185.34,,Mahesh Mohite,2020-03-03 16:20:30.300,A,,true,false,,,,,57,7,,,,0,true,,,,,,97,STREET,Road,Plot No.255,Plot No.257,400010,5,"20701227
",true,,,false,false,3741,,,,,,,,,,false,
3742,16,"207010004","257 (JUNCTION PLOT)",,,,E,MAZGAON RECLAMATION (NORTH),"1/156",MAZGAON,180.88,,Mahesh Mohite,2020-03-03 16:20:30.300,A,,true,false,,,,,57,7,,,,0,true,,,,,,97,STREET,ROAD,Plot No.256,Signal Hill Avenue,400010,5,"20701228
",false,,,false,false,3742,,,,,,,,,,false,
3743,16,"207010005","258 (JUNCTION PLOT)",,,,E,MAZGAON RECLAMATION (NORTH),"1/155",MAZAGAON,178.28,,Mahesh Mohite,2020-03-03 16:20:30.300,A,,true,false,,,,,57,7,,,,0,true,,,,,,97,Road,Land,Plot No. 259,Signal Hill Avenue,400010,5,"20701229
",true,,,false,false,3743,,,,,,,,,,false,
3745,16,"207010006","259",,,,E,MAZGAON RECLAMATION (NORTH),"1/155",MAZGAON,222.50,,Mahesh Mohite,2020-03-03 16:20:30.300,A,,true,false,,,,,57,7,,,,0,true,,,,,,97,Road,Hindu Burning & Burial Ground,Plot No.260,Plot No.285 & L,400010,5,"20701230
",true,,,false,false,3745,,,,,,,,,,false,
3746,16,"207010007","260",,,,E,MAZGAON RECLAMATION (NORTH),"1/155",MAZGAON,223.80,,Mahesh Mohite,2020-03-03 16:20:30.300,A,,true,false,,,,,57,7,,,,0,true,,,,,,97,Road,Hindu Burning & Burial Ground,Plot No. 261,Plot No. 259,400010,5,"20701231
",true,,,false,false,3746,,,,,,,,,,false,
3747,16,"207010008","261",,,,E,MAZGAON RECLAMATION (NORTH),"1/155",MAZGAON,205.87,,Mahesh Mohite,2020-03-03 16:20:30.300,A,,true,false,,,,,57,7,,,,0,true,,,,,,97,Road,Hindu Burning & Burial Ground,Plot No. 262,Plot No. 260,400010,5,"20701232
",true,,,false,false,3747,,,,,,,,,,false,
3757,16,"207010009","262",,,,E,MAZGAON RECLAMATION (NORTH),"1/155",MAZGAON,195.10,,Mahesh Mohite,2020-03-03 16:20:30.300,A,,true,false,,,,,57,7,,,,0,true,,,,,,97,Road,Hindu Burning & Burial Ground,Plot No. 263,Plot No. 261,400010,5,"20701233
",true,,,false,false,3757,,,,,,,,,,false,
3760,16,"207010010","263",,,,E,MAZGAON RECLAMATION (NORTH),"1/155",MAZGAON,175.77,,Mahesh Mohite,2020-03-03 16:20:30.300,A,,true,false,,,,,57,7,,,,0,true,,,,,,97,Road,Hindu Burning & Burial Ground,Plot No.264,Plot No.262,400010,5,"20701234
",true,,,false,false,3760,,,,,,,,,,false,
3765,17,"208010040","214 POWDER WORKS BUNDER.]",,,,E,MAZGAON RECLAMATION (SOUTH),"882",MAZGAON,189.15,,Mahesh Mohite,2020-03-03 16:20:30.300,A,,true,false,,,,,57,8,,,,0,true,,,,,,97,Plot No.213,Plot No.215,Road,RR No.2018,400010,5,"20801450
",false,,,false,false,3765,,,,,,,,,,false,
8184,21,"310010242","170-A", , , ,B WARD , ,FP No.170A (part),PRINCESS DOCK,16.20,,Mahesh Mohite,2020-07-15 12:13:57.570,A,,true,false, ,,,,58,10,nihar, , ,0,true, , , ,,,97, , , , ,,,"31001549",false,,,false,false,8184,,,,,,,,,,true,
3770,17,"208010041","216 POWDER WORKS BUNDER",,,,E,MAZGAON RECLAMATION (SOUTH),"882",MAZGAON,175.96,,Mahesh Mohite,2020-03-03 16:20:30.300,A,,true,false,,,,,57,8,,,,0,true,,,,,,97,Plot No.215,Plot No.217,Transit Shed,Leased to Mazagaon Dock Ltd. RR No.2018,400010,5,"20801502
",false,,,false,false,3770,,,,,,,,,,false,
3773,17,"208010042","217 POWDER WORKS BUNDER",,,,E,MAZGAON TANK BUNDER ,"882",MAZAGAON,314.11,,Mahesh Mohite,2020-03-03 16:20:30.300,A,,true,false,,,,,57,8,,,,0,true,,,,,,97,Plot No.216,Plot No.218,Transit Shed,Leases to Mazagaon Dock LTD. RR No.2018,400010,5,"20801503
",false,,,false,false,3773,,,,,,,,,,false,
3776,17,"208010043","218 POWDER WORKS BUNDER",,,,E, MAZGAON RECLAMATION (SOUTH),"882",MAZGAON,155.61,,Mahesh Mohite,2020-03-03 16:20:30.300,A,,true,false,,,,,57,8,,,,0,true,,,,,,97,RR No.217,Leased To Mazgaon Dock LTD. RR No.2018,Road,Leased To Mazgaon Dock LTD. RR No.2018,400010,5,"20801504
",false,,,false,false,3776,,,,,,,,,,false,
3781,17,"208010044","21A AT PANTON BUNDER",,,,E,MAZGAON RECLAMATION (SOUTH),"1",MAZGAON,477.80,,Mahesh Mohite,2020-03-03 16:20:30.300,A,,true,false,,,,,57,8,,,,0,true,,,,,,97,Pot No.30 & 29 & 28,Link Road,Plot No.17 TO 20 FML,Plot No.21-B,400010,5,"20801102
",false,,,false,false,3781,,,,,,,,,,false,
3783,17,"208010045","21B AT PANTON BUNDER",,,,E,MAZGAON RECLAMATION (SOUTH),"1", MAZAGAON,655.15,,Mahesh Mohite,2020-03-03 16:20:30.300,A,,true,false,,,,,57,8,,,,0,true,,,,,,97,Plot No.25,Link Road,Plot No.21-A,Plot No.22-A,400010,5,"20801103
",false,,,false,false,3783,,,,,,,,,,false,
3786,17,"208010046","22 AT PANDON BUNDER",,,,E,MAZGAON RECLAMATION (SOUTH),"1",MAZAGAON,675.03,,Mahesh Mohite,2020-03-03 16:20:30.300,A,,true,false,,,,,57,8,,,,0,true,,,,,,97,Plot no.23 & 24,Panthon Bunder Road,Plot No.22A,Plot No.31 & RR No.2017,400010,5,"20801105
",false,,,false,false,3786,,,,,,,,,,false,
3793,16,"207010011","264",,,,E,MAZGAON RECLAMATION (NORTH),"1/155",MAZAGAON,156.45,,Mahesh Mohite,2020-03-03 16:20:30.300,A,,true,false,,,,,57,7,,,,0,true,,,,,,97,Road,Hindu Burning & Burial Ground,Plot No. 265,Plot No. 263,400010,5,"20701235
",true,,,false,false,3793,,,,,,,,,,false,
3795,16,"207010012","265",,,,E,MAZGAON RECLAMATION (NORTH),"1/155",MAZGAON,137.12,,Mahesh Mohite,2020-03-03 16:20:30.300,A,,true,false,,,,,57,7,,,,0,true,,,,,,97,Road,Hindu Burning & Burial Ground,Plot No. 266,Plot No. 264,400010,5,"20701236
",false,,,false,false,3795,,,,,,,,,,false,
3798,16,"207010013","266",,,,E,MAZGAON RECLAMATION (NORTH),"1/155",MAZGAON,117.80,,Mahesh Mohite,2020-03-03 16:20:30.300,A,,true,false,,,,,57,7,,,,0,true,,,,,,97,Road,Hindu Burning & Burial Ground,Plot No.267,Plot No.265,400010,5,"20701237
",false,,,false,false,3798,,,,,,,,,,false,
3801,16,"207010014","267",,,,E,MAZGAON RECLAMATION (NORTH),"1/155",MAZAGAON,98.48,,Mahesh Mohite,2020-03-03 16:20:30.300,A,,true,false,,,,,57,7,,,,0,true,,,,,,97,STREET,ROAD,Plot No.268,Plot No.266,400010,5,"20701238
",true,,,false,false,3801,,,,,,,,,,false,
3807,16,"207010015","268",,,,E,MAZGAON RECLAMATION (NORTH),"1/155",MAZGAON,100.43,,Mahesh Mohite,2020-03-03 16:20:30.300,A,,true,false,,,,,57,7,,,,0,true,,,,,,97,Road,Hindu Burning & Burial Ground,Plot No.268A,Plot No.267,400010,5,"20701239
",true,,,false,false,3807,,,,,,,,,,false,
3810,16,"207010016","268A",,,,E,MAZGAON RECLAMATION (NORTH),"1/155",MAZGAON,101.26,,Mahesh Mohite,2020-03-03 16:20:30.300,A,,true,false,,,,,57,7,,,,0,true,,,,,,97,Road,Hindu Burning & Burial Ground,Plot No.239,Plot No.268,400010,5,"20701240
",false,,,false,false,3810,,,,,,,,,,false,
3813,17,"208010047","22A AT PANTON BUNDER",,,,E,MAZGAON RECLAMATION (SOUTH),"1",MAZGAON,89.19,,Mahesh Mohite,2020-03-03 16:20:30.300,A,,true,false,,,,,57,8,,,,0,true,,,,,,97,Plot No.25,Link Road,Plot No.21-B ,Plot No.22,400010,5,"20801104
",false,,,false,false,3813,,,,,,,,,,false,
3817,14,"206010003","15,16 & 23",,,,E,MAZGAON TANK BUNDER,"10/671",MAZAGAON,514.03,,Mahesh Mohite,2020-03-03 16:20:30.300,A,,true,false,,,,,57,6,,,,0,true,,,,,,97,Ghorupdeo Cross Road No.4,Plot No.18 & 22 FML,Ghorupdeo Cross Road No.2,Ghorupdeo Cross Road No.1,400010,5,"20601112
",false,,,false,false,3817,,,,,,,,,,false,
3831,16,"207010021","271 & 272  (JUNCTION PLOT )",,,,E,MAZGAON RECLAMATION (NORTH),"1/155",MAZAGAON,391.86,,Mahesh Mohite,2020-03-03 16:20:30.300,A,,true,false,,,,,57,7,,,,0,true,,,,,,97,STREET,ROAD,Pot No.270,RR No.1424,400010,5,"20701243
",true,,,false,false,3831,,,,,,,,,,false,
3836,16,"207010022","273( JUNCTION PLOT)",,,,E,MAZGAON RECLAMATION (NORTH),"1/155",MAZAGAON,177.44,,Mahesh Mohite,2020-03-03 16:20:30.300,A,,true,false,,,,,57,7,,,,0,true,,,,,,97,Road,Plot No.277,Signal Hill Avenue,Plot No.274,400010,5,"20701244
",true,,,false,false,3836,,,,,,,,,,false,
3840,16,"207010023","274",,,,E,MAZGAON RECLAMATION (NORTH),"1/155",MAZGAON,178.37,,Mahesh Mohite,2020-03-03 16:20:30.300,A,,true,false,,,,,57,7,,,,0,true,,,,,,97,Road,Plot No. 277,Plot No. 273,Plot No. 275,400010,5,"20701245
",true,,,false,false,3840,,,,,,,,,,false,
3849,17,"208010049","24 AT MAGAZINE STREET",,,,E,MAZGAON RECLAMATION (SOUTH),"1",MAZAGAON,269.60,,Mahesh Mohite,2020-03-03 16:20:30.300,A,,true,false,,,,,57,8,,,,0,true,,,,,,97,Magazine Street,Plot No.22,Plot No.25,Plot No.23,400010,5,"20801107
",false,,,false,false,3849,,,,,,,,,,false,
3855,16,"207010026","275",,,,E,MAZGAON RECLAMATION (NORTH),"1/155",MAZAGAON,185.16,,Mahesh Mohite,2020-03-03 16:20:30.300,A,,true,false,,,,,57,7,,,,0,true,,,,,,97,Road,Plot No.277,Plot No.274,Plot No.276,400010,5,"20701246
",true,,,false,false,3855,,,,,,,,,,false,
3862,16,"207010027","276 JUNCTION PLOT",,,,E,MAZGAON RECLAMATION (NORTH),"1/155",MAZGAON,178.37,,Mahesh Mohite,2020-03-03 16:20:30.300,A,,true,false,,,,,57,7,,,,0,true,,,,,,97,Road,Plot No.277,Plot No.273,Victoria Road,400010,5,"20701247
",true,,,false,false,3862,,,,,,,,,,false,
3863,16,"207010028","277",,,,E,MAZGAON RECLAMATION (NORTH),"1/155",MAZGAON,296.36,,Mahesh Mohite,2020-03-03 16:20:30.300,A,,true,false,,,,,57,7,,,,0,true,,,,,,97,Plot No.273&274&275&276,Plot No.278,Signal Hill Avenue,Victoria Road,400010,5,"20701248
",false,,,false,false,3863,,,,,,,,,,false,
7549,11,"205010025",RR NO 1583,,Private Structure,,F/S,,"325/145",PAREL-SEWERI,5137.53,,Mahesh Mohite,2020-05-09 18:01:36.360,A,,true,false,,,,,57,5,,,,0,true,,,,,,97,,,,,,,"20501120",false,,,false,false,7549,,,,,,,,,,false,
3873,17,"208010050","25 AT MAGAZINE STREET",,,,E,MAZGAON RECLAMATION (SOUTH),"1",MAZGAON,144.46,,Mahesh Mohite,2020-03-03 16:20:30.300,A,,true,false,,,,,57,8,,,,0,true,,,,,,97,Magazine Street,Plot No.22-A,Plot No.26,Pot No.24,400010,5,"20801108
",false,,,false,false,3873,,,,,,,,,,false,
3885,16,"207010029","279",,,,E,MAZGAON RECLAMATION (NORTH),"1/155",MAZGAON,254.28,,Mahesh Mohite,2020-03-03 16:20:30.300,A,,true,false,,,,,57,7,,,,0,true,,,,,,97,Plot No.278,Plot No.280,Signal Hill Avenue,Victoria Road,400010,5,"20701250
",false,,,false,false,3885,,,,,,,,,,false,
3886,16,"207010030","280",,,,E,MAZGAON RECLAMATION (NORTH),"1/155",MAZGAON,235.04,,Mahesh Mohite,2020-03-03 16:20:30.300,A,,true,false,,,,,57,7,,,,0,true,,,,,,97,Plot No.279,Plot No.281,Signal Hill Avenue,Victoria Road,400010,5,"20701301
",false,,,false,false,3886,,,,,,,,,,false,
3890,17,"208010051","25-A AT MAGAZINE STREET",,,,E,MAZGAON RECLAMATION (SOUTH),"1",MAZGAON,248.70,,Mahesh Mohite,2020-03-03 16:20:30.300,A,,true,false,,,,,57,8,,,,0,true,,,,,,97,Magazine Street,Plot No.22-A,Plot No.26,Plot no.24,400010,5,"20801109
",false,,,false,false,3890,,,,,,,,,,false,
3897,17,"208010052","26 AT MAGAZINE STREET",,,,E,MAZGAON RECLAMATION (SOUTH),"1",MAZGAON,73.86,,Mahesh Mohite,2020-03-03 16:20:30.300,A,,true,false,,,,,57,8,,,,0,true,,,,,,97,Magazine Street,Plot No.21-B,Plot No.27,Plot No.25,400010,5,"20801110
",false,,,false,false,3897,,,,,,,,,,false,
3912,16,"207010032","282",,,,E,MAZGAON RECLAMATION (NORTH),"1/155",MAZGAON,251.11,,Mahesh Mohite,2020-03-03 16:20:30.300,A,,true,false,,,,,57,7,,,,0,true,,,,,,97,Plot No.281,Plot No.283,Signal Hill Avenue,Victoria Road,400010,5,"20701303
",false,,,false,false,3912,,,,,,,,,,false,
3923,17,"208010053","27 AT MAGAZINE STREET",,,,E,MAZGAON RECLAMATION (SOUTH),"1",MAZAGAON,389.08,,Mahesh Mohite,2020-03-03 16:20:30.300,A,,true,false,,,,,57,8,,,,0,true,,,,,,97,Magazine Street,Plot No.21-B,Plot No.28,Plot No.26,400010,5,"20801111
",false,,,false,false,3923,,,,,,,,,,false,
3924,14,"206010004","27 B",,,,E, MAZGAON TANK BUNDER,"22/671",MAZAGAON,268.95,,Mahesh Mohite,2020-03-03 16:20:30.300,A,,true,false,,,,,57,6,,,,0,true,,,,,,97,Ghorupdeo Cross Road No.3,Ghorupdeo Cross Road ,Plot No.27D & 27C,Plot No.27A,400010,5,"20601123
",false,,,false,false,3924,,,,,,,,,,false,
3926,14,"206010005","27 C",,,,E,MAZGAON TANK BUNDER,"26/671",MAZAGAON,112.42,,Mahesh Mohite,2020-03-03 16:20:30.300,A,,true,false,,,,,57,6,,,,0,true,,,,,,97,Plot No.27 D,Ghorupdeo Cross Road,Plot No. 26 & 25,Plot No. 27B ,400010,5,"20601124
",false,,,false,false,3926,,,,,,,,,,false,
3927,14,"206010006","27 D",,,,E,MAZGAON TANK BUNDER,"21/671",MAZAGAON,149.57,,Mahesh Mohite,2020-03-03 16:20:30.300,A,,true,false,,,,,57,6,,,,0,true,,,,,,97,Ghorupdeo Cross Road  No 3,Plot No.27 C,Plot No.26 & Plot no.25,Plot no.27 B,400010,5,"20601125
",false,,,false,false,3927,,,,,,,,,,false,
3931,16,"207010034","283",,,,E,MAZGAON RECLAMATION (NORTH),"1/155",MAZGAON,259.20,,Mahesh Mohite,2020-03-03 16:20:30.300,A,,true,false,,,,,57,7,,,,0,true,,,,,,97,Plot No.282,Plot No.284,Signal Hill Avenue,Victoria Road,400010,5,"20701304
",false,,,false,false,3931,,,,,,,,,,false,
3933,16,"207010035","284",,,,E,MAZGAON RECLAMATION (NORTH),"1/155",MAZAGAON,267.19,,Mahesh Mohite,2020-03-03 16:20:30.300,A,,true,false,,,,,57,7,,,,0,true,,,,,,97,Plot No.283,Plot No.285,Signal Hill Avenue,Victoria Road,400010,5,"20701305
",false,,,false,false,3933,,,,,,,,,,false,
3935,16,"207010036","285",,,,E,MAZGAON RECLAMATION (NORTH),"1/155",MAZGAON,275.09,,Mahesh Mohite,2020-03-03 16:20:30.300,A,,true,false,,,,,57,7,,,,0,true,,,,,,97,Plot No.284,Plot No.286,Signal Hill Avenue,Victoria Road,400010,5,"20701306
",false,,,false,false,3935,,,,,,,,,,false,
3938,16,"207010037","286",,,,E,MAZGAON RECLAMATION (NORTH),"1/180A",MAZAGAON,284.19,,Mahesh Mohite,2020-03-03 16:20:30.300,A,,true,false,,,,,57,7,,,,0,true,,,,,,97,Plot No.285,Plot No.287,Signal Hill Avenue,Victoria Road,400010,5,"20701307
",false,,,false,false,3938,,,,,,,,,,false,
3943,14,"206010007","27A",,,,E,MAZGAON TANK BUNDER,"23/671",MAZAGAON,312.62,,Mahesh Mohite,2020-03-03 16:20:30.300,A,,true,false,,,,,57,6,,,,0,true,,,,,,97,Ghorupdeo Cross Road No.3,Ghorupdeo Cross Road,Plot No.27 B,Plot No.28 & Plot No.40,400010,5,"20601122
",false,,,false,false,3943,,,,,,,,,,false,
3952,17,"208010054","28 MAGAZINE STREET",,,,E,MAZGAON RECLAMATION (SOUTH),"1",MAZGAON,268.21,,Mahesh Mohite,2020-03-03 16:20:30.300,A,,true,false,,,,,57,8,,,,0,true,,,,,,97,Magazine Street,Plot No.21-A & 21-B,Plot No.29,Plot No.27,400010,5,"20801112
",false,,,false,false,3952,,,,,,,,,,false,
3992,14,"206010008","3 AT CROSS ROAD NO.2",,,,E,MAZGAON TANK BUNDER,"25/671",MAZAGAON,1129.98,,Mahesh Mohite,2020-03-03 16:20:30.300,A,,true,false,,,,,57,6,,,,0,true,,,,,,97,Plot no.2,Plot No.4,Plot no.1 FML,Ghorupdeo Cross Road No.2,400010,5,"20601102
",false,,,false,false,3992,,,,,,,,,,false,
4004,11,"205010013","30 POR.OLD RR 1692 SEWRI G AD",,,,E,MAZGAON RECLAMATION (SOUTH),"272/145",MAZAGAON,1760.20,,Mahesh Mohite,2020-03-03 16:20:30.300,A,,true,false,,,,,57,5,,,,0,true,,,,,,97,P.T Road,Plot No.31,P.T Road,Plot No. E,400010,5,"20501203",true,,,false,false,4004,,,,,,,,,,false,
4011,16,"207010040","289",,,,E,MAZGAON RECLAMATION (NORTH),"1/155",MAZAGAON,313.18,,Mahesh Mohite,2020-03-03 16:20:30.300,A,,true,false,,,,,57,7,,,,0,true,,,,,,97,Plot No 288,Plot No 290,Signal Hill Avene,Victoria Road,400010,5,"20701310
",false,,,false,false,4011,,,,,,,,,,false,
4035,11,"205010014","31 & 32 NEW SEWREE GADI ADDA",,,,E,MAZGAON SEWREE RECLAMATION (EAST),"272/145",PAREL-SEWERI,2640.34,,Mahesh Mohite,2020-03-03 16:20:30.300,A,,true,false,,,,,57,5,,,,0,true,,,,,,97,Plot No.30,P.T Road,P.T Road,Plot No. E & WARE-HOUSE,400033,7,"20501217",false,,,false,false,4035,,,,,,,,,,false,
4042,16,"207010041","290",,,,E,MAZGAON RECLAMATION (NORTH),"155B/1",MAZGAON,322.84,,Mahesh Mohite,2020-03-03 16:20:30.300,A,,true,false,,,,,57,7,,,,0,true,,,,,,97,Plot No.289,Plot No.291,Signal Hill Avenue,Victoria Road,400010,5,"20701311
",false,,,false,false,4042,,,,,,,,,,false,
4046,17,"208010060","33 AT MAGAZINE STREET",,,,E,MAZGAON RECLAMATION (SOUTH),"1/247",MAZAGAON,453.18,,Mahesh Mohite,2020-03-03 16:20:30.300,A,,true,false,,,,,57,8,,,,0,true,,,,,,97,Magazine Street,Plot No.40 & 39-A & 39,Plot No.33-A,Plot No.34,400010,5,"20801116
",false,,,false,false,4046,,,,,,,,,,false,
4052,16,"207010042","291",,,,E,MAZGAON RECLAMATION (NORTH),"1/155",MAZGAON,332.50,,Mahesh Mohite,2020-03-03 16:20:30.300,A,,true,false,,,,,57,7,,,,0,true,,,,,,97,Plot No.290,Plot No.292,Signal Hill Avenue,Victoria Road,400010,5,"20701312
",false,,,false,false,4052,,,,,,,,,,false,
4053,16,"207010043","292",,,,E,MAZGAON RECLAMATION (NORTH),"1/155",MAZGAON,342.16,,Mahesh Mohite,2020-03-03 16:20:30.300,A,,true,false,,,,,57,7,,,,0,true,,,,,,97,Plot No.291,RR No.1741,Signal Hill Avenue,Victoria Road,400010,5,"20701313
",false,,,false,false,4053,,,,,,,,,,false,
4054,17,"208010062","335 REAY RD",,,,E,MAZGAON RECLAMATION (SOUTH),"174",MAZGAON,593.09,,Mahesh Mohite,2020-03-03 16:20:30.300,A,,true,false,,,,,57,8,,,,0,true,,,,,,97,Passage,Barrister Nathpai Road,Star Cinema RR No.1373,Plot No.1856,400010,5,"20801614
",false,,,false,false,4054,,,,,,,,,,false,
4055,17,"208010063","337 REAY RD",,,,E,MAZGAON RECLAMATION (SOUTH),"135/1",MAZGAON,438.50,,Mahesh Mohite,2020-03-03 16:20:30.300,A,,true,false,,,,,57,8,,,,0,true,,,,,,97,Temple,Barrister Nathpai Road,Plot no.338,Star Cinema RR No.1373,400010,5,"20801616
",false,,,false,false,4055,,,,,,,,,,false,
4056,17,"208010064","338 REAY RD",,,,E,MAZGAON RECLAMATION (SOUTH),"1/159",MAZGAON,477.71,,Mahesh Mohite,2020-03-03 16:20:30.300,A,,true,false,,,,,57,8,,,,0,true,,,,,,97,Temple,Barrister Nathpai Road,Plot No.339 & RR No.2054,Plot No.337,400010,5,"20801617
",false,,,false,false,4056,,,,,,,,,,false,
4058,17,"208010065","33A MAGAZINE STREET",,,,E,MAZGAON RECLAMATION (SOUTH),"1",MAZGAON,36.60,,Mahesh Mohite,2020-03-03 16:20:30.300,A,,true,false,,,,,57,8,,,,0,true,,,,,,97,Magazine Street,Plot No.40,Leased to Castrol LTD. RR No.2017 & Plot No.31,Plot No.33 FML,400010,5,"20801117
",false,,,false,false,4058,,,,,,,,,,false,
4062,17,"208010067","34 MAGAZINE STREET",,,,E,MAZGAON RECLAMATION (SOUTH),"1/247",MAZGAON,51.75,,Mahesh Mohite,2020-03-03 16:20:30.300,A,,true,false,,,,,57,8,,,,0,true,,,,,,97,Magazine Street,Plot No.38,Plot No.33,Plot No.35,400010,5,"20801118
",false,,,false,false,4062,,,,,,,,,,false,
4065,17,"208010068","340 REAY RD",,,,E,MAZGAON RECLAMATION (SOUTH),"1/192",MAZGAON,363.99,,Mahesh Mohite,2020-03-03 16:20:30.300,A,,true,false,,,,,57,8,,,,0,true,,,,,,97,Cooper Smith Street,Barrister Nathpai Road,Plot No.341,Plot No.339 & RR No.2054,400010,5,"20801619
",false,,,false,false,4065,,,,,,,,,,false,
4066,17,"208010069","341 REAY RD",,,,E,MAZGAON RECLAMATION (SOUTH),"1/192",MAZGAON,143.63,,Mahesh Mohite,2020-03-03 16:20:30.300,A,,true,false,,,,,57,8,,,,0,true,,,,,,97,Cooper Smith Street,Barrister Nathpai Road,Plot No.342,Plot No.340 FML,400010,5,"20801620
",false,,,false,false,4066,,,,,,,,,,false,
4067,17,"208010070","346/1 REAY RD",,,,E,MAZGAON RECLAMATION (SOUTH),"905",MAZGAON,44.31,,Mahesh Mohite,2020-03-03 16:20:30.300,A,,true,false,,,,,57,8,,,,0,true,,,,,,97,Compound Wall,Passage,Plot no.346-2,Passage,400010,5,"20801625
",false,,,false,false,4067,,,,,,,,,,false,
4068,17,"208010071","346/2 REAY RD",,,,E,MAZGAON RECLAMATION (SOUTH),"905",MAZAGAON,29.26,,Mahesh Mohite,2020-03-03 16:20:30.300,A,,true,false,,,,,57,8,,,,0,true,,,,,,97,Passage & 5 III,Passage,Plot No.346-3,Plot No.346-1,400010,5,"20801626
",false,,,false,false,4068,,,,,,,,,,false,
4069,17,"208010072","346/3 REAY RD",,,,E,MAZGAON RECLAMATION (SOUTH),"905",MAZAGAON,23.32,,Mahesh Mohite,2020-03-03 16:20:30.300,A,,true,false,,,,,57,8,,,,0,true,,,,,,97,Passage & 4 IV,Passage,Plot No.347,Plot No.346-2,400010,5,"20801627
",false,,,false,false,4069,,,,,,,,,,false,
4070,17,"208010073","347 REAY RD",,,,E,MAZGAON RECLAMATION (SOUTH),"905",MAZGAON,43.48,,Mahesh Mohite,2020-03-03 16:20:30.300,A,,true,false,,,,,57,8,,,,0,true,,,,,,97,Passage,Passage,Plot No.29 & 348 FML,Plot No.364-3,400010,5,"20801628
",false,,,false,false,4070,,,,,,,,,,false,
4071,17,"208010074","348 REAY RD",,,,E,MAZGAON RECLAMATION (SOUTH),"905",MAZGAON,150.87,,Mahesh Mohite,2020-03-03 16:20:30.300,A,,true,false,,,,,57,8,,,,0,true,,,,,,97,Passage,Passage,Plot No.348 FML & 29,Plot No.346-3,400010,5,"20801629
",false,,,false,false,4071,,,,,,,,,,false,
4074,17,"208010075","35 AT MAGAZINE STREET",,,,E,MAZGAON RECLAMATION (SOUTH),"1",MAZGAON,83.61,,Mahesh Mohite,2020-03-03 16:20:30.300,A,,true,false,,,,,57,8,,,,0,true,,,,,,97,Magazine Street,Plot No.37,Plot No.34,Plot No.36,400010,5,"20801119
",false,,,false,false,4074,,,,,,,,,,false,
4215,26,"312020006","36",,,,A,SASSOON DOCK,"67",COLABA,13.38,,Mahesh Mohite,2020-03-03 16:20:30.300,A,mbpt_no,true,false, Date: 17-12-2019 User: mbpt_no <br>Remark: For sample<br> <br> Date: 17-12-2019 User: mbpt_hod <br>Remark: For sample<br>,,mbpt_hod,,58,12,mbpt_hod,,,0,true,,,,,,97,PLOT NO. 36-A,"15.25 M ROAD",PLOT NO. 35,DOCK TENANCY,400005,1,"31202220",false,,,false,false,4215,,,,,,,,,,true,
4079,17,"208010077","358 RECL OF BAL AREA INFRONT T",,,,E,MAZGAON RECLAMATION (SOUTH),"880",MAZAGAON,17434.54,,Mahesh Mohite,2020-03-03 16:20:30.300,A,,true,false,,,,,57,8,,,,0,true,,,,,,97,Sea,RR No.2018,Plot No.357,Plot No.356,400010,5,"20801643
",false,,,false,false,4079,,,,,,,,,,false,
4083,17,"208010078","36 & 36A AT MAGAZINE STREET",,,,E,MAZGAON RECLAMATION (SOUTH),"1",MAZAGAON,100.21,,Mahesh Mohite,2020-03-03 16:20:30.300,A,,true,false,,,,,57,8,,,,0,true,,,,,,97,Magazine Street,Plot No.38-A,Plot No.35,Magazine Street,400010,5,"20801120
",false,,,false,false,4083,,,,,,,,,,false,
4120,16,"207010046","294 A",,,,E,MAZGAON RECLAMATION (NORTH),"1",MAZGAON,110.74,,Mahesh Mohite,2020-03-03 16:20:30.300,A,,true,false,,,,,57,7,,,,0,true,,,,,,97,Hindu Burning & Burial Ground,Signal Hill Avenue,Plot No.338,Plot No.294B,400010,5,"20701316
",false,,,false,false,4120,,,,,,,,,,false,
4125,14,"206010009","4&5 GHORUPDEORD CROSS RD.NO. 3",,,,E,MAZGAON TANK BUNDER,"25/671",MAZAGAON,529.45,,Mahesh Mohite,2020-03-03 16:20:30.300,A,,true,false,,,,,57,6,,,,0,true,,,,,,97,Plot No.3,Ghorupdeo Cross Road No.3,Plot No. 6,Ghorupdeo Cross Road No.2,400010,5,"20601103
",false,,,false,false,4125,,,,,,,,,,false,
4126,16,"207010047","294 C",,,,E,MAZGAON RECLAMATION (NORTH),"1",MAZAGAON,56.28,,Mahesh Mohite,2020-03-03 16:20:30.300,A,,true,false,,,,,57,7,,,,0,true,,,,,,97,Hindu Burning & Burial Ground,Signal Hill Avenue,Plot No.294B,Signal Hill Avenue,400010,5,"20701318
",false,,,false,false,4126,,,,,,,,,,false,
4137,17,"208010084","40 PANTON BUNDER",,,,E,MAZGAON RECLAMATION (SOUTH),"1",MAZGAON,301.01,,Mahesh Mohite,2020-03-03 16:20:30.300,A,,true,false,,,,,57,8,,,,0,true,,,,,,97,Plot No.33 FML,Plot No.40-A,RR No.2017 & Plot No.31,Plot No.39-A,400010,5,"20801124
",false,,,false,false,4137,,,,,,,,,,false,
4141,17,"208010085","40A PANTON BUNDER",,,,E,MAZGAON RECLAMATION (SOUTH),"1",MAZGAON,37.72,,Mahesh Mohite,2020-03-03 16:20:30.300,A,,true,false,,,,,57,8,,,,0,true,,,,,,97,Plot No.40,Plot No.41FML,Plot No.32,Plot No.38-A,400010,5,"20801125
",false,,,false,false,4141,,,,,,,,,,false,
4142,14,"206010010","41/41A/41B",,,,E,MAZGAON TANK BUNDER,"671 PT",MAZAGAON,2433.13,,Mahesh Mohite,2020-03-03 16:20:30.300,A,,true,false,,,,,57,6,,,,0,true,,,,,,97,Plot No.42 & 43,Ghorupdeo Cross Road No.4,Road,"Plot No.44,45E,45D,45C,45B,45A & 46",400010,5,"20601139
",true,,,false,false,4142,,,,,,,,,,false,
4143,17,"208010086","41 MAGAZINE STREET",,,,E,MAZGAON RECLAMATION (SOUTH),"1/194",MAZGAON,272.39,,Mahesh Mohite,2020-03-03 16:20:30.300,A,,true,false,,,,,57,8,,,,0,true,,,,,,97,Plot No.38 & 38-A,Passage,Plot No.40-A,Magazine Street,400010,5,"20801126
",false,,,false,false,4143,,,,,,,,,,false,
4149,17,"208010087","42 PANTON BUNDER",,,,E,MAZGAON RECLAMATION (SOUTH),"1",MAZGAON,15.79,,Mahesh Mohite,2020-03-03 16:20:30.300,A,,true,false,,,,,57,8,,,,0,true,,,,,,97,Magazine Street,Link Road,Passage,Plot No.44FMLL & B.P.T Godown,400010,5,"20801127
",false,,,false,false,4149,,,,,,,,,,false,
4154,17,"208010088","43 & 44 AT PHANTON BUNDER",,,,E,MAZGAON RECLAMATION (SOUTH),"1/235",MAZAGAON,286.98,,Mahesh Mohite,2020-03-03 16:20:30.300,A,,true,false,,,,,57,8,,,,0,true,,,,,,97,Plot No.44 & B.P.T Godown,Plot No.42 & Link Road,P.T Passage & Plot No.42,Link Road,400010,5,"20801128
",false,,,false,false,4154,,,,,,,,,,false,
4158,14,"206010011","44",,,,E,MAZGAON TANK BUNDER,"671",MAZGAON TANK BUNDER,1701.43,,Mahesh Mohite,2020-03-03 16:20:30.300,A,,true,false,,,,,57,6,,,,0,true,,,,,,97,Reay Road,Passage,Plot No.43 & 42 & 41-B,Ghorupdeo Cross Road No.2,400010,5,"20601144
",false,,,false,false,4158,,,,,,,,,,false,
4163,14,"206010012","45 B",,,,E, MAZGAON TANK BUNDER,"17/671",MAZAGAON,90.30,,Mahesh Mohite,2020-03-03 16:20:30.300,A,,true,false,,,,,57,6,,,,0,true,,,,,,97,Plot No.45-C,Plot No.45-A & Plot No.46,Plot No.41-A,Ghorupdeo Cross Road No.2,400010,5,"20601146
",false,,,false,false,4163,,,,,,,,,,false,
4166,14,"206010013","45A",,,,E,MAZGAON TANK BUNDER,"671",MAZAGAON,355.34,,Mahesh Mohite,2020-03-03 16:20:30.300,A,,true,false,,,,,57,6,,,,0,true,,,,,,97,Plot No.45-B,Ghorupdeo Cross Road No.4,Plot No.41-A,Plot No. 46,400010,5,"20601145
",false,,,false,false,4166,,,,,,,,,,false,
4167,14,"206010014","45-C",,,,E,MAZGAON TANK BUNDER,"671",MAZAGAON,130.29,,Mahesh Mohite,2020-03-03 16:20:30.300,A,,true,false,,,,,57,6,,,,0,true,,,,,,97,Plot No.45-D,Plot No.45-B,Plot No.41-A,Ghorupdeo Cross Road No.2,400010,5,"20601147
",true,,,false,false,4167,,,,,,,,,,false,
4168,14,"206010015","45-D",,,,E,MAZGAON TANK BUNDER,"671",MAZAGAON,114.96,,Mahesh Mohite,2020-03-03 16:20:30.300,A,,true,false,,,,,57,6,,,,0,true,,,,,,97,Plot No.45-E FML,Plot no.45-C,Plot No.41-A,Ghorupdeo Cross Road No.2,400010,5,"20601148
",false,,,false,false,4168,,,,,,,,,,false,
4169,14,"206010016","45-E",,,,E,MAZGAON TANK BUNDER,"671",MAZAGAON,410.04,,Mahesh Mohite,2020-03-03 16:20:30.300,A,,true,false,,,,,57,6,,,,0,true,,,,,,97,Plot No.45,Plot No.45-D,Plot No.41-A,Ghorupdeo Cross Road No.2,400010,5,"20601149
",false,,,false,false,4169,,,,,,,,,,false,
4174,17,"208010091","47 MAGAZINE STREET",,,,E,MAZGAON RECLAMATION (SOUTH),"1",MAZGAON,1520.92,,Mahesh Mohite,2020-03-03 16:20:30.300,A,,true,false,,,,,57,8,,,,0,true,,,,,,97,Magazine Street,Link Road,Plot No.46 & 44 FMl & B.P.T Godown,Plot No.48-A,400010,5,"20801131
",false,,,false,false,4174,,,,,,,,,,false,
4177,17,"208010092","48 B MAGAZINE STREET",,,,E,MAZGAON RECLAMATION (SOUTH),"1",MAZGAON,208.48,,Mahesh Mohite,2020-03-03 16:20:30.300,A,,true,false,,,,,57,8,,,,0,true,,,,,,97,Magazine Street,Link Road,Plot No.48-A,Syed Mustafa Hussein,400010,5,"20801133
",false,,,false,false,4177,,,,,,,,,,false,
4179,17,"208010093","48-A, MAGAZINE STREET",,,,E,MAZGAON RECLAMATION (SOUTH),"1", MAZGAON,208.48,,Mahesh Mohite,2020-03-03 16:20:30.300,A,,true,false,,,,,57,8,,,,0,true,,,,,,97,Magazine Street,Link Road,Plot No.47 FML,Plot No.48-B,400010,5,"20801132
",false,,,false,false,4179,,,,,,,,,,false,
4255,24,"311020014","1959",,,,A,MODY BAY,"1203",FORT,216.00,,Mahesh Mohite,2020-03-03 16:20:30.300,A,,true,false,,,,,58,11,,,,0,true,,,,,,97,RR NO. 1626,RR NO. 1094 & RR NO. 1066,WALACHAND HIRACHAND MARG,RR NO. 1400,400001,1,"31102125",false,,,false,false,4255,,,,,,,,,,false,
4201,17,"208010094","51 1ST CROSS STREET JUN'N PLOT",,,,E,MAZGAON RECLAMATION (SOUTH),"1",MAZGAON,318.10,,Mahesh Mohite,2020-03-03 16:20:30.300,A,,true,false,,,,,57,8,,,,0,true,,,,,,97,Plot No.52,Magazine Street,Plot No.76 & 75,"1st Cross Street",400010,5,"20801136
",false,,,false,false,4201,,,,,,,,,,false,
4204,17,"208010095","52 1ST CROSS STREET",,,,E,MAZGAON RECLAMATION (SOUTH),"1",MAZGAON,215.91,,Mahesh Mohite,2020-03-03 16:20:30.300,A,,true,false,,,,,57,8,,,,0,true,,,,,,97,Plot No.53,Plot No.51,Plot No.74,"1st Cross Street",400010,5,"20801137
",false,,,false,false,4204,,,,,,,,,,false,
4209,19,"309010001","4",,,,A,ELPHINSTON (EAST),"128/1187",FORT,371.61,,Mahesh Mohite,2020-03-03 16:20:30.300,A,,true,false,,,,,58,9,,,,0,true,,,,,,97,P.T PASSAGE,P.D MELLO ROAD,P.T ROAD,RR NO.1674,400009,1,"30901104",false,,,false,false,4209,,,,,,,,,,false,
4212,26,"312020003","10",,,,A,SASSOON DOCK,"18/67",COLABA,84.38,,Mahesh Mohite,2020-03-03 16:20:30.300,A,mbpt_no,true,false, Date: 17-12-2019 User: mbpt_no <br>Remark: For sample<br> <br> Date: 17-12-2019 User: mbpt_hod <br>Remark: For sample<br>,,mbpt_hod,,58,12,mbpt_hod,,,0,true,,,,,,97,"15.25 M ROAD",DUMYANE ROAD,PLOT 9-A & PLOT 6,RR NO. 2010,400005,1,"31202248",false,,,false,false,4212,,,,,,,,,,false,
4214,26,"312020005","35",,,,A,SASSOON DOCK,"67",COLABA,13.38,,Mahesh Mohite,2020-03-03 16:20:30.300,A,mbpt_no,true,false, Date: 17-12-2019 User: mbpt_no <br>Remark: For sample<br> <br> Date: 17-12-2019 User: mbpt_hod <br>Remark: For sample<br>,,mbpt_hod,,58,12,mbpt_hod,,,0,true,,,,,,97,PLOT NO. 36-A,"15.25 M ROAD",P.T PASSAGE,PLOT NO. 36,400005,1,"31202221",false,,,false,false,4214,,,,,,,,,,false,
8232,19,"309010147",OLD RR 1622, , , ,B WARD , ,"01-Oct",PRINCESS DOCK,287.07,,Mahesh Mohite,2020-07-15 12:13:57.570,A,,true,false, ,,,,58,9,nihar, , ,0,true, , , ,,,97, , , , ,,,"30901144",false,,,false,false,8232,,,,,,,,,,true,
8193,26,"312020089",OLD R.R.NO.1861, , , ,A WARD , ,"14/67",Colaba,267.38,,Mahesh Mohite,2020-07-15 12:13:57.570,A,,true,false, ,,,,58,12,nihar, , ,0,true, , , ,,,97, , , , ,,,"31202102",false,,,false,false,8193,,,,,,,,,,true,
8195,1,"101010058",OLD RR 2023, , , ,F/S WARD, ,"8A/358",DADAR NAIGAUM,5575.48,,Mahesh Mohite,2020-07-15 12:13:57.570,A,,true,false, ,,,,56,1,nihar, , ,0,true, , , ,,,97, , , , ,,,"10101201",false,,,false,false,8195,,,,,,,,,,true,
4217,26,"312020007","42",,,,A,SASSOON DOCK,"67",COLABA,218.04,,Mahesh Mohite,2020-03-03 16:20:30.300,A,mbpt_no,true,false, Date: 17-12-2019 User: mbpt_no <br>Remark: For sample<br> <br> Date: 17-12-2019 User: mbpt_no <br>Remark: For sample<br> <br> Date: 17-12-2019 User: mbpt_hod <br>Remark: For sample<br>,,mbpt_hod,,58,12,mbpt_hod,,,0,true,,,,,,97,"41-FML","15.25 M ROAD",LAT,PLOT NO. 43 & PLOT NO. 44,400005,1,"31202230",false,,,false,false,4217,,,,,,,,,,false,
4218,26,"312020008","43",,,,A,SASSOON DOCK,"24654",COLABA,36.05,,Mahesh Mohite,2020-03-03 16:20:30.300,A,mbpt_no,true,false, Date: 17-12-2019 User: mbpt_no <br>Remark: For sample<br> <br> Date: 17-12-2019 User: mbpt_hod <br>Remark: For sample<br>,,mbpt_hod,,58,12,mbpt_hod,,,0,true,,,,,,97,PLOT-44,"15.25 M ROAD",LAT,LEASED EXPRESS NEWS PAPERS,400005,1,"31202227",false,,,false,false,4218,,,,,,,,,,false,
4219,26,"312020009","44",,,,A,SASSOON DOCK,"24654",COLABA,72.09,,Mahesh Mohite,2020-03-03 16:20:30.300,A,mbpt_no,true,false, Date: 18-12-2019 User: mbpt_no <br>Remark: For sample<br> <br> Date: 18-12-2019 User: mbpt_hod <br>Remark: For sample<br>,,mbpt_hod,,58,12,mbpt_hod,,,0,true,,,,,,97,PLOT NO.-45,PLOT NO -43,LAT,LEASED EXPRESS NEWS PAPERS,400005,1,"31202228",false,,,false,false,4219,,,,,,,,,,false,
4221,26,"312020011","61",,,,A,SASSOON DOCK,"67",COLABA,407.66,,Mahesh Mohite,2020-03-03 16:20:30.300,A,mbpt_no,true,false, Date: 18-12-2019 User: mbpt_no <br>Remark: For sample<br> <br> Date: 18-12-2019 User: mbpt_hod <br>Remark: For sample<br>,,mbpt_hod,,58,12,mbpt_hod,,,0,true,,,,,,97,PLOT NO-61-A & 63 -LAV,P.T PASSAGE,P.T PASSAGE,RR NO. 1898,400005,1,"31202131",false,,,false,false,4221,,,,,,,,,,false,
4222,27,"312030001","66",,,,A,VICTORIA BUNDER,"67",COLABA,46.71,,Mahesh Mohite,2020-03-03 16:20:30.300,A,mbpt_no,true,false, Date: 21-12-2019 User: mbpt_no <br>Remark: Zones are not added <br> <br> Date: 24-12-2019 User: mbpt_no <br>Remark: For sample zones remaining<br> <br> Date: 24-12-2019 User: mbpt_hod <br>Remark: For sample<br>,,mbpt_hod,,58,12,mbpt_hod,,,0,true,,,,,,97,VICTORIA BUNDER,SITE,WHARF,PLOT NO.-65,400001,1,"31203326 (3 zones pending )",false,,,false,false,4222,,,,,,,,,,false,
4223,19,"309010002","76",,,,B,ELPHINSTON (EAST),"176/1",PRINCESS DOCK,74.62,,Mahesh Mohite,2020-03-03 16:20:30.300,A,,true,false,,,,,58,9,,,,0,true,,,,,,97,PLOT NO. 78,PLOT NO. 71,PLOT NO. 77,PLOT NO. 75,400009,2,"30901427",false,,,false,false,4223,,,,,,,,,,false,
4225,19,"309010003","110",,,,B,ELPHINSTON (EAST),"1",PRINCESS DOCK,1699.75,,Mahesh Mohite,2020-03-03 16:20:30.300,A,,true,false,,,,,58,9,,,,0,true,,,,,,97,P.T PASSAGE,PLOT NO. 111,LEASED TO STATE TRADING CORPORATION OF INDIA LTD.,MALET ROAD,400009,2,"30901346",false,,,false,false,4225,,,,,,,,,,false,
4226,19,"309010004","111",,,,B,ELPHINSTON (EAST),"1",PRINCESS DOCK,205.32,,Mahesh Mohite,2020-03-03 16:20:30.300,A,,true,false,,,,,58,9,,,,0,true,,,,,,97,PLOT NO.110,PLOT NO. 112,LEASED TO STATE TRADING CORPORATION OF INDIA LTD.,MALET ROAD,400009,2,"30901345",false,,,false,false,4226,,,,,,,,,,false,
4227,19,"309010005","112",,,,B,ELPHINSTON (EAST),"1",PRINCESS DOCK,283.82,,Mahesh Mohite,2020-03-03 16:20:30.300,A,,true,false,,,,,58,9,,,,0,true,,,,,,97,PLOT NO. 111,PLOT NO. 113,PLOT NO. 112-A,MALET ROAD,400009,2,"30901344",false,,,false,false,4227,,,,,,,,,,false,
4228,19,"309010006","113",,,,B,ELPHINSTON (EAST),"1",PRINCESS DOCK,320.05,,Mahesh Mohite,2020-03-03 16:20:30.300,A,,true,false,,,,,58,9,,,,0,true,,,,,,97,PLOT NO. 112,PLOT NO. 114,LEASED TO STATE TRADING CORPORATION OF INDIA LTD.,MALET ROAD,400009,2,"30901343",false,,,false,false,4228,,,,,,,,,,false,
4229,21,"310010003","119",,,,B,ELPHINSTON (WEST), , ,111.39,,Mahesh Mohite,2020-03-03 16:20:30.300,A,,true,false,,,,,58,10,,,,0,true,,,,,,97,Y.T 136,Y.T -83,FP-67C,CARNAC BUNDER SIDING ROAD BABURAO BOBADE MARG,400009,2,"31001318",false,,,false,false,4229,,,,,,,,,,false,
4232,19,"309010008","123",,,,B,ELPHINSTON (EAST),"1",PRINCESS DOCK,42.18,,Mahesh Mohite,2020-03-03 16:20:30.300,A,,true,false,,,,,58,9,,,,0,true,,,,,,97,P.T PASSAGE,MUZAWAR PAKHADI ROAD,PLOT NO. 124,P.T PASSAGE,400009,2,"30901401",false,,,false,false,4232,,,,,,,,,,false,
4233,19,"309010009","126",,,,B,ELPHINSTON (EAST),"1",PRINCESS DOCK,58.53,,Mahesh Mohite,2020-03-03 16:20:30.300,A,,true,false,,,,,58,9,,,,0,true,,,,,,97,P.T PASSAGE,MUZAWAR PAKHADI ROAD,P.T PASSAGE,PLOT NO. 125,400009,2,"30901403",false,,,false,false,4233,,,,,,,,,,false,
4244,24,"311020005","1432",,,,A,MODY BAY,"1177",FORT,988.49,,Mahesh Mohite,2020-03-03 16:20:30.300,A,,true,false,,,,,58,11,,,,0,true,,,,,,97,RR NO. 1971 & RR NO. 1970,SHAHID BHAGAT SINGH ROAD,KUMPTA STREET,ADI MARZBAN PATH MANGLORE STREET,400001,1,"31102217",false,,,false,false,4244,,,,,,,,,,false,
4245,24,"311020006","1626",,,,A,MODY BAY,"1199_1202",FORT,896.98,,Mahesh Mohite,2020-03-03 16:20:30.300,A,,true,false,,,,,58,11,,,,0,true,,,,,,97,REX CHAMBERS RR NO. 1411,RR NO. 1959,WALCHAND HIRACHAND MARG,RR NO. 1664,400001,1,"31102124",false,,,false,false,4245,,,,,,,,,,false,
4246,24,"311020007","1631",,,,A,MODY BAY,"1185",FORT,245.26,,Mahesh Mohite,2020-03-03 16:20:30.300,A,,true,false,,,,,58,11,,,,0,true,,,,,,97,MUNCIPAL PRIMARY SCHOOL RR NO. 1909,RR NO. 1542,RR NO. 2044,ADI MARZBAN PATH MANGLORE STREET,400001,1,"31102222",false,,,false,false,4246,,,,,,,,,,false,
4247,24,"311020008","1704",,,,A,MODY BAY,"1189",FORT,199.56,,Mahesh Mohite,2020-03-03 16:20:30.300,A,,true,false,,,,,58,11,,,,0,true,,,,,,97,RR NO. 1965,RR NO. 1977,JAHAZ BHAVAN GOVT. LAND,GOA STREET,400001,1,"31102136",false,,,false,false,4247,,,,,,,,,,false,
4273,23,"311010005","11 BEARING R R NO 862",,,,A,BALLARD ESTATE ,"11/1187",FORT,690.83,,Mahesh Mohite,2020-03-03 16:20:30.300,A,,true,false,,,,,58,11,,,,0,true,,,,,,97,P.T. PAASAGE,P.T. PAASAGE,NAROTTAM MORARJI MARG,SHOORJI VALLABHDAS MARG,400001,1,"31101112",false,,,false,false,4273,,,,,,,,,,false,
4306,23,"311010012","17 SOUTH OF R R NO 928",,,,A,BALLARD ESTATE , ,FORT,29.54,,Mahesh Mohite,2020-03-03 16:20:30.300,A,,true,false,,,,,58,11,,,,0,true,,,,,,97,P.T PASSAGE,M.S.E.B.,P.T PASSAGE,R.G,400001,1,"31101121",false,,,false,false,4306,,,,,,,,,,false,
4274,23,"311010006","11 BEHIND SOUTH OF RR 959",,,,A,BALLARD ESTATE , 14/1187, FORT,28.62,,Mahesh Mohite,2020-03-03 16:20:30.300,A,,true,false,,,,,58,11,,,,0,true,,,,,,97,P.T PASSAGE,P.T PASSAGE,J.N. HERADIA,NAROTTAM MORARJI MARG,400001,1,"31101215",false,,,false,false,4274,,,,,,,,,,false,
4248,26,"312020012","1727",,,,A,SASSOON DOCK,"24746",COLABA,1739.05,,Mahesh Mohite,2020-03-03 16:20:30.300,A,mbpt_no,true,false, Date: 16-12-2019 User: mbpt_no <br>Remark: for sample<br> <br> Date: 18-12-2019 User: mbpt_hod <br>Remark: correct the CS no. <br> <br> Date: 18-12-2019 User: mbpt_no <br>Remark: correct the cs no<br> <br> Date: 18-12-2019 User: mbpt_no <br>Remark: For sample<br> <br> Date: 18-12-2019 User: mbpt_hod <br>Remark: For sample<br>,,mbpt_hod,,58,12,mbpt_hod,,,0,true,,,,,,97,P.T PASSAGE,P.T PASSAGE,P.T PASSAGE,DUMAYNE ROAD,400005,1,"31202107",false,,,false,false,4248,,,,,,,,,,false,
4249,24,"311020009","1870",,,,A,MODY BAY,"1100",FORT,245.26,,Mahesh Mohite,2020-03-03 16:20:30.300,A,,true,false,,,,,58,11,,,,0,true,,,,,,97,MUNCIPAL LAND,SHAHID BHAGAT SINGH ROAD,RR NO. 1918,COACHIN STREET,400001,1,"31102245",false,,,false,false,4249,,,,,,,,,,false,
4250,24,"311020010","1894",,,,A,MODY BAY,"65/1187",FORT,288.00,,Mahesh Mohite,2020-03-03 16:20:30.300,A,,true,false,,,,,58,11,,,,0,true,,,,,,97,RR NO. 1913,RR NO. 1811,MUNCIPAL DISPENSARY,WALCHAND HIRCHAND MARG,400001,1,"31102118",false,,,false,false,4250,,,,,,,,,,false,
4251,24,"311020011","1897",,,,A,MODY BAY,"66/1187",FORT,360.00,,Mahesh Mohite,2020-03-03 16:20:30.300,A,,true,false,,,,,58,11,,,,0,true,,,,,,97,P.T PASSAGE,RR NO. 1913,MUNCIPAL DISPENSARY,WALCHAND HIRCHAND MARG,400001,1,"31102120",false,,,false,false,4251,,,,,,,,,,false,
4252,24,"311020012","1906",,,,A,MODY BAY,"1102",FORT,165.37,,Mahesh Mohite,2020-03-03 16:20:30.300,A,,true,false,,,,,58,11,,,,0,true,,,,,,97,MUNCIPAL LAND,SHAHID BHAGAT SINGH ROAD,CALICUT STREET,RR NO. 1918,400001,1,"31102243",false,,,false,false,4252,,,,,,,,,,false,
4253,24,"311020013","1909",,,,A,MODY BAY,"1185",FORT,1762.98,,Mahesh Mohite,2020-03-03 16:20:30.300,A,,true,false,,,,,58,11,,,,0,true,,,,,,97,KAMINI CHAMBERS RR NO. 1874,RR NO. 2044 & RR NO. 1631 & RR NO. 1542,KUMPTA STREET,ADI MARZBAN PATH MANGLORE STREET,400001,1,"31102214",false,,,false,false,4253,,,,,,,,,,false,
4254,32,"312080001","1942",,,,D,CUMBALLA HILL,"841", CUMBALLA HILL,19.18,,Mahesh Mohite,2020-03-03 16:20:30.300,A,mbpt_no,true,false, Date: 24-12-2019 User: mbpt_no <br>Remark: For sample zones pending<br> <br> Date: 24-12-2019 User: mbpt_hod <br>Remark: For sample<br>,,mbpt_hod,,58,12,mbpt_hod,,,0,true,,,,,,97,CATTLE SHED,ROAD CARMICHAL ,P.T PASSAGE,TRUSTEE LAND,400026,4,"31208348 (3 zones pending )",false,,,false,false,4254,,,,,,,,,,false,
4256,24,"311020015","2044",,,,A,MODY BAY,"1182",FORT,371.61,,Mahesh Mohite,2020-03-03 16:20:30.300,A,,true,false,,,,,58,11,,,,0,true,,,,,,97,MUNCIPAL PRIMARY SCHOOL RR NO. 1909,RR NO. 1971,KUMPTA STREET,RR NO. 1631 & RR NO. 1542,400001,1,"31102215",false,,,false,false,4256,,,,,,,,,,false,
4257,24,"311020016","2079",,,,A,MODY BAY,"1206",FORT,304.44,,Mahesh Mohite,2020-03-03 16:20:30.300,A,,true,false,,,,,58,11,,,,0,true,,,,,,97,RR NO. 1296,SHAHID BHAGAT SING ROAD,RR NO. 1295,GOA STREET,400001,1,"31102130",false,,,false,false,4257,,,,,,,,,,false,
4266,23,"311010003","10 BEARING R R 934",,,,A,BALLARD ESTATE ,"10/1187",FORT,972.98,,Mahesh Mohite,2020-03-03 16:20:30.300,A,,true,false,,,,,58,11,,,,0,true,,,,,,97,P.T. PASSAGE,P.T. PASSAGE,P.T. PASSAGE,SHOORJI VALLABHDAS MARG,400001,1,"31101111",false,,,false,false,4266,,,,,,,,,,false,
4267,21,"310010007","10 JUN'ON PLOT FRERE RD.OF SHO",,,,B,ELPHINSTON (WEST),"123",PRINCESS DOCK,135.27,,Mahesh Mohite,2020-03-03 16:20:30.300,A,,true,false,,,,,58,10,,,,0,true,,,,,,97,P.D MELLO ROAD, M.T 10ACEC. PVT. LTD FP. 13,SHOLAPUR STREET,M.T -10,400009,2,"31001115",false,,,false,false,4267,,,,,,,,,,false,
4269,21,"310010009","10 P D MELLO RD",,,,B,ELPHINSTON (WEST),"13",PRINCESS DOCK,261.99,,Mahesh Mohite,2020-03-03 16:20:30.300,A,,true,false,,,,,58,10,,,,0,true,,,,,,97,P.D MELLO ROAD,M.T -10 ACEC. PVT. LTD,M.T -10,RR NO. 2051,400009,2,"31001116",false,,,false,false,4269,,,,,,,,,,false,
4270,21,"310010010","10 SHOLAPUR ST",,,,B,ELPHINSTON (WEST),"13",PRINCESS DOCK,411.10,,Mahesh Mohite,2020-03-03 16:20:30.300,A,,true,false,,,,,58,10,,,,0,true,,,,,,97,M.T -10,HILSONS DINSHAW FP. 15,P.T PASSAGE,RR NO. 2051,400009,2,"31001120",false,,,false,false,4270,,,,,,,,,,false,
4271,23,"311010004","10 WEST OF R R NO 946",,,,A,BALLARD ESTATE , , ,6.13,,Mahesh Mohite,2020-03-03 16:20:30.300,A,,true,false,,,,,58,11,,,,0,true,,,,,,97,WALCHAN HIRAACHAND MARG,SPROTT ROAD,GRAND HOTEL RR NO. 946,HINDUSTAN BHAVAN ,400001,1,"31101130",false,,,false,false,4271,,,,,,,,,,false,
4272,21,"310010011","1087 CORNER OF THANA ST.&ARGYL",,,,B,ELPHINSTON (WEST),"110",PRINCESS DOCK,963.22,,Mahesh Mohite,2020-03-03 16:20:30.300,A,,true,false,,,,,58,10,,,,0,true,,,,,,97,RR NO. 1086,N A N D L A L J A N I R O A D.,THANA STREET,FP 36,400009,2,"31001202",false,,,false,false,4272,,,,,,,,,,false,
4275,21,"310010012","110 (OLD Y T)",,,,B,ELPHINSTON (WEST),"131",PRINCESS DOCK,782.62,,Mahesh Mohite,2020-03-03 16:20:30.300,A,,true,false,,,,,58,10,,,,0,true,,,,,,97,Y.T 87,FP. 38 B,MASJID SIDING ROAD,KURLA STREET,400009,2,"31001207",false,,,false,false,4275,,,,,,,,,,false,
4276,19,"309010013","110-A",,,,B,ELPHINSTON (EAST),"1",PRINCESS DOCK,38.65,,Mahesh Mohite,2020-03-03 16:20:30.300,A,,true,false,,,,,58,9,,,,0,true,,,,,,97,P.T PASSAGE,P.T PASSAGE,PLOT NO. 110,MALET ROAD,400009,2,"30901347",false,,,false,false,4276,,,,,,,,,,false,
4277,21,"310010013","112-C",,,,B,ELPHINSTON (WEST),"1/148",PRINCESS DOCK,193.09,,Mahesh Mohite,2020-03-03 16:20:30.300,A,,true,false,,,,,58,10,,,,0,true,,,,,,97,FP-112B,RAILWAY,CLIVE 3ND CROSS STREET,CLIVE 2ND CROSS STREET,400009,2,"31001637",false,,,false,false,4277,,,,,,,,,,false,
4278,21,"310010014","115 & 116",,,,B,ELPHINSTON (WEST),"152",PRINCESS DOCK,472.13,,Mahesh Mohite,2020-03-03 16:20:30.300,A,,true,false,,,,,58,10,,,,0,true,,,,,,97,FP-114,FP-116,CLIVE 4TH CROSS STREET,CLIVE 3RD CROSS STREET,400009,2,"31001505",false,,,false,false,4278,,,,,,,,,,false,
4675,19,"309010075",R R 1699,,,,B,ELPHINSTON (EAST),"43849",PRINCESS DOCK,435.34,,Mahesh Mohite,2020-03-03 16:20:30.300,A,,true,false,,,,,58,9,,,,0,true,,,,,,97,MANSION ROAD,P.T ROAD,RR NO. 1627,RR NO. 1616,400009,2,"30901201",true,,,false,false,4675,,,,,,,,,,false,
4281,23,"311010007","12 & 13 BEARING R R NO 935",,,,A,BALLARD ESTATE ,"12/1187",FORT,966.09,,Mahesh Mohite,2020-03-03 16:20:30.300,A,,true,false,,,,,58,11,,,,0,true,,,,,,97,P.T PASSAGE,P.T PASSAGE,NAROTTAM MORARJI MARG,P.T PASSAGE,400001,1,"31101113",false,,,false,false,4281,,,,,,,,,,false,
4283,21,"310010015","121 (OLD YT)",,,,B,ELPHINSTON (WEST),"161",PRINCESS DOCK,1898.89,,Mahesh Mohite,2020-03-03 16:20:30.300,A,,true,false,,,,,58,10,,,,0,true,,,,,,97,FP -125,CLIVE ROAD,KALYAN STREET,THANA STREET,400009,2,"31001512",false,,,false,false,4283,,,,,,,,,,false,
4289,21,"310010016","128-C",,,,B,ELPHINSTON (WEST),"1/168",PRINCESS DOCK,432.28,,Mahesh Mohite,2020-03-03 16:20:30.300,A,,true,false,,,,,58,10,,,,0,true,,,,,,97,PRABHUDAYAL AGRAWAL & ORS,FP-128D,POONA STREET,J.P THAKKAR O.P-160A,400009,2,"31001520",false,,,false,false,4289,,,,,,,,,,false,
4290,21,"310010017","13 A SHOLAPUR ST",,,,B,ELPHINSTON (WEST),"28",PRINCESS DOCK,638.25,,Mahesh Mohite,2020-03-03 16:20:30.300,A,,true,false,,,,,58,10,,,,0,true,,,,,,97,F.E 27B,F.E 29 & CHEMITEX PVT LTD,SHOLAUR STREET,POONA STREET,400009,2,"31001136",false,,,false,false,4290,,,,,,,,,,false,
4291,21,"310010018","13 POONA ST",,,,B,ELPHINSTON (WEST),"123",PRINCESS DOCK,423.64,,Mahesh Mohite,2020-03-03 16:20:30.300,A,,true,false,,,,,58,10,,,,0,true,,,,,,97,HANDED TO B.M.C.,FP. 26-A,M.T -13,POONA STREET,400009,2,"31001134",false,,,false,false,4291,,,,,,,,,,false,
4292,21,"310010019","13 POONA ST (NOURTH)",,,,B,ELPHINSTON (WEST),FP No.26,PRINCESS DOCK,106.56,,Mahesh Mohite,2020-03-03 16:20:30.300,A,,true,false,,,,,58,10,,,,0,true,,,,,,97,FP. 26-A,FP. 28-B,M.T -13,POONA STREET,400009,2,"31001135",false,,,false,false,4292,,,,,,,,,,false,
4342,23,"311010030","31 BEARING  RR NO 938",,,,A,BALLARD ESTATE ,"31/1187",FORT,872.64,,Mahesh Mohite,2020-03-03 16:20:30.300,A,,true,false,,,,,58,11,,,,0,true,,,,,,97,SPROTT ROAD,P.T PASSAGE,J.N HIRADIA ROAD,WILSON ROAD,400001,1,"31101143",false,,,false,false,4342,,,,,,,,,,false,
4293,21,"310010020","13 SHOLAPUR ST",,,,B,ELPHINSTON (WEST),"123",PRINCESS DOCK,311.69,,Mahesh Mohite,2020-03-03 16:20:30.300,A,,true,false,,,,,58,10,,,,0,true,,,,,,97,HANDED TO B.M.C.,FP-26B,SHOLAPUR STREET,MT-13,400009,2,"31001133",false,,,false,false,4293,,,,,,,,,,false,
4294,21,"310010021","1362 P D MELLO RD",,,,B,ELPHINSTON (WEST),FP No.21,PRINCESS DOCK,446.58,,Mahesh Mohite,2020-03-03 16:20:30.300,A,,true,false,,,,,58,10,,,,0,true,,,,,,97,P.D. MELLO ROAD,F.E. 22 & MATERNITY HOME,RR NO. 1083 & RR NO. 1082,F.E. 22,400009,2,"31001129",false,,,false,false,4294,,,,,,,,,,false,
4295,23,"311010008","14 BEARING R R NO 906",,,,A,BALLARD ESTATE ,"14/1187",FORT,559.74,,Mahesh Mohite,2020-03-03 16:20:30.300,A,,true,false,,,,,58,11,,,,0,true,,,,,,97,P.T. PASSAGE,P.T. PASSAGE,J.N. HERADIA,NAROTTAM MORARJI MARG,400001,1,"31101115",false,,,false,false,4295,,,,,,,,,,false,
4296,21,"310010022","143 A (OLD RR 487)",,,,B,ELPHINSTON (WEST),"146",PRINCESS DOCK,89.19,,Mahesh Mohite,2020-03-03 16:20:30.300,A,,true,false,,,,,58,10,,,,0,true,,,,,,97,RR NO. 1327,MT-110,CLIVE 2ND CROSS STREET.,CLIVE 1ST CROSS STREET.,400009,2,"31001445",false,,,false,false,4296,,,,,,,,,,false,
4301,23,"311010010","16 BEARING R R NO 953",,,,A,BALLARD ESTATE ,"16/1187",FORT,957.38,,Mahesh Mohite,2020-03-03 16:20:30.300,A,,true,false,,,,,58,11,,,,0,true,,,,,,97,P.T. PASSAGE, SOROTT ROAD,P.T. PASSAGE,NAROTTAM MORARJI MARG,400001,1,"31101117",false,,,false,false,4301,,,,,,,,,,false,
4303,21,"310010027","167 (OLD Y.T)",,,,B,ELPHINSTON (WEST),"172",PRINCESS DOCK,904.88,,Mahesh Mohite,2020-03-03 16:20:30.300,A,,true,false,,,,,58,10,,,,0,true,,,,,,97,NANDLAL JANI ROAD,AMIN & SONS MT-162 ,SHOLAPUR STREET,POONA STREET,400009,2,"31001521",false,,,false,false,4303,,,,,,,,,,false,
4304,19,"309010016","1698 & 1708 & 1714",,,,B,ELPHINSTON (EAST),"195",PRINCESS DOCK,16464.28,,Mahesh Mohite,2020-03-03 16:20:30.300,A,,true,false,,,,,58,9,,,,0,true,,,,,,97,P.T PASSAGE,P.T PASSAGE,LEASED TO BHARAT PETROLEUM CORPTN.,P.T PASSAGE,400009,2,"30901414",false,,,false,false,4304,,,,,,,,,,false,
4305,23,"311010011","17 BEARING R R NO 874",,,,A,BALLARD ESTATE ,"17/1187",FORT,520.26,,Mahesh Mohite,2020-03-03 16:20:30.300,A,,true,false,,,,,58,11,,,,0,true,,,,,,97,M.S.E.B, SOROTT ROAD,P.T PASSAGE,P.T PASSAGE,400001,1,"31101118",false,,,false,false,4305,,,,,,,,,,false,
4302,21,"310010026","161 SURAT STREET",,,,B,ELPHINSTON (WEST),"77",PRINCESS DOCK,371.61,,Mahesh Mohite,2020-03-03 16:20:30.300,A,,true,false,,,,,58,10,,,,0,true,,,,,,97,RR NO. 1496,OLD RR 1149,SURAT STREET,F.P 87B & 87C,400009,2,"31001426",false,,,false,false,4302,,,,,,,,,,true,
4288,19,"309010015","124 & 125",,,,B,ELPHINSTON (EAST),"1",PRINCESS DOCK,355.44,,Mahesh Mohite,2020-03-03 16:20:30.300,A,,true,false,,,,,58,9,,,,0,true,,,,,,97,CONTAINER SCANNING FOR OCT.,P.T ROAD,PLOT NO-126,PLOT NO-124,400009,2,"30901402",true,,,false,false,4288,,,,,,,,,,true,
4309,19,"309010017","1713 & 1705 & 1899",,,,B,ELPHINSTON (EAST),"43983",PRINCESS DOCK,29606.06,,Mahesh Mohite,2020-03-03 16:20:30.300,A,,true,false,,,,,58,9,,,,0,true,,,,,,97,P.T PASSAGE,P.T PASSAGE,BHARAT PETROLEUM CORPORATION LTD,P.T PASSAGE,400009,2,"30901413",false,,,false,false,4309,,,,,,,,,,false,
4311,21,"310010028","175 (OLD Y.T.)",,,,B,ELPHINSTON (WEST), , ,90.86,,Mahesh Mohite,2020-03-03 16:20:30.300,A,,true,false,,,,,58,10,,,,0,true,,,,,,97,TUKKARAM STREET,RR NO. 1163,FP-82 & FP-81A & FP-81E & FP-81C,MT-92,400009,2,"31001410",false,,,false,false,4311,,,,,,,,,,false,
4312,21,"310010029","176 (OLD Y.T.)",,,,B,ELPHINSTON (WEST),"177",PRINCESS DOCK,743.22,,Mahesh Mohite,2020-03-03 16:20:30.300,A,,true,false,,,,,58,10,,,,0,true,,,,,,97,NANDLAL JANI ROAD,MT-164,GODOWN NO.30 MBPT QRTS,SHOLAPUR STREET,400009,2,"31001534",false,,,false,false,4312,,,,,,,,,,false,
4313,23,"311010013","18 BEARING R R NO 898",,,,A,BALLARD ESTATE ,"18/1187",FORT,634.53,,Mahesh Mohite,2020-03-03 16:20:30.300,A,,true,false,,,,,58,11,,,,0,true,,,,,,97,P.T. PASSAGE,SPROTT ROAD,J.N HERADIA MARG,P.T. PASSAGE,400001,1,"31101119",false,,,false,false,4313,,,,,,,,,,false,
4315,23,"311010014","19 BEARING R R 928",,,,A,BALLARD ESTATE ,"19/1187",FORT,851.18,,Mahesh Mohite,2020-03-03 16:20:30.300,A,,true,false,,,,,58,11,,,,0,true,,,,,,97,"P.T, PASSAGE","P.T, PASSAGE","P.T, PASSAGE",J.N HERADIA MARG,400001,1,"31101120",false,,,false,false,4315,,,,,,,,,,false,
4317,23,"311010015","20 BEARING R R NO 1137",,,,A,BALLARD ESTATE ,"20/1187",FORT,966.00,,Mahesh Mohite,2020-03-03 16:20:30.300,A,,true,false,,,,,58,11,,,,0,true,,,,,,97,P.T. PASSAGE,P.T. PASSAGE,WALCHAND HIRACHAND MARG,J.N. HERADIA MARG,400001,1,"31101123",false,,,false,false,4317,,,,,,,,,,false,
4318,23,"311010016","20 WEST OF R R NO 946",,,,A,BALLARD ESTATE , , ,0.37,,Mahesh Mohite,2020-03-03 16:20:30.300,A,,true,false,,,,,58,11,,,,0,true,,,,,,97,P.T PASSAGE,P.T PASSAGE,GRAND HOTEL RR NO. 946,P.T PASSAGE,400001,1,"31101131",false,,,false,false,4318,,,,,,,,,,false,
4319,21,"310010030","2051 (F.P.14)",,,,B,ELPHINSTON (WEST),"14",PRINCESS DOCK,1040.14,,Mahesh Mohite,2020-03-03 16:20:30.300,A,,true,false,,,,,58,10,,,,0,true,,,,,,97,P.D. MELLO ROAD,RR NO. 745,F.E 13 & ACEC PVT. LTD,"20 MT F.C.I",400009,2,"31001118",false,,,false,false,4319,,,,,,,,,,false,
4320,23,"311010017","21 BEARING R R NO 921",,,,A,BALLARD ESTATE ,"21/1187",FORT,522.58,,Mahesh Mohite,2020-03-03 16:20:30.300,A,,true,false,,,,,58,11,,,,0,true,,,,,,97,P.T. PASSAGE,P.T. PASSAGE,P.T. PASSAGE,J.N. HERADIA MARG,400001,1,"31101124",false,,,false,false,4320,,,,,,,,,,false,
4321,23,"311010018","21 SOUTH OF RR 1431",,,,A,BALLARD ESTATE , , ,0.54,,Mahesh Mohite,2020-03-03 16:20:30.300,A,,true,false,,,,,58,11,,,,0,true,,,,,,97,P.T PASSAGE,P.T PASSAGE,WALCHAND HIRACHAND MARG,P.T PASSAGE,400001,1,"31101228",false,,,false,false,4321,,,,,,,,,,false,
4322,23,"311010019","22 BEARING R R NO 900",,,,A,BALLARD ESTATE ,"22/1187",FORT,658.40,,Mahesh Mohite,2020-03-03 16:20:30.300,A,,true,false,,,,,58,11,,,,0,true,,,,,,97,P.T. PASSAGE,P.T. PASSAGE,P.T. PASSAGE,J.N HERADIA MARG,400001,1,"31101125",false,,,false,false,4322,,,,,,,,,,false,
4323,26,"312020014","23 B",,,,A,SASSOON DOCK,"67",COLABA,4.18,,Mahesh Mohite,2020-03-03 16:20:30.300,A,mbpt_no,true,false, Date: 18-12-2019 User: mbpt_no <br>Remark: For sample<br> <br> Date: 18-12-2019 User: mbpt_hod <br>Remark: For sample<br>,,mbpt_hod,,58,12,mbpt_hod,,,0,true,,,,,,97,MBPT GODOWN MT. 162,MBPT GODOWN NO. 163,PLOT NO-163-A,P.T PASSAGE,400005,1,"31202136",false,,,false,false,4323,,,,,,,,,,false,
4324,23,"311010020","23 BEARING R R NO 951",,,,A,BALLARD ESTATE ,"23/1187",FORT,597.09,,Mahesh Mohite,2020-03-03 16:20:30.300,A,,true,false,,,,,58,11,,,,0,true,,,,,,97,P.T. PASSAGE,P.T. PASSAGE,P.T. PASSAGE,J.N HERADIA MARG,400001,1,"31101126",false,,,false,false,4324,,,,,,,,,,false,
4354,26,"312020027","36 B/B",,,,A,SASSOON DOCK,"67",COLABA,3.34,,Mahesh Mohite,2020-03-03 16:20:30.300,A,mbpt_no,true,false, Date: 18-12-2019 User: mbpt_no <br>Remark: For sample<br> <br> Date: 18-12-2019 User: mbpt_hod <br>Remark: For sample<br>,,mbpt_hod,,58,12,mbpt_hod,,,0,true,,,,,,97,P.T PASSAGE,PLOT NO-36-A,PLOT NO-36B-C,PLOT NO-36B-A,400005,1,"31202215",false,,,false,false,4354,,,,,,,,,,false,
4325,26,"312020015","23A",,OPEN PLOT,,A,SASSOON DOCK,"67",COLABA,29.08,,Mahesh Mohite,2020-03-03 16:20:30.300,A,mbpt_no,true,false," Date: 16-12-2019 User: mbpt_no <br>Remark: Enter Building, Mansion,Structure Name.<br> <br> Date: 18-12-2019 User: mbpt_no <br>Remark: For sample<br> <br> Date: 18-12-2019 User: mbpt_hod <br>Remark: For sample<br>",,mbpt_hod,,58,12,mbpt_hod,,,0,true,,,,,,97,PLOT NO-29-A,MBPT GODOWN NO. 163,DITECTORS OF FISHERIES OF GOVERNMENT OF MAHARASHTRA ,PLOT NO-163-A,400005,1,"31202138",false,,,false,false,4325,,,,,,,,,,false,
4326,23,"311010021","24 BEARING R R NO 920",,,,A,BALLARD ESTATE ,"24/1187",FORT,634.06,,Mahesh Mohite,2020-03-03 16:20:30.300,A,,true,false,,,,,58,11,,,,0,true,,,,,,97,RR NO. 2045,SHIVSAGAR RAMGULAM MARG,P.T. PASSAGE,P.T. PASSAGE,400001,1,"31101127",false,,,false,false,4326,,,,,,,,,,false,
4327,23,"311010022","25 BEARING R R NO 1923",,,,A,BALLARD ESTATE ,"25/1187",FORT,807.51,,Mahesh Mohite,2020-03-03 16:20:30.300,A,,true,false,,,,,58,11,,,,0,true,,,,,,97,P.T. PASSAGE,SHIVSAGAR RAMGULAM MARG,P.T. PASSAGE,P.T. PASSAGE,400001,1,"31101128",false,,,false,false,4327,,,,,,,,,,false,
4328,23,"311010023","25 EAST OF R R NO 942",,,,A,BALLARD ESTATE , , ,1.25,,Mahesh Mohite,2020-03-03 16:20:30.300,A,,true,false,,,,,58,11,,,,0,true,,,,,,97,P.T PASSAGE,WALCHAND HIRACHAND MARG,"28 SHANTI I.C.I.C.I","29 UDYOG BHAVAN",400001,1,"31101135",false,,,false,false,4328,,,,,,,,,,false,
4329,23,"311010024","26 BEARING R R NO 946",,,,A,BALLARD ESTATE ,"26/1187",FORT,969.26,,Mahesh Mohite,2020-03-03 16:20:30.300,A,,true,false,,,,,58,11,,,,0,true,,,,,,97,P.T. PASSAGE,SHIVSAGAR RAMGULAM MARG,WALCHAND HIRACHAND MARG,P.T. PASSAGE,400001,1,"31101129",false,,,false,false,4329,,,,,,,,,,false,
4330,23,"311010025","26 BEHIND R R NO 942 & 955",,,,A,BALLARD ESTATE , , ,29.75,,Mahesh Mohite,2020-03-03 16:20:30.300,A,,true,false,,,,,58,11,,,,0,true,,,,,,97,P.T PASSAGE,P.T PASSAGE,P.T PASSAGE,PLOT NO. 12,400001,1,"31101139",false,,,false,false,4330,,,,,,,,,,false,
4331,26,"312020016","26A",,,,A,SASSOON DOCK,"67",COLABA,65.31,,Mahesh Mohite,2020-03-03 16:20:30.300,A,mbpt_no,true,false, Date: 18-12-2019 User: mbpt_no <br>Remark: For sample<br> <br> Date: 18-12-2019 User: mbpt_hod <br>Remark: For sample<br>,,mbpt_hod,,58,12,mbpt_hod,,,0,true,,,,,,97,"160 QUARTERS",PLOT NO-26 & PLOT NO-26-B,P.T PASSAGE,P.T PASSAGE,400005,1,"31202145",false,,,false,false,4331,,,,,,,,,,false,
4333,26,"312020018","27 A",,OPEN PLOT,,A,SASSOON DOCK,"67",COLABA,109.16,,Mahesh Mohite,2020-03-03 16:20:30.300,A,mbpt_no,true,false, Date: 16-12-2019 User: mbpt_no <br>Remark: Schedule and Structure Name.<br> <br> Date: 18-12-2019 User: mbpt_no <br>Remark: For sample<br> <br> Date: 18-12-2019 User: mbpt_hod <br>Remark: For sample<br>,,mbpt_hod,,58,12,mbpt_hod,,,0,true,,,,,,97,P.T PASSAGE,GATE,"165-A UG TANK CE MBPT",P.T PASSAGE,400005,1,"31202119",false,,,false,false,4333,,,,,,,,,,false,
4335,23,"311010027","28 BEARING R R NO 942",,,,A,BALLARD ESTATE ,"28/1187",FORT,607.59,,Mahesh Mohite,2020-03-03 16:20:30.300,A,,true,false,,,,,58,11,,,,0,true,,,,,,97,WALCHAND HIRACHAND MARG,P.T PASSAGE,P.T PASSAGE,P.T PASSAGE,400001,1,"31101134",false,,,false,false,4335,,,,,,,,,,false,
4336,26,"312020019","29 AND 29A",,,,A,SASSOON DOCK,"67",COLABA,213.40,,Mahesh Mohite,2020-03-03 16:20:30.300,A,mbpt_no,true,false, Date: 18-12-2019 User: mbpt_no <br>Remark: For sample<br> <br> Date: 18-12-2019 User: mbpt_hod <br>Remark: For sample<br>,,mbpt_hod,,58,12,mbpt_hod,,,0,true,,,,,,97,PLOT NO-25,MBPT GODOWN MT-162 7 PLOT NO-29-A,DITECTORS OF FISHERIES OF GOVERNMENT OF MAHARASHTRA ,P.T PASSAGE,400005,1,"31202143",false,,,false,false,4336,,,,,,,,,,false,
4337,23,"311010028","29 BEARING R R NO 929",,,,A,BALLARD ESTATE ,"29/1187",FORT,708.20,,Mahesh Mohite,2020-03-03 16:20:30.300,A,,true,false,,,,,58,11,,,,0,true,,,,,,97,WALCHAND HIRACHAND MARG,P.T PASSAGE,P.T PASSAGE,P.T PASSAGE,400001,1,"31101140",false,,,false,false,4337,,,,,,,,,,false,
4339,23,"311010029","30 GEARING RR NO 1105",,,,A,BALLARD ESTATE ,"30/1187",FORT,652.09,,Mahesh Mohite,2020-03-03 16:20:30.300,A,,true,false,,,,,58,11,,,,0,true,,,,,,97,WALCHAND HIRACHAND MARG,P.T PASSAGE,P.T PASSAGE,P.T PASSAGE,400001,1,"31101142",false,,,false,false,4339,,,,,,,,,,false,
4341,26,"312020020","31 B",,,,A,SASSOON DOCK,"67",COLABA,45.24,,Mahesh Mohite,2020-03-03 16:20:30.300,A,mbpt_no,true,false, Date: 18-12-2019 User: mbpt_no <br>Remark: For sample<br> <br> Date: 18-12-2019 User: mbpt_hod <br>Remark: For sample<br>,,mbpt_hod,,58,12,mbpt_hod,,,0,true,,,,,,97,SLIP-WAY,P.T PASSAGE,P.T ROAD,PLOT NO-32B,400005,1,"31202201",true,,,false,false,4341,,,,,,,,,,false,
4343,26,"312020021","31 & 31A",,,,A,SASSOON DOCK,"67",COLABA,103.30,,Mahesh Mohite,2020-03-03 16:20:30.300,A,mbpt_no,true,false, Date: 21-12-2019 User: mbpt_no <br>Remark: For sample<br> <br> Date: 21-12-2019 User: mbpt_hod <br>Remark: For sample<br>,,mbpt_hod,,58,12,mbpt_hod,,,0,true,,,,,,97,PLOT NO-31A,"15.25 M ROAD",LEASED TO EXPRESS NEWS PAPER,MT-32 & 32A,400005,1,"31202225",false,,,false,false,4343,,,,,,,,,,false,
4344,26,"312020022","32 & 32A",,,,A,SASSOON DOCK,"67",COLABA,98.01,,Mahesh Mohite,2020-03-03 16:20:30.300,A,mbpt_no,true,false, Date: 21-12-2019 User: mbpt_no <br>Remark: For sample<br> <br> Date: 21-12-2019 User: mbpt_hod <br>Remark: For sample<br>,,mbpt_hod,,58,12,mbpt_hod,,,0,true,,,,,,97,P.T PASSAGE,"15.25 M ROAD","33-MT & 33-A MT","31-FML",400005,1,"31202224",false,,,false,false,4344,,,,,,,,,,false,
4345,26,"312020023","32 B",,,,A,SASSOON DOCK,"67",COLABA,25.08,,Mahesh Mohite,2020-03-03 16:20:30.300,A,mbpt_no,true,false, Date: 18-12-2019 User: mbpt_no <br>Remark: For sample<br> <br> Date: 18-12-2019 User: mbpt_hod <br>Remark: For sample<br>,,mbpt_hod,,58,12,mbpt_hod,,,0,true,,,,,,97,P.T PASSAGE,P.T PASSAGE,PLOT NO-31B ,PLOT NO-32B,400005,1,"31202202",false,,,false,false,4345,,,,,,,,,,false,
4347,26,"312020024","33 B",,,,A,SASSOON DOCK,"67",COLABA,24.15,,Mahesh Mohite,2020-03-03 16:20:30.300,A,mbpt_no,true,false, Date: 18-12-2019 User: mbpt_no <br>Remark: For sample<br> <br> Date: 18-12-2019 User: mbpt_hod <br>Remark: For sample<br>,,mbpt_hod,,58,12,mbpt_hod,,,0,true,,,,,,97,P.T PASSAGE,P.T PASSAGE,PLOT NO-32B,PLOT NO-36-D1,400005,1,"31202203",false,,,false,false,4347,,,,,,,,,,false,
4348,23,"311010031","33 BEARING RR 925",,,,A,BALLARD ESTATE ,"33/1187",FORT,872.64,,Mahesh Mohite,2020-03-03 16:20:30.300,A,,true,false,,,,,58,11,,,,0,true,,,,,,97,P.T PASSAGE,NICOL ROAD,J.N HIRADIA ROAD,WILSON ROAD,400001,1,"31101213",false,,,false,false,4348,,,,,,,,,,false,
4349,26,"312020025","33 & 33A",,,,A,SASSOON DOCK,"67",COLABA,105.35,,Mahesh Mohite,2020-03-03 16:20:30.300,A,mbpt_no,true,false, Date: 20-12-2019 User: mbpt_no <br>Remark: For sample<br> <br> Date: 20-12-2019 User: mbpt_hod <br>Remark: For sample<br>,,mbpt_hod,,58,12,mbpt_hod,,,0,true,,,,,,97,MT-33A,"15.25M ROAD",MT-32& 32A,PLOT NO-34,400005,1,"31202223",false,,,false,false,4349,,,,,,,,,,false,
4351,23,"311010032","34 BEARING RR 959",,,,A,BALLARD ESTATE ,"34/1187",FORT,589.00,,Mahesh Mohite,2020-03-03 16:20:30.300,A,,true,false,,,,,58,11,,,,0,true,,,,,,97,P.T PASSAGE,P.T PASSAGE,J.N HERADIA ROAD,"32, IMPERIAL CHAMBERS P.T BUILDING",400001,1,"31101214",false,,,false,false,4351,,,,,,,,,,false,
4352,26,"312020026","34 & 34A",,,,A,SASSOON DOCK,"67",COLABA,123.93,,Mahesh Mohite,2020-03-03 16:20:30.300,A,mbpt_no,true,false," Date: 20-12-2019 User: mbpt_no <br>Remark: For sample
<br> <br> Date: 20-12-2019 User: mbpt_no <br>Remark: For sample
<br> <br> Date: 20-12-2019 User: mbpt_hod <br>Remark: For sample
<br> <br> Date: 20-12-2019 User: mbpt_no <br>Remark: For sample
<br> <br> Date: 20-12-2019 User: mbpt_hod <br>Remark: For sample<br>",,mbpt_hod,,58,12,mbpt_hod,,,0,true,,,,,,97,MT-34A,"15.25M ROAD",MT-33,MT-36A,400005,1,"31202222",false,,,false,false,4352,,,,,,,,,,false,
4353,23,"311010033","35 BEARING RR 1125",,,,A,BALLARD ESTATE ,"35/1187",FORT,612.23,,Mahesh Mohite,2020-03-03 16:20:30.300,A,,true,false,,,,,58,11,,,,0,true,,,,,,97,RAMGULAM MARG,P.T. PASSAGE,CURRIMBHOY ROAD,P.T PASSAGE,400001,1,"31101216",false,,,false,false,4353,,,,,,,,,,false,
4529,19,"309010033",OLD R R 1716,,,,B,ELPHINSTON (EAST),"43860",PRINCESS DOCK,163.04,,Mahesh Mohite,2020-03-03 16:20:30.300,A,,true,false,,,,,58,9,,,,0,true,,,,,,97,P.T PASSAGE,MANSION ROAD,RR NO. 1610,RR NO. 1597,400009,2,"30901214",false,,,false,false,4529,,,,,,,,,,false,
4355,26,"312020028","36 B/D",,,,A,SASSOON DOCK,"67",COLABA,2.23,,Mahesh Mohite,2020-03-03 16:20:30.300,A,mbpt_no,true,false, Date: 18-12-2019 User: mbpt_no <br>Remark: For sample<br> <br> Date: 18-12-2019 User: mbpt_hod <br>Remark: For sample<br>,,mbpt_hod,,58,12,mbpt_hod,,,0,true,,,,,,97,P.T PASSAGE,PLOT NO-36-A,PLOT NO-36B-e,PLOT NO-36B-c,400005,1,"31202217",false,,,false,false,4355,,,,,,,,,,false,
4356,26,"312020029","36 B/E",,,,A,SASSOON DOCK,"67",COLABA,2.23,,Mahesh Mohite,2020-03-03 16:20:30.300,A,mbpt_no,true,false, Date: 18-12-2019 User: mbpt_no <br>Remark: For sample<br> <br> Date: 18-12-2019 User: mbpt_hod <br>Remark: For sample<br>,,mbpt_hod,,58,12,mbpt_hod,,,0,true,,,,,,97,P.T PASSAGE,PLOT NO-36-A,PLOT NO-34A MT,PLOT NO-36B-D,400005,1,"31202218",false,,,false,false,4356,,,,,,,,,,false,
4357,23,"311010034","36 BEARING RR 930",,,,A,BALLARD ESTATE ,"36/1187",FORT,612.23,,Mahesh Mohite,2020-03-03 16:20:30.300,A,,true,false,,,,,58,11,,,,0,true,,,,,,97,RAMGULAM MARG,P.T PASSAGE,P.T PASSAGE,J.N. HERADIA MARG,400001,1,"31101217",false,,,false,false,4357,,,,,,,,,,false,
4424,21,"310010066",F P NO 49,,,,B,ELPHINSTON (WEST),FP No.49,PRINCESS DOCK,1520.08,,Mahesh Mohite,2020-03-03 16:20:30.300,A,,true,false,,,,,58,10,,,,0,true,,,,,,97,P.D MELLO ROAD,F.P 52B & 52C S.M SHAH,RR NO. 1289,BOMBAY SUGAR MARKET,400009,2,"31001213",false,,,false,false,4424,,,,,,,,,,false,
4429,21,"310010071",F P NO 78,,,,B,ELPHINSTON (WEST),"22",PRINCESS DOCK,338.15,,Mahesh Mohite,2020-03-03 16:20:30.300,A,,true,false,,,,,58,10,,,,0,true,,,,,,97,SANT TUKARAM ROAD,"88 MT",TRUSTEE LAND,F.P 77 ,400009,2,"31001405",false,,,false,false,4429,,,,,,,,,,false,
4360,26,"312020032","36 C-1",,,,A,SASSOON DOCK,"67",COLABA,2.23,,Mahesh Mohite,2020-03-03 16:20:30.300,A,mbpt_no,true,false, Date: 18-12-2019 User: mbpt_no <br>Remark: For sample<br> <br> Date: 18-12-2019 User: mbpt_hod <br>Remark: For sample<br>,,mbpt_hod,,58,12,mbpt_hod,,,0,true,,,,,,97,P.T PASSAGE,P.T PASSAGE,PLOT NO-36C-b,DOCK TENANCY,400005,1,"31202207",false,,,false,false,4360,,,,,,,,,,false,
4361,26,"312020033","36 D-1",,,,A,SASSOON DOCK,"67",COLABA,24.15,,Mahesh Mohite,2020-03-03 16:20:30.300,A,mbpt_no,true,false, Date: 18-12-2019 User: mbpt_no <br>Remark: For sample<br> <br> Date: 18-12-2019 User: mbpt_hod <br>Remark: For sample<br>,,mbpt_hod,,58,12,mbpt_hod,,,0,true,,,,,,97,P.T PASSAGE,P.T PASSAGE,PLOT NO-33B,PLOT NO-36D,400005,1,"31202204",false,,,false,false,4361,,,,,,,,,,false,
4362,26,"312020034","36-A",,,,A,SASSOON DOCK,"67",COLABA,29.64,,Mahesh Mohite,2020-03-03 16:20:30.300,A,mbpt_no,true,false, Date: 17-12-2019 User: mbpt_no <br>Remark: duplicate entry to be deleted<br>,,,,58,12,mbpt_no,,,0,true,,,,,,97,PLOT NO-36B-a & PLOT NO-36B-b & PLOT NO-36B-c PLOT NO-36B-d & PLOT NO-36B-e,PLOT NO-35 & PLOT NO-36,PLOT NO-34,P.T PASSAGE,400005,1,"31202219",false,,,false,false,4362,,,,,,,,,,false,
4363,26,"312020035","38 A",,,,A,SASSOON DOCK,"67",COLABA,74.51,,Mahesh Mohite,2020-03-03 16:20:30.300,A,mbpt_no,true,false, Date: 18-12-2019 User: mbpt_no <br>Remark: For sample<br> <br> Date: 18-12-2019 User: mbpt_hod <br>Remark: For sample<br>,,mbpt_hod,,58,12,mbpt_hod,,,0,true,,,,,,97,GARDEN,P.T ROAD,"174-MBPT QUARTERS.",SITE-II,400005,1,"31202149",false,,,false,false,4363,,,,,,,,,,false,
4365,23,"311010036","39 BEARING RR 948",,,,A,BALLARD ESTATE ,"39/1187",FORT,846.53,,Mahesh Mohite,2020-03-03 16:20:30.300,A,,true,false,,,,,58,11,,,,0,true,,,,,,97,P.T. PASSAGE,P.T. PASSAGE,CURRIMBHOY ROAD,P.T. PASSAGE,400001,1,"31101220",false,,,false,false,4365,,,,,,,,,,false,
4366,23,"311010037","4 BEARING R R NO 1423",,,,A,BALLARD ESTATE ,"4/1187",FORT,1122.55,,Mahesh Mohite,2020-03-03 16:20:30.300,A,,true,false,,,,,58,11,,,,0,true,,,,,,97,WALCHAND HIRACHAND MARG,J.N HERADIA MARG,P.T PASSAGE,P.T PASSAGE,400001,1,"31101105",false,,,false,false,4366,,,,,,,,,,false,
4367,21,"310010031","4 RAICHUR STREET",,,,B,ELPHINSTON (WEST),"180",PRINCESS DOCK,113.34,,Mahesh Mohite,2020-03-03 16:20:30.300,A,,true,false,,,,,58,10,,,,0,true,,,,,,97,D.M THAKKAR FP- 5B,FP-6 & Y.T-230,"4 (FML)",RAICHUR STREET,400009,2,"31001105",false,,,false,false,4367,,,,,,,,,,false,
4368,21,"310010032","4 SOUTH ELPHISTON BRIDGE",,,,B,ELPHINSTON (WEST),"180",PRINCESS DOCK,222.97,,Mahesh Mohite,2020-03-03 16:20:30.300,A,,true,false,,,,,58,10,,,,0,true,,,,,,97,FP-5A & MT-4,"4 (FML)",FP-1 GOVERNMENT LAND,D.M THAKKAR & FP-5B,400009,2,"31001103",false,,,false,false,4368,,,,,,,,,,false,
4369,21,"310010033","4 SOUTH OF ELPHISTON BRIDGE",,,,B,ELPHINSTON (WEST),"180",PRINCESS DOCK,229.94,,Mahesh Mohite,2020-03-03 16:20:30.300,A,,true,false,,,,,58,10,,,,0,true,,,,,,97,MUSAFARKHANA PRIVATE LAND,MT-4,FP-1 GOVERNMENT LAND,D.M THAKKAR & FP-5B,400009,2,"31001102",false,,,false,false,4369,,,,,,,,,,false,
4370,23,"311010038","40 BEARING RR 950",,,,A,BALLARD ESTATE ,"40/1187",FORT,967.40,,Mahesh Mohite,2020-03-03 16:20:30.300,A,,true,false,,,,,58,11,,,,0,true,,,,,,97,P.T PASSAGE,P.T PASSAGE,P.T PASSAGE,CURRIMBHOY ROAD,400001,1,"31101222",false,,,false,false,4370,,,,,,,,,,false,
4371,23,"311010039","42 RR 1863",,,,A,BALLARD ESTATE ,"42/1187",FORT,1057.23,,Mahesh Mohite,2020-03-03 16:20:30.300,A,,true,false,,,,,58,11,,,,0,true,,,,,,97,P.T PASSAGE,RAMJIBHAI,WALCHAND HIRACHAND MARG,P.T PASSAGE,400001,1,"31101226",false,,,false,false,4371,,,,,,,,,,false,
4372,19,"309010018","43 AT MANSON RD JUNCTION PLOT",,,,B,ELPHINSTON (EAST),"43851",PRINCESS DOCK,48.77,,Mahesh Mohite,2020-03-03 16:20:30.300,A,,true,false,,,,,58,9,,,,0,true,,,,,,97,P.T PASSAGE,P.D MELLO ROAD,P.T ROAD,RR NO. 1627,400009,2,"30901203",false,,,false,false,4372,,,,,,,,,,false,
4373,23,"311010040","43 RR 1431",,,,A,BALLARD ESTATE ,"43B/1187",FORT,806.86,,Mahesh Mohite,2020-03-03 16:20:30.300,A,,true,false,,,,,58,11,,,,0,true,,,,,,97,WALCHAND HIRACHAND MARG,NICOL ROAD,BHARAT PETROLEUM,P.T PASSAGE,400001,1,"31101227",false,,,false,false,4373,,,,,,,,,,false,
4374,23,"311010041","44 48 RR 1402",,,,A,BALLARD ESTATE ,"44/1187_45/1187",FORT,1948.74,,Mahesh Mohite,2020-03-03 16:20:30.300,A,,true,false,,,,,58,11,,,,0,true,,,,,,97,SHIVSAGAR RAMGULAM MARG,P.T PASSAGE,WALCHAND HIRACHAND MARG,P.T PASSAGE,400001,1,"31101230",false,,,false,false,4374,,,,,,,,,,false,
4375,23,"311010042","46 RR 1770",,,,A,BALLARD ESTATE ,"46/1187",FORT,890.94,,Mahesh Mohite,2020-03-03 16:20:30.300,A,,true,false,,,,,58,11,,,,0,true,,,,,,97,SHIVSAGAR RAMGULAM MARG,P.T. PASSAGE,P.T. PASSAGE,CURRIMBHOY ROAD,400001,1,"31101233",false,,,false,false,4375,,,,,,,,,,false,
4377,23,"311010043","5 BEARING R R NO 912",,,,A,BALLARD ESTATE ,"5/1187",FORT,455.50,,Mahesh Mohite,2020-03-03 16:20:30.300,A,,true,false,,,,,58,11,,,,0,true,,,,,,97,BANK OF BARODA RR NO. 878,J.N HERADIA MARG,P.T PASSAGE,P.T PASSAGE,400001,1,"31101106",false,,,false,false,4377,,,,,,,,,,false,
4378,21,"310010034","6 BET'N SOLAPUR ST.&RAICHUR ST",,,,B,ELPHINSTON (WEST),FP No.7,PRINCESS DOCK,476.97,,Mahesh Mohite,2020-03-03 16:20:30.300,A,,true,false,,,,,58,10,,,,0,true,,,,,,97,FP-07,PRESIDENT OF INDIA (COMMISSIONER OF POLICE),RAICHUR STREET,SHOLAPUR STREET,400009,2,"31001109",false,,,false,false,4378,,,,,,,,,,false,
4379,21,"310010035","62 AGRYLE RD",,,,B,ELPHINSTON (WEST),"44",PRINCESS DOCK,359.44,,Mahesh Mohite,2020-03-03 16:20:30.300,A,,true,false,,,,,58,10,,,,0,true,,,,,,97,MT-62,TUKKARAM ROAD,MT-60,RR NO.1458,400009,2,"31001236",false,,,false,false,4379,,,,,,,,,,false,
4380,21,"310010036","62 BARODA ST",,,,B,ELPHINSTON (WEST),"42",PRINCESS DOCK,198.81,,Mahesh Mohite,2020-03-03 16:20:30.300,A,,true,false,,,,,58,10,,,,0,true,,,,,,97,MT-62-3,RR NO. 1458 & J.N GHANDHI. MT,OLD RR NO. 1167,BARODA STREET,400009,2,"31001235",false,,,false,false,4380,,,,,,,,,,false,
4381,21,"310010037","62/2 BARODA ST",,,,B,ELPHINSTON (WEST),"42",PRINCESS DOCK,467.30,,Mahesh Mohite,2020-03-03 16:20:30.300,A,,true,false,,,,,58,10,,,,0,true,,,,,,97,FP-59B,MT-62-2,OLD RR NO. 1167,OLD RR NO. 1146,400009,2,"31001232",false,,,false,false,4381,,,,,,,,,,false,
4382,24,"311020019","7 AT MANGALORE STREET",,,,A,MODY BAY,"1115",FORT,256.69,,Mahesh Mohite,2020-03-03 16:20:30.300,A,,true,false,,,,,58,11,,,,0,true,,,,,,97,MUNCIPAL PRIMARY SCHOOL,R.R.1925,ADI MARZBON PATH (MANGLORE STREET),Mb.PT.GWSD CHOWKEY,400001,1,"31102226",false,,,false,false,4382,,,,,,,,,,false,
4383,23,"311010044","7 BEARING R R NO 924",,,,A,BALLARD ESTATE ,"7/1187",FORT,530.10,,Mahesh Mohite,2020-03-03 16:20:30.300,A,,true,false,,,,,58,11,,,,0,true,,,,,,97,J.N. HERADIA MARG ,P.T. PASSAGE,NARROTAM MORARAJI MARG,P.T PASSAGE,400001,1,"31101108",false,,,false,false,4383,,,,,,,,,,false,
4384,21,"310010038","73 CARNAC SIDING ROAD",,,,B,ELPHINSTON (WEST), , ,10.50,,Mahesh Mohite,2020-03-03 16:20:30.300,A,,true,false,,,,,58,10,,,,0,true,,,,,,97,Y.T-200,Y.T 136,FP-67C,CARNAC BUNDER SIDING ROAD BABURAO BOBADE MARG,400009,2,"31001315",false,,,false,false,4384,,,,,,,,,,false,
4385,21,"310010039","73 CARNAC SIDNY RD FRON JETHA",,,,B,ELPHINSTON (WEST), , ,20.07,,Mahesh Mohite,2020-03-03 16:20:30.300,A,,true,false,,,,,58,10,,,,0,true,,,,,,97,Y.T-200,Y.T 136,FP-67C,CARNAC BUNDER SIDING ROAD BABURAO BOBADE MARG,400009,2,"31001316",false,,,false,false,4385,,,,,,,,,,false,
4470,19,"309010021",JUN'ON OF M.P.ROAD,,,,B,ELPHINSTON (EAST),"1",PRINCESS DOCK,13.38,,Mahesh Mohite,2020-03-03 16:20:30.300,A,,true,false,,,,,58,9,,,,0,true,,,,,,97,P.T PASSAGE,P.T PASSAGE,MALLET ROAD,ROAD TO FERRY,400009,2,"30901348",false,,,false,false,4470,,,,,,,,,,false,
4387,21,"310010041","78 ARGYLE RD.",,,,B,ELPHINSTON (WEST),FP No.71,PRINCESS DOCK,294.41,,Mahesh Mohite,2020-03-03 16:20:30.300,A,,true,false,,,,,58,10,,,,0,true,,,,,,97,SANT TUKKARAM ROAD,CENTRAL RAILWAY,MT-41,Y.T-134,400009,2,"31001341",false,,,false,false,4387,,,,,,,,,,false,
4407,29,"312050002",BEST SUBSTN.AT ORNAMENT GARDEN,,,,A,APPOLO RECLAMATION ,"385",COLABA,40.00,,Mahesh Mohite,2020-03-03 16:20:30.300,A,mbpt_no,true,false, Date: 20-12-2019 User: mbpt_no <br>Remark: For sample<br> <br> Date: 20-12-2019 User: mbpt_hod <br>Remark: For sample<br>,,mbpt_hod,,58,12,mbpt_hod,,,0,true,,,,,,97,MEREWETHER ROAD,RR NO. 1073 & RR NO. 1120 & RR NO. 1119 & RR NO. 1141,WALTON ROAD,GARDEN ROAD,400001,1,"31205319",false,,,false,false,4407,,,,,,,,,,false,
4408,24,"311020021",BETWEEN RR 1894 &1811,,,,A,MODY BAY,"65/1187",FORT,15.89,,Mahesh Mohite,2020-03-03 16:20:30.300,A,,true,false,,,,,58,11,,,,0,true,,,,,,97,RR NO. 1894,RR NO. 1452,INDIRA DOCK,WALCHAND HIRACHAND MARG,400001,1,"31102117",false,,,false,false,4408,,,,,,,,,,false,
4410,26,"312020036",COMPT A & B & C,,,,A,SASSOON DOCK,"67",COLABA,773.54,,Mahesh Mohite,2020-03-03 16:20:30.300,A,mbpt_no,true,false, Date: 27-12-2019 User: mbpt_no <br>Remark: For sample<br> <br> Date: 27-12-2019 User: mbpt_hod <br>Remark: For sample<br>,,mbpt_hod,,58,12,mbpt_hod,,,0,true,,,,,,97,P.T. PASSAGE,P.T. PASSAGE,WESTERN PORTION MT ,MT 19-A,400005,1,"31202113, 31202117 ",false,,,false,false,4410,,,,,,,,,,false,
4411,29,"312050003",ELEC. SUBSTN AT EVELYN HOUSE,,,,A,APPOLO RECLAMATION ,"390",COLABA,40.00,,Mahesh Mohite,2020-03-03 16:20:30.300,A,mbpt_no,true,false, Date: 18-12-2019 User: mbpt_no <br>Remark: For sample<br> <br> Date: 18-12-2019 User: mbpt_hod <br>Remark: For sample<br>,,mbpt_hod,,58,12,mbpt_hod,,,0,true,,,,,,97,P.J RAMCHANDANI MARG,RR NO. 1216,HENRY ROAD,RR NO. 1181,400001,1,"31205320",false,,,false,false,4411,,,,,,,,,,false,
4412,21,"310010054",F P 118,,,,B,ELPHINSTON (WEST),"1/162",PRINCESS DOCK,820.22,,Mahesh Mohite,2020-03-03 16:20:30.300,A,,true,false,,,,,58,10,,,,0,true,,,,,,97,  CLIVE ROAD,HANDED OVER TO B.M.C,RR NO. 1260,CLIVE 5TH X ST,400009,2,"31001507",false,,,false,false,4412,,,,,,,,,,false,
4413,21,"310010055",F P 128 B,,,,B,ELPHINSTON (WEST),"2/168",PRINCESS DOCK,937.11,,Mahesh Mohite,2020-03-03 16:20:30.300,A,,true,false,,,,,58,10,,,,0,true,,,,,,97,HIRJI LAKHAMIDAS & ANR O.P 159-B,PRABHUDAYA AGRARWAL & ORS O.O 159-C,POONA STREET,KALYAN STREET,400009,2,"31001519",false,,,false,false,4413,,,,,,,,,,false,
4414,21,"310010056",F P 128A,,,,B,ELPHINSTON (WEST),"171",PRINCESS DOCK,579.62,,Mahesh Mohite,2020-03-03 16:20:30.300,A,,true,false,,,,,58,10,,,,0,true,,,,,,97,JANI ROAD,F.P 128B,POONA STREET,KALYAN STREET,400009,2,"31001518",false,,,false,false,4414,,,,,,,,,,false,
4415,21,"310010057",F P 39 B,,,,B,ELPHINSTON (WEST),"131",PRINCESS DOCK,477.89,,Mahesh Mohite,2020-03-03 16:20:30.300,A,,true,false,,,,,58,10,,,,0,true,,,,,,97,F.P 39C,F.P 39A,F.P 38B,KURLA STREET,400009,2,"31001208",false,,,false,false,4415,,,,,,,,,,false,
4416,21,"310010058",F P 47,,,,B,ELPHINSTON (WEST),"54",PRINCESS DOCK,510.97,,Mahesh Mohite,2020-03-03 16:20:30.300,A,,true,false,,,,,58,10,,,,0,true,,,,,,97,P.D MELLO ROAD,WIST STEEL F.P 50,RR NO. 1041,RR NO. 1289,400009,2,"31001211",false,,,false,false,4416,,,,,,,,,,false,
4417,21,"310010059",F P 53 & 54-R R 2067,,,,B,ELPHINSTON (WEST),FP No.53-54,PRINCESS DOCK,3376.28,,Mahesh Mohite,2020-03-03 16:20:30.300,A,,true,false,,,,,58,10,,,,0,true,,,,,,97,P.D. MELLO ROAD,OLD RR NO. 1193,P.T. PASSAGE ,P.T. PASSAGE,400009,2,"31001220",false,,,false,false,4417,,,,,,,,,,false,
4418,21,"310010060",F P 66 B,,,,B,ELPHINSTON (WEST),FP No.66,PRINCESS DOCK,372.15,,Mahesh Mohite,2020-03-03 16:20:30.300,A,,true,false,,,,,58,10,,,,0,true,,,,,,97,RR NO. 1282,RR NO. 1172,BARODA STREET,F.P 64B LEASE &  F.P 64A ,400009,2,"31001249",false,,,false,false,4418,,,,,,,,,,false,
4419,21,"310010061",F P 67 E,,,,B,ELPHINSTON (WEST),FP No.67,PRINCESS DOCK,291.80,,Mahesh Mohite,2020-03-03 16:20:30.300,A,,true,false,,,,,58,10,,,,0,true,,,,,,97,F.P 67D,F.P 67F LEASE,Y.T 203,Y.T 23,400009,2,"31001321",false,,,false,false,4419,,,,,,,,,,false,
4422,21,"310010064",F P NO 132,,,,B,ELPHINSTON (WEST),"175",PRINCESS DOCK,1229.10,,Mahesh Mohite,2020-03-03 16:20:30.300,A,,true,false,,,,,58,10,,,,0,true,,,,,,97,F.P 135A,CLIVE ROAD,F.P 133 B ,SHOLAPUR STREET,400009,2,"31001529",false,,,false,false,4422,,,,,,,,,,false,
4423,21,"310010065","F P NO 15, SHOLAPUR STREET",,,,B,ELPHINSTON (WEST),"15",PRINCESS DOCK,337.50,,Mahesh Mohite,2020-03-03 16:20:30.300,A,,true,false,,,,,58,10,,,,0,true,,,,,,97,F.P 13 ACEC PVT LTD,B.M.C,SHOLAPUR STREET,RR NO. 745 & FML F.P 16,400009,2,"31001119",false,,,false,false,4423,,,,,,,,,,false,
4425,21,"310010067","F P NO 50, BROACH ST.",,,,B,ELPHINSTON (WEST),	F.P.NO.50 TPS-I,PRINCESS DOCK,419.27,,Mahesh Mohite,2020-03-03 16:20:30.300,A,no_dilip,true,false, Date: 28-11-2019 User: no_dilip <br>Remark: <br>,,,,58,10,no_dilip,,,0,true,,,,,,97,RR NO. 1041 & WESTERN INDIA ,OLD RR NO. 1577,BROACH STREET,F.P 52A RR NO. 1630,400009,2,"31001214",false,,,false,false,4425,,,,,,,,,,false,
4426,21,"310010068",F P NO 52-C,,,,B,ELPHINSTON (WEST),FP No.52,PRINCESS DOCK,750.19,,Mahesh Mohite,2020-03-03 16:20:30.300,A,,true,false,,,,,58,10,,,,0,true,,,,,,97,THE SCINDIA STEAM NAVIGATION CO. LTD,RR NO. 1214,F.P 52B,OLD RR NO 1336 MT F.P 52D,400009,2,"31001217",false,,,false,false,4426,,,,,,,,,,false,
4427,21,"310010069",F P NO 58 B,,,,B,ELPHINSTON (WEST),"47",PRINCESS DOCK,543.02,,Mahesh Mohite,2020-03-03 16:20:30.300,A,,true,false,,,,,58,10,,,,0,true,,,,,,97,OLD RR NO 1146 & S M SHAH,F.P 58A & MT,BROACH STREET,F.P 59A,400009,2,"31001226",false,,,false,false,4427,,,,,,,,,,false,
4428,21,"310010070",F P NO 641B AHMEDABAD ST,,,,B,ELPHINSTON (WEST),FP No.64,PRINCESS DOCK,454.85,,Mahesh Mohite,2020-03-03 16:20:30.300,A,,true,false,,,,,58,10,,,,0,true,,,,,,97,F.P 64D Y.T 157,F.P 64A ,RR NO. 1282 & F.P 63,AHEMDABAD STREET,400009,2,"31001244",false,,,false,false,4428,,,,,,,,,,false,
4430,21,"310010072",F.P 64D,,,,B,ELPHINSTON (WEST),FP No.64,PRINCESS DOCK,493.96,,Mahesh Mohite,2020-03-03 16:20:30.300,A,,true,false,,,,,58,10,,,,0,true,,,,,,97,F.P 64E LEASE Y.T,F.P 64C,F.P 61 Y.T 111,AHEMDABAD STREET,400009,2,"31001246",false,,,false,false,4430,,,,,,,,,,false,
4431,21,"310010073",F.P. 77 (JUNCTION PLOT),,,,B,ELPHINSTON (WEST),FP No.77,PRINCESS DOCK,341.03,,Mahesh Mohite,2020-03-03 16:20:30.300,A,,true,false,,,,,58,10,,,,0,true,,,,,,97,SANT TUKARAM ROAD,RR NO. 704,RR NO. 1223,RR NO. 1143,400009,2,"31001404",false,,,false,false,4431,,,,,,,,,,false,
4434,21,"310010075",F.P.130-A,,,,B,ELPHINSTON (WEST),"173",PRINCESS DOCK,560.78,,Mahesh Mohite,2020-03-03 16:20:30.300,A,,true,false,,,,,58,10,,,,0,true,,,,,,97,"162 MT AMIN & SONS",F.P 131,SHOLAPUR STREET,POONA STREET,400009,2,"31001527",false,,,false,false,4434,,,,,,,,,,false,
4435,21,"310010076",F.P.83 JUNCTION PLOT,,,,B,ELPHINSTON (WEST),"68",PRINCESS DOCK,451.91,,Mahesh Mohite,2020-03-03 16:20:30.300,A,,true,false,,,,,58,10,,,,0,true,,,,,,97,OLD RR 1463 & F.P 84A,P.T PASSAGE,BROACH STREET,F.P 82,400009,2,"31001416",false,,,false,false,4435,,,,,,,,,,false,
4436,21,"310010077",F.P.84/A,,,,B,ELPHINSTON (WEST),"69",PRINCESS DOCK,367.34,,Mahesh Mohite,2020-03-03 16:20:30.300,A,,true,false,,,,,58,10,,,,0,true,,,,,,97,OLD RR NO. 1473,OLD RR NO. 992,BROACH STREET,F.P 81A & F.P 82,400009,2,"31001417",false,,,false,false,4436,,,,,,,,,,false,
4440,21,"310010080",F.PLOT NO.31A,,,,B,ELPHINSTON (WEST),"128",PRINCESS DOCK,513.16,,Mahesh Mohite,2020-03-03 16:20:30.300,A,,true,false,,,,,58,10,,,,0,true,,,,,,97,F.P 31A F.C.I,JANI ROAD,KALYAN STREET,F.P 32A F.C.I,400009,2,"31001639",false,,,false,false,4440,,,,,,,,,,false,
4441,21,"310010081",FINAL NO 76,,,,B,ELPHINSTON (WEST),FP No.76,PRINCESS DOCK,585.57,,Mahesh Mohite,2020-03-03 16:20:30.300,A,,true,false,,,,,58,10,,,,0,true,,,,,,97,F.P 75 & 74,CENTRAL RAILWAY,Y.T 222,P.T PASSAGE,400009,2,"31001403",false,,,false,false,4441,,,,,,,,,,false,
4442,21,"310010082",FINAL PLOT 114,,,,B,ELPHINSTON (WEST),"151",PRINCESS DOCK,385.45,,Mahesh Mohite,2020-03-03 16:20:30.300,A,,true,false,,,,,58,10,,,,0,true,,,,,,97,F.P 113 LEASE,F.P 115 LEASE,CLIVE 4th X ST,B.P.T &  F.P 112A,400009,2,"31001504",false,,,false,false,4442,,,,,,,,,,false,
4443,21,"310010083",FINAL PLOT 59-D,,,,B,ELPHINSTON (WEST),"40",PRINCESS DOCK,286.73,,Mahesh Mohite,2020-03-03 16:20:30.300,A,,true,false,,,,,58,10,,,,0,true,,,,,,97,F.P 59E VACANT ,F.P 59C RR NO. 600,RR NO. 1570,BARODA STREET,400009,2,"31001229",false,,,false,false,4443,,,,,,,,,,false,
4540,24,"311020027",OLD R R NO 639,,,,A,MODY BAY,"1153",FORT,288.00,,Mahesh Mohite,2020-03-03 16:20:30.300,A,,true,false,,,,,58,11,,,,0,true,,,,,,97,YASIF BUILDING RR NO. 2082,HARBOUR PLOICE STAION GOV.LAND,GOA STREET,LEASED TO MARMGOA PORT TRUST,400001,1,"31102140",false,,,false,false,4540,,,,,,,,,,false,
4444,21,"310010084",FINAL PLOT 84/B,,,,B,ELPHINSTON (WEST),"70",PRINCESS DOCK,367.06,,Mahesh Mohite,2020-03-03 16:20:30.300,A,,true,false,,,,,58,10,,,,0,true,,,,,,97,F.P 84D & 84C & OLD RR NO. 1035,OLD RR NO. 1473,BROACH STREET,F.P 81A ,400009,2,"31001418",false,,,false,false,4444,,,,,,,,,,false,
4445,21,"310010085",FINAL PLOT NO 100,,,,B,ELPHINSTON (WEST), , ,45.15,,Mahesh Mohite,2020-03-03 16:20:30.300,A,,true,false,,,,,58,10,,,,0,true,,,,,,97,P.T PASSAGE,P.T PASSAGE,MASJID BRIDGE,F.P 95,400009,2,"31001436",false,,,false,false,4445,,,,,,,,,,false,
4446,21,"310010086",FINAL PLOT NO 127B,,,,B,ELPHINSTON (WEST),"169",PRINCESS DOCK,797.11,,Mahesh Mohite,2020-03-03 16:20:30.300,A,,true,false,,,,,58,10,,,,0,true,,,,,,97,F.P 127A,F.P 127C ,F.P 128B,KALYAN STREET,400009,2,"31001514",false,,,false,false,4446,,,,,,,,,,false,
4802,24,"311020082",R.R.1308,,,,A,MODY BAY,"1134",FORT,269.23,,Mahesh Mohite,2020-03-03 16:20:30.300,A,,true,false,,,,,58,11,,,,0,true,,,,,,97,Shahid Bhagat Singh Road,P.T PASSAGE,RR NO. 1871,RR NO. 2073,400001,1,"31102308",false,,,false,false,4802,,,,,,,,,,false,
4447,21,"310010087",FINAL PLOT NO 3 (OLD RR 756),,,,B,ELPHINSTON (WEST),FP No.3,PRINCESS DOCK,833.80,,Mahesh Mohite,2020-03-03 16:20:30.300,A,,true,false,,,,,58,10,,,,0,true,,,,,,97,DOCK POLICE STATION GOVT. LAND,MUSAFARKHAN PVT. LAND,ELEPHISTONE ROAD SARDAR VALLABHDAS ROAD,RAICHUR STREET,400009,2,"31001101",false,,,false,false,4447,,,,,,,,,,false,
4448,21,"310010088",FINAL PLOT NO 41.,,,,B,ELPHINSTON (WEST),"132",PRINCESS DOCK,467.00,,Mahesh Mohite,2020-03-03 16:20:30.300,A,,true,false,,,,,58,10,,,,0,true,,,,,,97,F.P 39A,NANADLAL JANI ROAD,F.P 40,KURLA STREET,400009,2,"31001641",false,,,false,false,4448,,,,,,,,,,false,
4449,21,"310010089",FINAL PLOT NO 99,,,,B,ELPHINSTON (WEST),"81",PRINCESS DOCK,427.55,,Mahesh Mohite,2020-03-03 16:20:30.300,A,,true,false,,,,,58,10,,,,0,true,,,,,,97,F.P 98 RR NO. 1986,OLD RR NO. 1480,F.P 100,SURAT STREET,400009,2,"31001435",false,,,false,false,4449,,,,,,,,,,false,
4450,21,"310010090",FINAL PLOT NO.37 (R R NO 1117),,,,B,ELPHINSTON (WEST),"102",PRINCESS DOCK,682.56,,Mahesh Mohite,2020-03-03 16:20:30.300,A,,true,false,,,,,58,10,,,,0,true,,,,,,97,B.M.C ,F.P 38C & 39C Y.T 87,MASJID SIDING ROAD,KURLA STREET,400009,2,"31001205",false,,,false,false,4450,,,,,,,,,,false,
4451,31,"312070001",FORSHORE L'DSOUTH OF CSNO929&,,,,A,CHOWPATY BUNDER,"396", MALLABAR HILL,1266.27,,Mahesh Mohite,2020-03-03 16:20:30.300,A,mbpt_no,true,false, Date: 24-12-2019 User: mbpt_no <br>Remark: For sample<br> <br> Date: 24-12-2019 User: mbpt_hod <br>Remark: For sample zones pending<br>,,mbpt_hod,,58,12,mbpt_hod,,,0,true,,,,,,97,P.T PASSAGE,B.P.T BAUNDARY,CHOUPATY,MEAN HIGH WATER MARK 1910,400004,4,"31207344
3 PENDING ZONES.",false,,,false,false,4451,,,,,,,,,,false,
4452,21,"310010091",FP 113,,,,B,ELPHINSTON (WEST), , ,391.40,,Mahesh Mohite,2020-03-03 16:20:30.300,A,,true,false,,,,,58,10,,,,0,true,,,,,,97,CLIVE ROAD,F.P 114 LEASE,CLIVE 4TH X ST,F.P 111A & 111B,400009,2,"31001503",false,,,false,false,4452,,,,,,,,,,false,
4453,21,"310010092",FP 66 F,,,,B,ELPHINSTON (WEST),FP No.66,PRINCESS DOCK,315.13,,Mahesh Mohite,2020-03-03 16:20:30.300,A,,true,false,,,,,58,10,,,,0,true,,,,,,97,Y.T 151,SANT TUKARAM ROAD,AHEMDABAD STREET,F.P 67F,400009,2,"31001307",false,,,false,false,4453,,,,,,,,,,false,
8194,1,"101010057",OLD R.R.1823, , , ,F/S WARD, ,"2/358",DADAR NAIGAUM,38865.53,,Mahesh Mohite,2020-07-15 12:13:57.570,A,,true,false, ,,,,56,1,nihar, , ,0,true, , , ,,,97, , , , ,,,"10101146",false,,,false,false,8194,,,,,,,,,,true,
4460,26,"312020039",GDN.164 OF PLOT 19A,,,,A,SASSOON DOCK,"67",COLABA,108.42,,Mahesh Mohite,2020-03-03 16:20:30.300,A,mbpt_no,true,false, Date: 21-12-2019 User: mbpt_no <br>Remark: For sample<br> <br> Date: 21-12-2019 User: mbpt_hod <br>Remark: For sample<br>,,mbpt_hod,,58,12,mbpt_hod,,,0,true,,,,,,97,P.T PASSAGE,P.T PASSAGE,WESTERN PORTION MT,MT 19-A,400005,1,"31202133, 31202134",false,,,false,false,4460,,,,,,,,,,false,
4464,26,"312020041",GODOWN NO 163 & ADD LAND,,,,A,SASSOON DOCK,"67",COLABA,695.70,,Mahesh Mohite,2020-03-03 16:20:30.300,A,mbpt_no,true,false, Date: 27-12-2019 User: mbpt_no <br>Remark: For sample<br> <br> Date: 27-12-2019 User: mbpt_hod <br>Remark: For sample<br>,,mbpt_hod,,58,12,mbpt_hod,,,0,true,,,,,,97,PLOT NO163A,P.T. PASSAGE,"158 DIRECTOR OF FISHERIES GOVERMENT OF MAHARASHTRA ",ADD LAND ,400005,1,"31202135, 31202137",false,,,false,false,4464,,,,,,,,,,false,
4465,26,"312020042",GODOWN NO 166,,,,A,SASSOON DOCK,"67",COLABA,878.84,,Mahesh Mohite,2020-03-03 16:20:30.300,A,mbpt_no,true,false, Date: 27-12-2019 User: mbpt_no <br>Remark: For sample<br> <br> Date: 27-12-2019 User: mbpt_hod <br>Remark: For sample<br>,,mbpt_hod,,58,12,mbpt_hod,,,0,true,,,,,,97,"15.25 M ROAD ",DUMMYANE ROAD ,PLOT NO 3 ,RR.NO.1933,400005,1,"31202109,31202110, 31202111",true,,,false,false,4465,,,,,,,,,,false,
4471,29,"312050005",L RR NO.1328,,,,A,APPOLO RECLAMATION ,"13A/384",COLABA,765.71,,Mahesh Mohite,2020-03-03 16:20:30.300,A,mbpt_no,true,false, Date: 16-12-2019 User: mbpt_no <br>Remark: for sample<br> <br> Date: 16-12-2019 User: mbpt_hod <br>Remark: For sample<br>,,mbpt_hod,,58,12,mbpt_hod,,,0,true,,,,,,97,RR NO. 1245,MEREWETHER ROAD,RR NO. 1257,RR NO. 1309,400005,1,"31205306",false,,,false,false,4471,,,,,,,,,,false,
4472,29,"312050006",L RR NO.1382,,,,A,APPOLO RECLAMATION ,"389",COLABA,1122.64,,Mahesh Mohite,2020-03-03 16:20:30.300,A,mbpt_no,true,false, Date: 16-12-2019 User: mbpt_no <br>Remark: for sample<br> <br> Date: 16-12-2019 User: mbpt_hod <br>Remark: For sample<br> <br> Date: 16-12-2019 User: mbpt_hod <br>Remark: For sample<br>,,mbpt_hod,,58,12,mbpt_hod,,,0,true,,,,,,97,RR NO. 1181,MEREWETHER ROAD,RR NO. 1216,MUNCIPAL PUMPING STN,400005,1,"31205308",false,,,false,false,4472,,,,,,,,,,false,
4473,30,"312060001",L RR NO.2049,,,,A,WILLINGTON RECLAMATION,"41",FORT,11177.35,,Mahesh Mohite,2020-03-03 16:20:30.300,A,mbpt_no,true,false, Date: 20-12-2019 User: mbpt_no <br>Remark: For sample<br> <br> Date: 20-12-2019 User: mbpt_hod <br>Remark: For sample<br>,,mbpt_hod,,58,12,mbpt_hod,,,0,true,,,,,,97,P.T PASSAGE,P.T PASSAGE,P.T PASSAGE,CHATRAPATI SHIVAJI MAHARAJ MARG,400001,1,"31206333",false,,,false,false,4473,,,,,,,,,,false,
4474,19,"309010022",LAND AT M.P.ROAD,,,,E,ELPHINSTON (EAST),"1921",MAZAGAON,501.68,,Mahesh Mohite,2020-03-03 16:20:30.300,A,,true,false,,,,,58,9,,,,0,true,,,,,,97,MUZAVAR PAKHADI ROAD,SAGARIKA OFFICE QRTS.,CHOLKAR STREET,P.T PASSAGE,400009,5,"30901415",false,,,false,false,4474,,,,,,,,,,false,
4476,23,"311010051",LAND BEHIND R R NO 878,,,,A,BALLARD ESTATE ,"3/1187",FORT,20.44,,Mahesh Mohite,2020-03-03 16:20:30.300,A,,true,false,,,,,58,11,,,,0,true,,,,,,97,WALCHAND HIRACHAND MARG,ARYA BHAVAN RR NO. 912,P.T. PAASAGE,PT. PASSAGE,400001,1,"31101104",false,,,false,false,4476,,,,,,,,,,false,
4477,23,"311010052",LAND BEHIND THAKERSEY HOUSE,,,,A,BALLARD ESTATE , , ,26.84,,Mahesh Mohite,2020-03-03 16:20:30.300,A,,true,false,,,,,58,11,,,,0,true,,,,,,97,P.T PASSAGE,P.T PASSAGE,"39, COMMERCE HOUSE",J.N HERADIA MARG,400001,1,"31101304",false,,,false,false,4477,,,,,,,,,,false,
4479,26,"312020043",LEASE OF LAND NR.FISH HARB.PR.,,,,A,SASSOON DOCK,"1/600 (pt)",COLABA,4972.00,,Mahesh Mohite,2020-03-03 16:20:30.300,A,mbpt_no,true,false, Date: 17-12-2019 User: mbpt_no <br>Remark: LEASE OF LAND NR.FISH HARB.PR.<br> <br> Date: 17-12-2019 User: mbpt_hod <br>Remark: LEASE OF LAND NR.FISH HARB.PR.<br>,,mbpt_hod,,58,12,mbpt_hod,,,0,true,,,,,,97,GREEN BELT.,"2-B LABORATARY DISPENCARY  & RESER ROOM. ",BOTANICAL GARDEN,P.T PASSAGE,400005,1,"31202322",false,,,false,false,4479,,,,,,,,,,false,
4516,19,"309010024",OLD 1652,,,,B,ELPHINSTON (EAST),"43857",PRINCESS DOCK,196.49,,Mahesh Mohite,2020-03-03 16:20:30.300,A,,true,false,,,,,58,9,,,,0,true,,,,,,97,FLY OVER,MANSION ROAD,RR NO. 1613,RR NO. 1619,400009,2,"30901210",false,,,false,false,4516,,,,,,,,,,false,
4517,21,"310010129",OLD R R - YTS 184 & 229,,,,B,ELPHINSTON (WEST),"132",PRINCESS DOCK,803.87,,Mahesh Mohite,2020-03-03 16:20:30.300,A,mbpt_no,true,false, Date: 02-12-2019 User: mbpt_no <br>Remark: Verified 02-12<br>,,,,58,10,mbpt_no,,,0,true,,,,,,97,EAST,WEST,NORTH,SOUTH,400009,2,"31001209",false,,,false,false,4517,,,,,,,,,,false,
4519,21,"310010130",OLD R R 1291,,,,B,ELPHINSTON (WEST),"1/186",PRINCESS DOCK,188.78,,Mahesh Mohite,2020-03-03 16:20:30.300,A,,true,false,,,,,58,10,,,,0,true,,,,,,97,P.T PASSAGE,CENTRAL RAILWAY,RR NO. 1358,"170-A MT",400009,2,"31001550",false,,,false,false,4519,,,,,,,,,,false,
4520,19,"309010025",OLD R R 1599,,,,B,ELPHINSTON (EAST),"43853",PRINCESS DOCK,19.77,,Mahesh Mohite,2020-03-03 16:20:30.300,A,,true,false,,,,,58,9,,,,0,true,,,,,,97,FLY OVER ,MANSION ROAD,RR NO. 1625,RR NO. 1638,400009,2,"30901208",false,,,false,false,4520,,,,,,,,,,false,
4577,21,"310010143",OLD RR 1570 (BROACH ST),,,,B,ELPHINSTON (WEST),"18264",PRINCESS DOCK,286.23,,Mahesh Mohite,2020-03-03 16:20:30.300,A,,true,false,,,,,58,10,,,,0,true,,,,,,97,RR NO. 1576,RR NO. 1981,BROACH STREET,FP-59D,400009,2,"31001223",false,,,false,false,4577,,,,,,,,,,false,
4578,19,"309010041",OLD RR 1597,,,,B,ELPHINSTON (EAST),"43858",PRINCESS DOCK,174.79,,Mahesh Mohite,2020-03-03 16:20:30.300,A,,true,false,,,,,58,9,,,,0,true,,,,,,97,P.T PASSAGE,MANSION ROAD,RR NO. 1716,RR NO. 1615,400009,2,"30901213",false,,,false,false,4578,,,,,,,,,,false,
4521,19,"309010026",OLD R R 1610,,,,B,ELPHINSTON (EAST),"43861",PRINCESS DOCK,151.90,,Mahesh Mohite,2020-03-03 16:20:30.300,A,,true,false,,,,,58,9,,,,0,true,,,,,,97,P.T PASSAGE,MANSION ROAD,RR NO. 1635,RR NO. 1716,400009,2,"30901215",false,,,false,false,4521,,,,,,,,,,false,
4524,19,"309010029",OLD R R 1627,,,,B,ELPHINSTON (EAST),"43851",PRINCESS DOCK,143.54,,Mahesh Mohite,2020-03-03 16:20:30.300,A,,true,false,,,,,58,9,,,,0,true,,,,,,97,MANSION ROAD,P.D MELLO ROAD,PLOT NO.43 15ML,RR NO. 1699,400009,2,"30901202",false,,,false,false,4524,,,,,,,,,,false,
4525,21,"310010131",OLD R R 1630,,,,B,ELPHINSTON (WEST),"37",PRINCESS DOCK,790.51,,Mahesh Mohite,2020-03-03 16:20:30.300,A,,true,false,,,,,58,10,,,,0,true,,,,,,97,RR NO. 1289,FP-52A,FP-50 WISE STEEL,FP-52B,400009,2,"31001216",false,,,false,false,4525,,,,,,,,,,false,
4526,19,"309010030",OLD R R 1635,,,,B,ELPHINSTON (EAST),"32/1",PRINCESS DOCK,140.75,,Mahesh Mohite,2020-03-03 16:20:30.300,A,,true,false,,,,,58,9,,,,0,true,,,,,,97,P.T PASSAGE,MANSION ROAD,RR NO. 1617,RR NO. 1610,400009,2,"30901216",false,,,false,false,4526,,,,,,,,,,false,
4527,19,"309010031",OLD R R 1638,,,,B,ELPHINSTON (EAST),"1",PRINCESS DOCK,190.92,,Mahesh Mohite,2020-03-03 16:20:30.300,A,,true,false,,,,,58,9,,,,0,true,,,,,,97,FLY OVER,MANSION ROAD,RR NO. 1599,GAM. ROAD,400009,2,"30901205",false,,,false,false,4527,,,,,,,,,,false,
4528,19,"309010032",OLD R R 1644,,,,B,ELPHINSTON (EAST),"9999",PRINCESS DOCK,51.93,,Mahesh Mohite,2020-03-03 16:20:30.300,A,,true,false,,,,,58,9,,,,0,true,,,,,,97,P.T PASSAGE,PLOT NO.  108,P.T PASSAGE,RR NO.1643,400009,2,"30901334",false,,,false,false,4528,,,,,,,,,,false,
4530,24,"311020024",OLD R R 1766,,,,A,MODY BAY,"1166",FORT,237.83,,Mahesh Mohite,2020-03-03 16:20:30.300,A,,true,false,,,,,58,11,,,,0,true,,,,,,97,RR NO.1171,RR NO. 1853,VAJU KOTAK MARG,RR NO. 1334 & RR NO. 1609,400001,1,"31102202",false,,,false,false,4530,,,,,,,,,,false,
4531,19,"309010034",OLD R R 1944,,,,B,ELPHINSTON (EAST),"180/1",PRINCESS DOCK,616.50,,Mahesh Mohite,2020-03-03 16:20:30.300,A,,true,false,,,,,58,9,,,,0,true,,,,,,97,PLOT NO. II,P.D MELLO ROAD,PLOT NO. 96,B.P.T WAREHOUSE NO. 10,400009,2,"30901325",false,,,false,false,4531,,,,,,,,,,false,
4532,23,"311010054",OLD R R 2045,,,,A,BALLARD ESTATE ,"132/1187",FORT,46.68,,Mahesh Mohite,2020-03-03 16:20:30.300,A,,true,false,,,,,58,11,,,,0,true,,,,,,97,P.T PASSAGE,P.T PASSAGE,P.T PASSAGE,J.N HERADIA MARG,400001,1,"31101138",false,,,false,false,4532,,,,,,,,,,false,
4533,21,"310010132",OLD R R 600,,,,B,ELPHINSTON (WEST),"41",PRINCESS DOCK,1092.63,,Mahesh Mohite,2020-03-03 16:20:30.300,A,,true,false,,,,,58,10,,,,0,true,,,,,,97,FP-59D,MT-62-2,RR NO. 1981,BARODA STREET,400009,2,"31001231",false,,,false,false,4533,,,,,,,,,,false,
4534,24,"311020025",OLD R R NO 1322,,,,A,MODY BAY,"1192",FORT,288.00,,Mahesh Mohite,2020-03-03 16:20:30.300,A,,true,false,,,,,58,11,,,,0,true,,,,,,97,RR NO. 1977,REX CHAMBERS RR NO. 1411,RR NO. 2031,GOA STREET,400001,1,"31102134",false,,,false,false,4534,,,,,,,,,,false,
4535,19,"309010035",OLD R R NO 1815,,,,B,ELPHINSTON (EAST),"38/1",PRINCESS DOCK,272.95,,Mahesh Mohite,2020-03-03 16:20:30.300,A,,true,false,,,,,58,9,,,,0,true,,,,,,97,P.T ROAD,P.D MELLO ROAD,PLOT NO. 87,INSTONE BRIDGE ROAD,400009,2,"30901315",false,,,false,false,4535,,,,,,,,,,false,
7573,14,"206010087","1 AND 2",,Private Structure,,E,,"25/671",MAZAGAON,663.51,,Mahesh Mohite,2020-05-09 18:01:36.360,A,,true,false,,,,,57,6,,,,0,true,,,,,,97,,,,,,,"20601101",false,,,false,false,7573,,,,,,,,,,false,
4536,26,"312020044",OLD R R NO 1838,,,,A,SASSOON DOCK,"24473",COLABA,260.96,,Mahesh Mohite,2020-03-03 16:20:30.300,A,mbpt_no,true,false, Date: 16-12-2019 User: mbpt_no <br>Remark: For sample<br> <br> Date: 18-12-2019 User: mbpt_hod <br>Remark: correct the city survey no <br> <br> Date: 18-12-2019 User: mbpt_no <br>Remark: For sample<br> <br> Date: 18-12-2019 User: mbpt_hod <br>Remark: For sample<br>,,mbpt_hod,,58,12,mbpt_hod,,,0,true,,,,,,97,D-15 MT,P.T PASSAGE,B.P.T ROAD,MB.P.T ROAD,400005,1,"31202235",false,,,false,false,4536,,,,,,,,,,false,
4537,19,"309010036",OLD R R NO 1904(NEW R R 2063),,,,B,ELPHINSTON (EAST),"203",PRINCESS DOCK,1154.73,,Mahesh Mohite,2020-03-03 16:20:30.300,A,,true,false,,,,,58,9,,,,0,true,,,,,,97,P.T PASSAGE,P.D MELLO ROAD,PLOT NO. 105,PLOT NO. 103,400009,2,"30901329",false,,,false,false,4537,,,,,,,,,,false,
4571,24,"311020047",OLD RR 1318,,,,A,MODY BAY,"58/1187",FORT,371.61,,Mahesh Mohite,2020-03-03 16:20:30.300,A,,true,false,,,,,58,11,,,,0,true,,,,,,97,INDIRA DOCK,SHAHID BHAGAT SING ROAD,P.T. PASSAGE,RR NO. 1928,400001,1,"31102107",false,,,false,false,4571,,,,,,,,,,false,
4538,26,"312020045",OLD RR NO 1994 & 1838,,,,A,SASSOON DOCK,"24473",COLABA,3230.17,,Mahesh Mohite,2020-03-03 16:20:30.300,A,mbpt_no,true,false, Date: 27-12-2019 User: mbpt_no <br>Remark: For sample<br> <br> Date: 27-12-2019 User: mbpt_hod <br>Remark: For sample<br>,,mbpt_hod,,58,12,mbpt_hod,,,0,true,,,,,,97,P.T ROAD,"15.25 M ROAD",RR NO 1838,LATRINE & FML-42,400005,1,"31202231, 31202232, 31202233, 31202234",true,,,false,false,4538,,,,,,,,,,false,
4541,24,"311020028",OLD R R NO 995,,,,A,MODY BAY,"1160",FORT,1670.58,,Mahesh Mohite,2020-03-03 16:20:30.300,A,,true,false,,,,,58,11,,,,0,true,,,,,,97,NOCOL ROAD,RR NO.1389 & RR NO. 1378,VAJU KOTAK MARG ( KARWAR STREET),KUMPTA STREET,400001,1,"31102147",false,,,false,false,4541,,,,,,,,,,false,
4542,24,"311020029",OLD R R NO 996,,,,A,MODY BAY,"1162",FORT,1396.61,,Mahesh Mohite,2020-03-03 16:20:30.300,A,,true,false,,,,,58,11,,,,0,true,,,,,,97,RR NO. 2064,RR NO. 1171,VAJU KOTAK MARG ( KARWAR STREET),RR NO. 1378,400001,1,"31102149",false,,,false,false,4542,,,,,,,,,,false,
4543,24,"311020030",OLD R R NO1389,,,,A,MODY BAY,"1161",FORT,161.65,,Mahesh Mohite,2020-03-03 16:20:30.300,A,,true,false,,,,,58,11,,,,0,true,,,,,,97,NAV BHAVAN RR NO. 995,RR NO. 996,VAJU KOTAK MARG ( KARWAR STREET),RR NO. 1378,400001,1,"31102148",false,,,false,false,4543,,,,,,,,,,false,
4544,24,"311020031",OLD R R O 1296,,,,A,MODY BAY,"1205",FORT,141.96,,Mahesh Mohite,2020-03-03 16:20:30.300,A,,true,false,,,,,58,11,,,,0,true,,,,,,97,RR NO. 1400,RR NO. 2079,RR NO. 1295,GOA,400001,1,"31102131",false,,,false,false,4544,,,,,,,,,,false,
4547,24,"311020033",OLD R.R.1081,,,,A,MODY BAY,"2/1095",FORT,559.43,,Mahesh Mohite,2020-03-03 16:20:30.300,A,,true,false,,,,,58,11,,,,0,true,,,,,,97,SEAMENS INSTITUTE PRIVATE LAND,BOMBSY ICE CO. RR NO. 1990,CALICUT STREET,COAHIN STREET,400001,1,"31102240",false,,,false,false,4547,,,,,,,,,,false,
4548,24,"311020034",OLD R.R.1252,,,,A,MODY BAY,"1099",FORT,200.67,,Mahesh Mohite,2020-03-03 16:20:30.300,A,,true,false,,,,,58,11,,,,0,true,,,,,,97,RR NO. 2093,SHAHID BHAGAT SINGH ROAD,RR NO. 1870,RR NO. 1150,400001,1,"31102246",false,,,false,false,4548,,,,,,,,,,false,
4549,24,"311020035",OLD R.R.1344,,,,A,MODY BAY,"1128",FORT,285.40,,Mahesh Mohite,2020-03-03 16:20:30.300,A,,true,false,,,,,58,11,,,,0,true,,,,,,97,P.T BOUNDARY,P.T PASSAGE,RR NO. 1968 & RR NO. 1969,RR NO. 1298,400001,1,"31102313",false,,,false,false,4549,,,,,,,,,,false,
4550,24,"311020036",OLD R.R.1354,,,,A,MODY BAY,"1146",FORT,290.60,,Mahesh Mohite,2020-03-03 16:20:30.300,A,,true,false,,,,,58,11,,,,0,true,,,,,,97,P.T PASSAGE,SHAHID BHAGAT SINGH ROAD,RR NO. 1269,RR NO. 1394,400001,1,"31102304",false,,,false,false,4550,,,,,,,,,,false,
4551,24,"311020037",OLD R.R.1364,,,,A,MODY BAY,"1103",FORT,163.51,,Mahesh Mohite,2020-03-03 16:20:30.300,A,,true,false,,,,,58,11,,,,0,true,,,,,,97,Y.T. NO. 162,SHAHID BHAGAT SINGH ROAD,RR NO. 1772,CALICUT STREET,400001,1,"31102234",false,,,false,false,4551,,,,,,,,,,false,
4552,24,"311020038",OLD R.R.1393,,,,A,MODY BAY,"53/1187",FORT,278.71,,Mahesh Mohite,2020-03-03 16:20:30.300,A,,true,false,,,,,58,11,,,,0,true,,,,,,97,SMRS,SHAHID BHAGAT SINGH ROAD,RR NO. 1203,RR NO. 1293,400001,1,"31102323",false,,,false,false,4552,,,,,,,,,,false,
4606,24,"311020051",OLD RR.NO 1913,,,,A,MODY BAY,"110/1187",FORT,401.43,,Mahesh Mohite,2020-03-03 16:20:30.300,A,,true,false,,,,,58,11,,,,0,true,,,,,,97,RR NO. 1897,RR NO. 1894,MUNCIPAL DISPENSARY,WALCHAND HIRACHAND MARG,400001,1,"31102119",false,,,false,false,4606,,,,,,,,,,false,
4608,21,"310010156",OLD YT 52,,,,B,ELPHINSTON (WEST),FP No.67,PRINCESS DOCK,235.23,,Mahesh Mohite,2020-03-03 16:20:30.300,A,,true,false,,,,,58,10,,,,0,true,,,,,,97,Y.T 77,Y.T 59,Y.T 55,FP-67C,400009,2,"31001310",false,,,false,false,4608,,,,,,,,,,false,
4609,21,"310010157",OLD YT 59,,,,B,ELPHINSTON (WEST),FP No.67,PRINCESS DOCK,283.54,,Mahesh Mohite,2020-03-03 16:20:30.300,A,,true,false,,,,,58,10,,,,0,true,,,,,,97,Y.T 52,Y.T 201,Y.T 210 &Y.T -55,FP-67C,400009,2,"31001311",false,,,false,false,4609,,,,,,,,,,false,
4554,19,"309010037",OLD R.R.1623,,,,B,ELPHINSTON (EAST),"1",PRINCESS DOCK,363.72,,Mahesh Mohite,2020-03-03 16:20:30.300,A,,true,false,,,,,58,9,,,,0,true,,,,,,97,LEASED TO STATE TRADING CORPORATION OF INDIA LTD.,P.T PASSAGE,P.T PASSAGE,P.T PASSAGE,400009,2,"30901406",false,,,false,false,4554,,,,,,,,,,false,
4556,24,"311020041",OLD R.R.NO.1269,,private structure ,,A,MODY BAY,"1147",FORT,371.61,,Mahesh Mohite,2020-03-03 16:20:30.300,A,,true,false,,,,,58,11,,,,0,true,,,,,,97,SHAHID BHAGATSING ROAD,P.T PASSAGE,P.T PASSAGE,R.R.1354,400001,1,"31102303",false,,,false,false,4556,,,,,,,,,,false,
4557,24,"311020042",OLD R.R.NO.1334,,,,A,MODY BAY,"1167",FORT,222.97,,Mahesh Mohite,2020-03-03 16:20:30.300,A,,true,false,,,,,58,11,,,,0,true,,,,,,97,RR NO. 1304(VACANT),RR NO. 1609,RR NO. 1766 & RR NO. 1171,KUMPTA STREET,400001,1,"31102210",false,,,false,false,4557,,,,,,,,,,false,
4558,24,"311020043",OLD R.R.NO.1360,,,,A,MODY BAY,"1175",FORT,340.77,,Mahesh Mohite,2020-03-03 16:20:30.300,A,,true,false,,,,,58,11,,,,0,true,,,,,,97,RR NO. 1609,SHAHID BHAGAT SINGH ROAD,RR NO. 1300,RR NO. 1020,400001,1,"31102207",false,,,false,false,4558,,,,,,,,,,false,
4559,24,"311020044",OLD R.R.NO.1609,,,,A,MODY BAY,"1171",FORT,431.07,,Mahesh Mohite,2020-03-03 16:20:30.300,A,,true,false,,,,,58,11,,,,0,true,,,,,,97,RR NO. 1334,RR NO. 1360 & RR NO. 1020,RR NO. 1853 & 15-ML PLOT NO.9,KUMTA STREET,400001,1,"31102209",false,,,false,false,4559,,,,,,,,,,false,
4560,19,"309010038",OLD R.R.NO.2025 PLOT NO.1&8 OF,,,,A,ELPHINSTON (EAST),"105C/1187",FORT,998.80,,Mahesh Mohite,2020-03-03 16:20:30.300,A,,true,false,,,,,58,9,,,,0,true,,,,,,97,B.P.T. RLY. WORK-SHOP,EAST ISLAND FREE WAY,P.T PASSAGE,P.T ROAD,400009,1,"30901107",false,,,false,false,4560,,,,,,,,,,false,
4561,19,"309010039",OLD R.R.NO.937,,,,A,ELPHINSTON (EAST),"1/1187",FORT,2162.04,,Mahesh Mohite,2020-03-03 16:20:30.300,A,,true,false,,,,,58,9,,,,0,true,,,,,,97,P.T PASSAGE,P.T PASSAGE,P.T PASSAGE,YELLOW GATE,400009,1,"30901129",false,,,false,false,4561,,,,,,,,,,false,
4562,24,"311020045",OLD R.R.NO.956,,,,A,MODY BAY,"1113",FORT,1446.22,,Mahesh Mohite,2020-03-03 16:20:30.300,A,,true,false,,,,,58,11,,,,0,true,,,,,,97,NICOL ROAD,PLOT A& PLOT B,ADI MARZBAN PATH MANGLORE STREET,POLICE STATION,400001,1,"31102223",false,,,false,false,4562,,,,,,,,,,false,
4563,19,"309010040",OLD R.R.NO.974,,,,A,ELPHINSTON (EAST),"107/1187",FORT,1114.83,,Mahesh Mohite,2020-03-03 16:20:30.300,A,,true,false,,,,,58,9,,,,0,true,,,,,,97,P.T PASSAGE,P.D MELLO ROAD,P.T PASSAGE,HOUSE GULLY TO,400009,1,"30901108",false,,,false,false,4563,,,,,,,,,,false,
4564,30,"312060002",OLD RR 1008,,,,A,WILLINGTON RECLAMATION,"476",COLABA,6700.52,,Mahesh Mohite,2020-03-03 16:20:30.300,A,mbpt_no,true,false, Date: 20-12-2019 User: mbpt_no <br>Remark: For sample<br> <br> Date: 20-12-2019 User: mbpt_hod <br>Remark: For sample<br>,,mbpt_hod,,58,12,mbpt_hod,,,0,true,,,,,,97,GATEWAY OF INDIA,ADAM STREET,P.T PASSAGE,LANSDOWN ROAD,400005,1,"31206335",false,,,false,false,4564,,,,,,,,,,false,
4566,24,"311020046",OLD RR 1171,,,,A,MODY BAY,"1166",FORT,222.97,,Mahesh Mohite,2020-03-03 16:20:30.300,A,,true,false,,,,,58,11,,,,0,true,,,,,,97,RR NO. 996,RR NO. 1766,VAJU KOTAK MARG,RR NO. 1304 (VACANT) & RR NO. 1334 & RR NO. 1609,400001,1,"31102201",false,,,false,false,4566,,,,,,,,,,false,
4567,21,"310010134",OLD RR 1213,,,,B,ELPHINSTON (WEST),"85",PRINCESS DOCK,276.39,,Mahesh Mohite,2020-03-03 16:20:30.300,A,,true,false,,,,,58,10,,,,0,true,,,,,,97,RR NO. 1046,VACANT RR NO. 1546,F.P 95,SURAT STREET,400009,2,"31001433",false,,,false,false,4567,,,,,,,,,,false,
4569,21,"310010136",OLD RR 1258,,,,B,ELPHINSTON (WEST),"71",PRINCESS DOCK,582.09,,Mahesh Mohite,2020-03-03 16:20:30.300,A,,true,false,,,,,58,10,,,,0,true,,,,,,97,SANT TUKARAM ROAD,OLD RR NO. 1467 ,RR NO. 1071,SURAT STREET,400009,2,"31001420",false,,,false,false,4569,,,,,,,,,,false,
4570,21,"310010137",OLD RR 1301,,,,B,ELPHINSTON (WEST),FP No.64,PRINCESS DOCK,436.92,,Mahesh Mohite,2020-03-03 16:20:30.300,A,,true,false,,,,,58,10,,,,0,true,,,,,,97,FP-64B LEASE,RR NO. 1172,RR NO. 1326,AHEMDABAD STREET,400009,2,"31001243",false,,,false,false,4570,,,,,,,,,,false,
4573,21,"310010139",OLD RR 1326,,,,B,ELPHINSTON (WEST),FP No.64,PRINCESS DOCK,432.19,,Mahesh Mohite,2020-03-03 16:20:30.300,A,,true,false,,,,,58,10,,,,0,true,,,,,,97,RR NO. 1282,RR NO. 1172,BARODA STREET,RR NO. 1301,400009,2,"31001242",false,,,false,false,4573,,,,,,,,,,false,
4574,21,"310010140",OLD RR 1458,,,,B,ELPHINSTON (WEST),"43",PRINCESS DOCK,474.73,,Mahesh Mohite,2020-03-03 16:20:30.300,A,,true,false,,,,,58,10,,,,0,true,,,,,,97,MT-62,SANT TUKARAM ROAD,J.N GANDHI MT,BARODA STREET,400009,2,"31001237",false,,,false,false,4574,,,,,,,,,,false,
4575,21,"310010141",OLD RR 1482,,,,B,ELPHINSTON (WEST),"30348",PRINCESS DOCK,200.11,,Mahesh Mohite,2020-03-03 16:20:30.300,A,,true,false,,,,,58,10,,,,0,true,,,,,,97,CLIVE ROAD,F.P 106 ESTATE 105,RR NO. 1187,RR NO.. 2053,400009,2,"31001439",false,,,false,false,4575,,,,,,,,,,false,
4576,21,"310010142",OLD RR 1548,,,,B,ELPHINSTON (WEST),"46",PRINCESS DOCK,271.28,,Mahesh Mohite,2020-03-03 16:20:30.300,A,,true,false,,,,,58,10,,,,0,true,,,,,,97,OLD RR NO. 1167,SANT TUKARAM ROAD,BROACH STREET,M.T-60,400009,2,"31001227",false,,,false,false,4576,,,,,,,,,,false,
4579,19,"309010042",OLD RR 1600,,,,B,ELPHINSTON (EAST),"43845",PRINCESS DOCK,143.44,,Mahesh Mohite,2020-03-03 16:20:30.300,A,,true,false,,,,,58,9,,,,0,true,,,,,,97,MANSION ROAD,P.T ROAD,RR NO. 1620,RR NO. 1607,400009,2,"30901148",true,,,false,false,4579,,,,,,,,,,false,
4580,21,"310010144",OLD RR 1601,,,,B,ELPHINSTON (WEST),"1/154",PRINCESS DOCK,971.95,,Mahesh Mohite,2020-03-03 16:20:30.300,A,,true,false,,,,,58,10,,,,0,true,,,,,,97,CLIVE ROAD,F.P 116,CLIVE 5TH X SL,CLIVE 4TH X ST,400009,2,"31001506",false,,,false,false,4580,,,,,,,,,,false,
4582,19,"309010044",OLD RR 1615,,,,B,ELPHINSTON (EAST),"43857",PRINCESS DOCK,185.34,,Mahesh Mohite,2020-03-03 16:20:30.300,A,,true,false,,,,,58,9,,,,0,true,,,,,,97,P.T PASSAGE,MANSION ROAD,RR NO. 1597,RR NO. 1652,400009,2,"30901211",false,,,false,false,4582,,,,,,,,,,false,
4680,24,"311020055",R R 1893,,,,A,MODY BAY,"56/1187",FORT,237.83,,Mahesh Mohite,2020-03-03 16:20:30.300,A,,true,false,,,,,58,11,,,,0,true,,,,,,97,INDIRA DOCK,SHAHID BHAGAT SING ROAD,RR NO. 1928,RR  NO 1286,400001,1,"31102109",false,,,false,false,4680,,,,,,,,,,false,
4584,26,"312020046",OLD RR 1732 & 1988,,,,A,SASSOON DOCK,"67",COLABA,1461.15,,Mahesh Mohite,2020-03-03 16:20:30.300,A,mbpt_no,true,false, Date: 21-12-2019 User: mbpt_no <br>Remark: For sample<br> <br> Date: 21-12-2019 User: mbpt_hod <br>Remark: For sample<br>,,mbpt_hod,,58,12,mbpt_hod,,,0,true,,,,,,97,"15.25 M ROAD",D RR NO. 1748,RR NO. 1748,N RR NO. 1732,400005,1,"31202127, 31202125, ",false,,,false,false,4584,,,,,,,,,,false,
8202,19,"309010126",OLD R.R.NO.1553 GAMADIA RD., , , ,A WARD , ,,FORT,250.84,,Mahesh Mohite,2020-07-15 12:13:57.570,A,,true,false, ,,,,58,9,nihar, , ,0,true, , , ,,,97, , , , ,,,"30901126",false,,,false,false,8202,,,,,,,,,,false,
8203,19,"309010127",OLD R.R.NO.1517, , , ,A WARD , ,,FORT,250.84,,Mahesh Mohite,2020-07-15 12:13:57.570,A,,true,false, ,,,,58,9,nihar, , ,0,true, , , ,,,97, , , , ,,,"30901127",false,,,false,false,8203,,,,,,,,,,false,
4641,19,"309010062",PLOT NO 88,,,,B,ELPHINSTON (EAST),"1",PRINCESS DOCK,150.32,,Mahesh Mohite,2020-03-03 16:20:30.300,A,,true,false,,,,,58,9,,,,0,true,,,,,,97,P.T PASSAGE,P.D MELLO ROAD,PLOT NO. 89,PLOT NO. 87,400009,2,"30901318",false,,,false,false,4641,,,,,,,,,,false,
4585,26,"312020047",OLD RR 1748,,,,A,SASSOON DOCK,"24990",COLABA,623.84,,Mahesh Mohite,2020-03-03 16:20:30.300,A,mbpt_no,true,false," Date: 16-12-2019 User: mbpt_no <br>Remark: For sample
<br> <br> Date: 18-12-2019 User: mbpt_hod <br>Remark: correct city survey no<br> <br> Date: 18-12-2019 User: mbpt_no <br>Remark: For sample<br> <br> Date: 18-12-2019 User: mbpt_hod <br>Remark: For sample<br>",,mbpt_hod,,58,12,mbpt_hod,,,0,true,,,,,,97,RR NO. 1732,P.T PASSAGE,MB.P.T ROAD,SAGAR PRESS GODOWNS,400005,1,"31202124",false,,,false,false,4585,,,,,,,,,,false,
4587,24,"311020048",OLD RR 1811,,,,A,MODY BAY,"108/1187",FORT,462.94,,Mahesh Mohite,2020-03-03 16:20:30.300,A,,true,false,,,,,58,11,,,,0,true,,,,,,97,RR NO. 1894,RR NO. 1452,SMRS,WALCHAND HIRACHAND MARG,400001,1,"31102116",false,,,false,false,4587,,,,,,,,,,false,
4589,21,"310010145",OLD RR 745 (PART),,,,B,ELPHINSTON (WEST),"14",PRINCESS DOCK,144.28,,Mahesh Mohite,2020-03-03 16:20:30.300,A,,true,false,,,,,58,10,,,,0,true,,,,,,97,RR NO. 2051,FML &  F.E. 16 ,F.E 15 & HILSONS DINSHAW,GOVERNMENT LAND,400009,2,"31001117",false,,,false,false,4589,,,,,,,,,,false,
4590,21,"310010146",OLD RR 990 JUN'ON OF P.D'MELLO,,,,B,ELPHINSTON (WEST),FP No.23,PRINCESS DOCK,813.83,,Mahesh Mohite,2020-03-03 16:20:30.300,A,,true,false,,,,,58,10,,,,0,true,,,,,,97,P.D. MELLO ROAD,Y.T 85 VACANT,F.E 22,KURLA STREET,400009,2,"31001130",false,,,false,false,4590,,,,,,,,,,false,
4592,21,"310010147",OLD RR NO 1107,,,,B,ELPHINSTON (WEST),"62",PRINCESS DOCK,379.69,,Mahesh Mohite,2020-03-03 16:20:30.300,A,,true,false,,,,,58,10,,,,0,true,,,,,,97,RR NO. 1163,"95 M.T",F.P 81A,F.P 80A,400009,2,"31001414",false,,,false,false,4592,,,,,,,,,,false,
4593,21,"310010148",OLD RR NO 1187,,,,B,ELPHINSTON (WEST),"30348",PRINCESS DOCK,371.33,,Mahesh Mohite,2020-03-03 16:20:30.300,A,,true,false,,,,,58,10,,,,0,true,,,,,,97,CLIVE ROAD,F.P 106 ESTATE,RR NO. 1188,RR NO. 1482,400009,2,"31001440",false,,,false,false,4593,,,,,,,,,,false,
4594,21,"310010149",OLD RR NO 1188,,,,B,ELPHINSTON (WEST),"33970",PRINCESS DOCK,411.56,,Mahesh Mohite,2020-03-03 16:20:30.300,A,,true,false,,,,,58,10,,,,0,true,,,,,,97,CLIVE ROAD,F.P 106 ESTATE,RR NO. 1189,RR NO. 1187,400009,2,"31001441",false,,,false,false,4594,,,,,,,,,,false,
4595,21,"310010150",OLD RR NO 1189,,,,B,ELPHINSTON (WEST),"93",PRINCESS DOCK,394.65,,Mahesh Mohite,2020-03-03 16:20:30.300,A,,true,false,,,,,58,10,,,,0,true,,,,,,97,CLIVE ROAD,RUSSEL,P.T passage,RR NO. 1188,400009,2,"31001442",false,,,false,false,4595,,,,,,,,,,false,
4596,21,"310010151",OLD RR NO 1284,,,,B,ELPHINSTON (WEST),"89",PRINCESS DOCK,174.19,,Mahesh Mohite,2020-03-03 16:20:30.300,A,,true,false,,,,,58,10,,,,0,true,,,,,,97,SANT TUKARAM ROAD,OLD RR NO. 1058,RR NO. 1166,SURAT STREET,400009,2,"31001429",false,,,false,false,4596,,,,,,,,,,false,
4597,21,"310010152",OLD RR NO 1327,,,,B,ELPHINSTON (WEST),"145",PRINCESS DOCK,301.93,,Mahesh Mohite,2020-03-03 16:20:30.300,A,,true,false,,,,,58,10,,,,0,true,,,,,,97,CLIVE ROAD,F.P 110B,CLIVE 2ND CROSS STREET,P.T PASSAGE,400009,2,"31001444",false,,,false,false,4597,,,,,,,,,,false,
4598,29,"312050010",OLD RR NO 1335,,,,A,APPOLO RECLAMATION ,"453",COLABA,472.69,,Mahesh Mohite,2020-03-03 16:20:30.300,A,mbpt_no,true,false, Date: 20-12-2019 User: mbpt_no <br>Remark: For sample<br> <br> Date: 20-12-2019 User: mbpt_hod <br>Remark: For sample<br>,,mbpt_hod,,58,12,mbpt_hod,,,0,true,,,,,,97,RR NO. 1916,SHAHID BHAGAT SINGH ROAD,RR NO. 1363,RR NO. 1311,400005,1,"31205118",false,,,false,false,4598,,,,,,,,,,false,
4599,21,"310010153",OLD RR NO 1496,,,,B,ELPHINSTON (WEST),"74",PRINCESS DOCK,753.22,,Mahesh Mohite,2020-03-03 16:20:30.300,A,,true,false,,,,,58,10,,,,0,true,,,,,,97,RR NO.1093 & RR NO. 1071,OLD RR 161 MT,SURAT STREET,OLD RR 1467,400009,2,"31001427",false,,,false,false,4599,,,,,,,,,,false,
4600,29,"312050011",OLD RR NO 1888,,,,A,APPOLO RECLAMATION ,"415",COLABA,699.09,,Mahesh Mohite,2020-03-03 16:20:30.300,A,mbpt_no,true,false, Date: 20-12-2019 User: mbpt_no <br>Remark: For sample<br> <br> Date: 20-12-2019 User: mbpt_hod <br>Remark: For sample<br>,,mbpt_hod,,58,12,mbpt_hod,,,0,true,,,,,,97,RR NO. 1992,RR NO. 1340,RR NO. 1813,ORMISTON ROAD,400005,1,"31205137",false,,,false,false,4600,,,,,,,,,,false,
4632,19,"309010055",PLOT NO 54,,,,B,ELPHINSTON (EAST),"35B/1",PRINCESS DOCK,79.34,,Mahesh Mohite,2020-03-03 16:20:30.300,A,,true,false,,,,,58,9,,,,0,true,,,,,,97,PLOT NO. 56,P.D MELLO ROAD,PLOT NO. 58,PLOT NO. 53,400009,2,"30901303",false,,,false,false,4632,,,,,,,,,,false,
4601,29,"312050012",OLD RR NO 1896,,,,A,APPOLO RECLAMATION ,"408",COLABA,685.06,,Mahesh Mohite,2020-03-03 16:20:30.300,A,mbpt_no,true,false, Date: 21-12-2019 User: mbpt_no <br>Remark: For sample<br> <br> Date: 21-12-2019 User: mbpt_hod <br>Remark: For sample<br>,,mbpt_hod,,58,12,mbpt_hod,,,0,true,,,,,,97,RR NO. 1911,RR NO. 1912,RR NO. 939,MANDLIK ROAD,400005,1,"31205126",false,,,false,false,4601,,,,,,,,,,false,
4642,19,"309010063",PLOT NO 89,,,,B,ELPHINSTON (EAST),"1",PRINCESS DOCK,81.66,,Mahesh Mohite,2020-03-03 16:20:30.300,A,,true,false,,,,,58,9,,,,0,true,,,,,,97,P.T PASSAGE,P.D MELLO ROAD,PLOT NO. 90,PLOT NO. 88,400009,2,"30901319",false,,,false,false,4642,,,,,,,,,,false,
4602,26,"312020050",OLD RR NO 1898,,,,A,SASSOON DOCK,"24563",COLABA,155.33,,Mahesh Mohite,2020-03-03 16:20:30.300,A,mbpt_no,true,false, Date: 16-12-2019 User: mbpt_no <br>Remark: For sample<br> <br> Date: 18-12-2019 User: mbpt_hod <br>Remark: City survey no. is wrong<br> <br> Date: 18-12-2019 User: mbpt_no <br>Remark: For sample<br> <br> Date: 18-12-2019 User: mbpt_hod <br>Remark: For sample<br>,,mbpt_hod,,58,12,mbpt_hod,,,0,true,,,,,,97,LEASED TO GUJRA MATSYA UDYOG KENDRIYA SHAKARI SANSTHA LTD. RR NO. 1932,M-61,P.T PASSAGE,ROAD,400005,1,"31202132",false,,,false,false,4602,,,,,,,,,,false,
4603,21,"310010154",OLD RR NO 704,,,,B,ELPHINSTON (WEST),FP No.77,PRINCESS DOCK,166.30,,Mahesh Mohite,2020-03-03 16:20:30.300,A,,true,false,,,,,58,10,,,,0,true,,,,,,97,RR NO. 1147,M.T 82-72,M.T 88,P.T PASSAGE,400009,2,"31001406",false,,,false,false,4603,,,,,,,,,,false,
4604,21,"310010155",OLD RR NO.1163,,,,B,ELPHINSTON (WEST),"61",PRINCESS DOCK,507.71,,Mahesh Mohite,2020-03-03 16:20:30.300,A,,true,false,,,,,58,10,,,,0,true,,,,,,97,"92-A MT",RR NO. 1107,F.P 81E,TRUSTEES LAND,400009,2,"31001413",false,,,false,false,4604,,,,,,,,,,false,
4605,24,"311020050",OLD RR. NO. 1990,,,,A,MODY BAY,"1095",FORT,2398.57,,Mahesh Mohite,2020-03-03 16:20:30.300,A,,true,false,,,,,58,11,,,,0,true,,,,,,97,RR NO. 1081,Y.T NO. 13,CALLICUT STREET,COACHIN STREET,400001,1,"31102241",false,,,false,false,4605,,,,,,,,,,false,
4610,21,"310010158",OLDRR1282,,,,B,ELPHINSTON (WEST),FP No.64,PRINCESS DOCK,277.59,,Mahesh Mohite,2020-03-03 16:20:30.300,A,,true,false,,,,,58,10,,,,0,true,,,,,,97,RYAN GRAIN MARKET,OLD RR NO. 1058,RR NO. 1166,SURAT STREET,400009,2,"31001241",false,,,false,false,4610,,,,,,,,,,false,
4611,24,"311020053",OLDYT 159,,,,A,MODY BAY,"1149",FORT,290.51,,Mahesh Mohite,2020-03-03 16:20:30.300,A,,true,false,,,,,58,11,,,,0,true,,,,,,97,HARBOUR POLICE STATION GOVT.LAND,SHAHID BHAGAT SINGH ROAD,RR NO. 1237,RR NO. 2057,400001,1,"31102142",false,,,false,false,4611,,,,,,,,,,false,
4612,26,"312020051",OPEN SHED NO 165 A,,,,A,SASSOON DOCK,"67",COLABA,17.10,,Mahesh Mohite,2020-03-03 16:20:30.300,A,mbpt_no,true,false," Date: 16-12-2019 User: mbpt_no <br>Remark: For Sample
<br> <br> Date: 16-12-2019 User: mbpt_hod <br>Remark: For sample<br>",,mbpt_hod,,58,12,mbpt_hod,,,0,true,,,,,,97,P.T PASSAGE,P.T PASSAGE,RAMP PASSAGE,COMAPRTMENT -A MT VACANT,400005,1,"31202114",false,,,false,false,4612,,,,,,,,,,false,
4681,24,"311020056",R R 1967,,,,A,MODY BAY,"1188",FORT,288.00,,Mahesh Mohite,2020-03-03 16:20:30.300,A,,true,false,,,,,58,11,,,,0,true,,,,,,97,RAMJIBHAI KAMANI MARG,JAHAZ BHAVAN GOVT. LAND,WALCHAND HIRACHAND MARG,RR NO. 1965,400001,1,"31102121",false,,,false,false,4681,,,,,,,,,,false,
4614,23,"311010055",P T PASSAGE BEARING R R 1946,,,,A,BALLARD ESTATE , , ,2.18,,Mahesh Mohite,2020-03-03 16:20:30.300,A,,true,false,,,,,58,11,,,,0,true,,,,,,97,WALCHAND HIRACHAND MARG,SPROTT ROAD,"26, GRAND HOTEL",P.T PASSAGE,400001,1,"31101242",false,,,false,false,4614,,,,,,,,,,false,
4615,23,"311010056",P T PASSAGE BEHIND R R NO 878,,,,A,BALLARD ESTATE ,"3/1187",FORT,124.85,,Mahesh Mohite,2020-03-03 16:20:30.300,A,,true,false,,,,,58,11,,,,0,true,,,,,,97,WALCHAND HIRACHAND MARG,ARYAN BHAVAN,BANK OF BARODA,P.T PASSAGE,400001,1,"31101103",false,,,false,false,4615,,,,,,,,,,false,
4672,29,"312050021",R R 1266,,,,A,APPOLO RECLAMATION ,"3/384",COLABA,1068.48,,Mahesh Mohite,2020-03-03 16:20:30.300,A,mbpt_no,true,false," Date: 21-12-2019 User: mbpt_no <br>Remark: For sample<br> <br> Date: 21-12-2019 User: mbpt_hod <br>Remark: For sample
<br>",,mbpt_hod,,58,12,mbpt_hod,,,0,true,,,,,,97,P.J. RAMCHANDANI MARG,RR NO. 1257,RR NO. 1174,RR NO. 1245,400001,1,"31205303",false,,,false,false,4672,,,,,,,,,,false,
4616,21,"310010159",PART OF OLD RR 1056,,,,B,ELPHINSTON (WEST),"128",PRINCESS DOCK,74.23,,Mahesh Mohite,2020-03-03 16:20:30.300,A,,true,false,,,,,58,10,,,,0,true,,,,,,97,MT-26 F.C.I,NANDLAL JANI ROAD,KALYAN STREET,THANA STREET,400009,2,"31001640",false,,,false,false,4616,,,,,,,,,,false,
4617,26,"312020053",PASS.ON R.SIDE COMPT 3 GDN 166,,,,A,SASSOON DOCK,"67",COLABA,31.91,,Mahesh Mohite,2020-03-03 16:20:30.300,A,mbpt_no,true,false, Date: 20-12-2019 User: mbpt_no <br>Remark: For sample<br> <br> Date: 20-12-2019 User: mbpt_hod <br>Remark: For sample<br>,,mbpt_hod,,58,12,mbpt_hod,,,0,true,,,,,,97,"15.25 M ROAD",DUMYANE ROAD,B.P.T OFFICE,P.T PASSAGE,400005,1,"31202250",false,,,false,false,4617,,,,,,,,,,false,
4618,26,"312020054","25",,,,A,SASSOON DOCK,"67",COLABA,107.66,,Mahesh Mohite,2020-03-03 16:20:30.300,A,mbpt_no,true,false, Date: 20-12-2019 User: mbpt_no <br>Remark: For sample<br> <br> Date: 20-12-2019 User: mbpt_hod <br>Remark: For sample<br>,,mbpt_hod,,58,12,mbpt_hod,,,0,true,,,,,,97,PLOT NO-26 & PLOT NO-26B,PLOT NO-29,DIRECTORS OF FISHERIES GOVT. OF MAHARASHTRA,P.T PASSAGE,400001,1,"31202142",false,,,false,false,4618,,,,,,,,,,false,
4619,19,"309010046",PLOT 57 AT MANSION ROAD,,,,B,ELPHINSTON (EAST),"1",PRINCESS DOCK,118.73,,Mahesh Mohite,2020-03-03 16:20:30.300,A,,true,false,,,,,58,9,,,,0,true,,,,,,97,P.T PASSAGE,PLOT NO. 58,PLOT NO. 59 & PLOT NO. 60,PLOT NO. 56,400009,2,"30901246",false,,,false,false,4619,,,,,,,,,,false,
4620,19,"309010047",PLOT 64 (JUNCTION PLOT),,,,B,ELPHINSTON (EAST),"35A/1",PRINCESS DOCK,118.45,,Mahesh Mohite,2020-03-03 16:20:30.300,A,,true,false,,,,,58,9,,,,0,true,,,,,,97,PLOT NO. 62,P.D MELLO ROAD,P.T PASSAGE,PLOT NO. 58,400009,2,"30901301",false,,,false,false,4620,,,,,,,,,,false,
4621,26,"312020055","9 AND 9A WITH ADDITIONAL LAND",,,,A,SASSOON DOCK,"17/67",COLABA,37.84,,Mahesh Mohite,2020-03-03 16:20:30.300,A,mbpt_no,true,false, Date: 21-12-2019 User: mbpt_no <br>Remark: For sample<br> <br> Date: 21-12-2019 User: mbpt_hod <br>Remark: For sample<br>,,mbpt_hod,,58,12,mbpt_hod,,,0,true,,,,,,97,P.T PASSAGE,DUMYANE ROAD,PLOT NO-08 , PLOT NO-9A,400005,1,"31202106",false,,,false,false,4621,,,,,,,,,,false,
4622,19,"309010048",PLOT AT P.D'MELLO RD.,,,,A,ELPHINSTON (EAST),"125/1187",FORT,365.02,,Mahesh Mohite,2020-03-03 16:20:30.300,A,,true,false,,,,,58,9,,,,0,true,,,,,,97,RR NO. 2024,PLOT NO. 04,P.T ROAD,RR NO. 1674,400009,1,"30901105",true,,,false,false,4622,,,,,,,,,,false,
4623,19,"309010049",PLOT NO 101 102 & 103,,,,B,ELPHINSTON (EAST),"197/1",PRINCESS DOCK,565.98,,Mahesh Mohite,2020-03-03 16:20:30.300,A,,true,false,,,,,58,9,,,,0,true,,,,,,97,ORANGE GATE,P.T PASSAGE,THE MILLS STORES CO. (BOMBAY) PVT LTD,PLOT NO-101,400009,2,"30901328",false,,,false,false,4623,,,,,,,,,,false,
4626,19,"309010050",PLOT NO 105 (JUNCTION PLOT),,,,B,ELPHINSTON (EAST),"1",PRINCESS DOCK,93.93,,Mahesh Mohite,2020-03-03 16:20:30.300,A,,true,false,,,,,58,9,,,,0,true,,,,,,97,MALLET ROAD,P.D MELLO ROAD,ORANGE GATE,THE MILLS STORES CO. (BOMBAY) PVT LTD,400009,2,"30901330",false,,,false,false,4626,,,,,,,,,,false,
4627,19,"309010051",PLOT NO 109 (JUNCTION PLOT),,,,B,ELPHINSTON (EAST),"1",PRINCESS DOCK,68.56,,Mahesh Mohite,2020-03-03 16:20:30.300,A,,true,false,,,,,58,9,,,,0,true,,,,,,97,PLOT NO. 108,P.D MELLO ROAD,MALLET ROAD,P.T PASSAGE,400009,2,"30901331",false,,,false,false,4627,,,,,,,,,,false,
4628,19,"309010052",PLOT NO 12 & 13,,,,B,ELPHINSTON (EAST),"192/1",PRINCESS DOCK,536.52,,Mahesh Mohite,2020-03-03 16:20:30.300,A,,true,false,,,,,58,9,,,,0,true,,,,,,97,RAILWAY TRACK,P.D MELLO ROAD,"84 -SULABH ",B.P.T WEREHOUSE,400009,2,"30901314",false,,,false,false,4628,,,,,,,,,,false,
4630,19,"309010053",PLOT NO 18 (NEW PLOT NO.58),,,,B,ELPHINSTON (EAST),"35B/1",PRINCESS DOCK,80.55,,Mahesh Mohite,2020-03-03 16:20:30.300,A,,true,false,,,,,58,9,,,,0,true,,,,,,97,RR NO. 1643 & 1644,PLOT NO. 109,P.T PASSAGE,P.T PASSAGE,400009,2,"30901302",false,,,false,false,4630,,,,,,,,,,false,
4631,19,"309010054",PLOT NO 52,,,,B,ELPHINSTON (EAST),"181/1",PRINCESS DOCK,84.82,,Mahesh Mohite,2020-03-03 16:20:30.300,A,,true,false,,,,,58,9,,,,0,true,,,,,,97,EASTERN UNKER LTD.,P.D MELLO ROAD,PLOT NO. 53,RR NO. 1887,400009,2,"30901305",false,,,false,false,4631,,,,,,,,,,false,
8180,21,"310010238",PORTION OF PLOT 162, , , ,B WARD , ,FP No.129A (part),PRINCESS DOCK,481.61,,Mahesh Mohite,2020-07-15 12:13:57.570,A,,true,false, ,,,,58,10,nihar, , ,0,true, , , ,,,97, , , , ,,,"31001525",false,,,false,false,8180,,,,,,,,,,true,
4635,19,"309010057",PLOT NO 61 & 61-A,,,,B,ELPHINSTON (EAST),"1",PRINCESS DOCK,536.52,,Mahesh Mohite,2020-03-03 16:20:30.300,A,,true,false,,,,,58,9,,,,0,true,,,,,,97,RAILWAY TRACK,P.D MELLO ROAD,"84 -SULABH ",B.P.T WEREHOUSE,400009,2,"30901249",false,,,false,false,4635,,,,,,,,,,false,
7574,14,"206010088","7 GHARUPDEO X LANE NO.1",,Private Structure,,E,,"14/671",MAZAGAON,216.00,,Mahesh Mohite,2020-05-09 18:01:36.360,A,,true,false,,,,,57,6,,,,0,true,,,,,,97,,,,,,,"20601105",false,,,false,false,7574,,,,,,,,,,false,
4636,19,"309010058",PLOT NO 69,,,,B,ELPHINSTON (EAST),"1",PRINCESS DOCK,35.02,,Mahesh Mohite,2020-03-03 16:20:30.300,A,,true,false,,,,,58,9,,,,0,true,,,,,,97,P.T PASSAGE,P.D MELLO ROAD,PLOT NO. 68,PLOT NO. 70 & PLOT NO. 71,400009,2,"30901327",false,,,false,false,4636,,,,,,,,,,false,
4637,19,"309010059",PLOT NO 71 & 72,,,,B,ELPHINSTON (EAST),"1",PRINCESS DOCK,100.90,,Mahesh Mohite,2020-03-03 16:20:30.300,A,,true,false,,,,,58,9,,,,0,true,,,,,,97,PLOT NO-71,P.D MELLO ROAD,PLOT NO-69,P.T PASSAGE,400009,2,"30901307",false,,,false,false,4637,,,,,,,,,,false,
4640,19,"309010061",PLOT NO 87,,,,B,ELPHINSTON (EAST),"1",PRINCESS DOCK,158.21,,Mahesh Mohite,2020-03-03 16:20:30.300,A,,true,false,,,,,58,9,,,,0,true,,,,,,97,P.T PASSAGE,P.D MELLO ROAD,PLOT NO. 88,RR NO. 1815,400009,2,"30901317",false,,,false,false,4640,,,,,,,,,,false,
4633,19,"309010056",PLOT NO 59 AT MANSON ROAD,,,,B,ELPHINSTON (EAST),"179/1",PRINCESS DOCK,74.79,,Mahesh Mohite,2020-03-03 16:20:30.300,A,,true,false,,,,,58,9,,,,0,true,,,,,,97,PLOT NO. 60 & PLOT NO. 61A,PLOT NO. 58 7 PLOT NO. 64,PLOT NO.62,PLOT NO. 57,400009,2,"30901247",false,,,false,false,4633,,,,,,,,,,true,
4643,19,"309010064",PLOT NO 90,,,,B,ELPHINSTON (EAST),"1",PRINCESS DOCK,317.17,,Mahesh Mohite,2020-03-03 16:20:30.300,A,,true,false,,,,,58,9,,,,0,true,,,,,,97,P.T PASSAGE,P.D MELLO ROAD,P.T PASSAGE,PLOT NO. 89,400009,2,"30901320",false,,,false,false,4643,,,,,,,,,,false,
4644,19,"309010065",PLOT NO 91,,,,B,ELPHINSTON (EAST),"1",PRINCESS DOCK,36.70,,Mahesh Mohite,2020-03-03 16:20:30.300,A,,true,false,,,,,58,9,,,,0,true,,,,,,97,P.T PASSAGE,P.T PASSAGE,PLOT NO. 92,P.T PASSAGE,400009,2,"30901321",false,,,false,false,4644,,,,,,,,,,false,
4645,19,"309010066",PLOT NO 92,,,,B,ELPHINSTON (EAST),"182/1",PRINCESS DOCK,494.34,,Mahesh Mohite,2020-03-03 16:20:30.300,A,,true,false,,,,,58,9,,,,0,true,,,,,,97,P.T PASSAGE,P.T PASSAGE,B.P.T WAREHOUSE .10, PLOT NO. 91 15-ML,400009,2,"30901322",false,,,false,false,4645,,,,,,,,,,false,
4646,19,"309010067",PLOT NO.104-A,,,,B,ELPHINSTON (EAST),"203",PRINCESS DOCK,33.07,,Mahesh Mohite,2020-03-03 16:20:30.300,A,,true,false,,,,,58,9,,,,0,true,,,,,,97,THE MILLS STORES CO. (BOMBAY) PVT LTD,P.T PASSAGE,P.T PASSAGE,PLOT NO. 102,400009,2,"30901326",false,,,false,false,4646,,,,,,,,,,false,
4647,19,"309010068",PLOT NO.53,,,,B,ELPHINSTON (EAST),"181/1",PRINCESS DOCK,47.38,,Mahesh Mohite,2020-03-03 16:20:30.300,A,,true,false,,,,,58,9,,,,0,true,,,,,,97,R.R.NO.2014,P.D MELLO ROAD,PLOT NO. 54,PLOT NO. 52,400009,2,"30901304",false,,,false,false,4647,,,,,,,,,,false,
4648,19,"309010069",PLOT NO.68,,,,B,ELPHINSTON (EAST),"1",PRINCESS DOCK,53.88,,Mahesh Mohite,2020-03-03 16:20:30.300,A,,true,false,,,,,58,9,,,,0,true,,,,,,97,PLOT NO. 07,P.D MELLO ROAD,PLOT NO. 67,PLOT NOI. 69,400009,2,"30901311",false,,,false,false,4648,,,,,,,,,,false,
4651,29,"312050013",POR'N OF NF RD BTWN RR 677&701,,,,A,APPOLO RECLAMATION , , ,1648.94,,Mahesh Mohite,2020-03-03 16:20:30.300,A,mbpt_no,true,false," Date: 16-12-2019 User: mbpt_no <br>Remark: For sample<br> <br> Date: 16-12-2019 User: mbpt_hod <br>Remark: For sample
<br>",,mbpt_hod,,58,12,mbpt_hod,,,0,true,,,,,,97,P.J RAMCHANDANI MARG,MEREWETHER ROAD,RR NO. 677,ORMISTON ROAD,400005,1,"31205311",false,,,false,false,4651,,,,,,,,,,false,
4705,21,"310010172",R R NO 1191 MASJID SIDING RD,,,,B,ELPHINSTON (WEST),"130",PRINCESS DOCK,1115.58,,Mahesh Mohite,2020-03-03 16:20:30.300,A,,true,false,,,,,58,10,,,,0,true,,,,,,97,FP-34,RR NO. 1190,RR NO. 1085 & RR NO. 1086,MASJID SIDING ROAD,400009,2,"31001203",false,,,false,false,4705,,,,,,,,,,false,
4653,21,"310010161",PORTION OF F P 69,,,,B,ELPHINSTON (WEST),"2",PRINCESS DOCK,2344.78,,Mahesh Mohite,2020-03-03 16:20:30.300,A,,true,false,,,,,58,10,,,,0,true,,,,,,97,P.D MELLO ROAD,P.T PASSAGE,P.T PASSAGE,NANDLAL JANI ROAD ( ARGYLE ROAD ),400009,2,"31001324",false,,,false,false,4653,,,,,,,,,,false,
4654,21,"310010162",PORTION OF FP 69 TUKARAM ROAD,,,,B,ELPHINSTON (WEST),"2",PRINCESS DOCK,25.92,,Mahesh Mohite,2020-03-03 16:20:30.300,A,,true,false,,,,,58,10,,,,0,true,,,,,,97,P.D MELLO ROAD,ACQUIRED BY GOVT. FOR THE TATA POWER CO. LTD.,RR NO. 1200 FP-68 I.G MANIYAR,NANDLAL JANI ROAD ( ARGYLE ROAD ),400009,2,"31001325",false,,,false,false,4654,,,,,,,,,,false,
4655,19,"309010070",PORTION OF NEW PLOT NO.86,,,,B,ELPHINSTON (EAST),"38/1",PRINCESS DOCK,61.50,,Mahesh Mohite,2020-03-03 16:20:30.300,A,,true,false,,,,,58,9,,,,0,true,,,,,,97,MANSION ROAD,RR NO. 1815,PLOT NO. 87,P.T PASSAGE,400009,2,"30901316",false,,,false,false,4655,,,,,,,,,,false,
4656,21,"310010163",PORTION OF OLD R R 1193,,,,B,ELPHINSTON (WEST), , ,1499.27,,Mahesh Mohite,2020-03-03 16:20:30.300,A,,true,false,,,,,58,10,,,,0,true,,,,,,97,LEASED TO BOMABY SUGAR MARKET,FP-67A,AHEMDABAD STRRET,FP-67C,400009,2,"31001219",false,,,false,false,4656,,,,,,,,,,false,
4657,21,"310010164",PORTION OF PLOT 162,,,,B,ELPHINSTON (WEST),"173",PRINCESS DOCK,301.01,,Mahesh Mohite,2020-03-03 16:20:30.300,A,,true,false,,,,,58,10,,,,0,true,,,,,,97,Y.T 167,Y.T 162,AMIN & SONS MT-162,POONA STREET,400009,2,"31001522",false,,,false,false,4657,,,,,,,,,,false,
4658,21,"310010165",PORTION OF PLOT 162,,,,B,ELPHINSTON (WEST),"173",PRINCESS DOCK,56.67,,Mahesh Mohite,2020-03-03 16:20:30.300,A,,true,false,,,,,58,10,,,,0,true,,,,,,97,MT-162,VACANT,FP-130-A,POONA STREET,400009,2,"31001523",false,,,false,false,4658,,,,,,,,,,false,
4659,21,"310010166",PORTION OF PLOT 162,,,,B,ELPHINSTON (WEST),"173",PRINCESS DOCK,12.48,,Mahesh Mohite,2020-03-03 16:20:30.300,A,,true,false,,,,,58,10,,,,0,true,,,,,,97,VACANT,MUSTAFA HUSSEN MT-162,FP-130-A,POONA STREET,400009,2,"31001524",false,,,false,false,4659,,,,,,,,,,false,
4662,19,"309010073",PT.STR(OLD CME BLDG)GROUND FLR,,,,E,ELPHINSTON (EAST),"893",MAZAGAON,548.53,,Mahesh Mohite,2020-03-03 16:20:30.300,A,,true,false,,,,,58,9,,,,0,true,,,,,,97,P.T PASSAGE,OLD R.R.1642,GATE KEEPERS QRTS.,P.T PASSAGE,400009,5,"30901430",false,,,false,false,4662,,,,,,,,,,false,
4663,21,"310010167",R R 1041,,,,B,ELPHINSTON (WEST),"55",PRINCESS DOCK,297.29,,Mahesh Mohite,2020-03-03 16:20:30.300,A,,true,false,,,,,58,10,,,,0,true,,,,,,97,P.D MELLO ROAD,WISE STEEL FP-51,BROACH STREET,WESTERN INDIA,400009,2,"31001210",false,,,false,false,4663,,,,,,,,,,false,
4664,29,"312050014",R R 1160,,,,A,APPOLO RECLAMATION ,"2/400",COLABA,543.76,,Mahesh Mohite,2020-03-03 16:20:30.300,A,mbpt_no,true,false," Date: 16-12-2019 User: mbpt_no <br>Remark: For sample<br> <br> Date: 16-12-2019 User: mbpt_hod <br>Remark: For sample
<br>",,mbpt_hod,,58,12,mbpt_hod,,,0,true,,,,,,97,FOSBERY HOUSE ,RR NO. 1170,RR NO. 1192,WALTON ROAD,400005,1,"31205215",false,,,false,false,4664,,,,,,,,,,false,
4665,29,"312050015",R R 1170,,,,A,APPOLO RECLAMATION ,"1/400",COLABA,558.81,,Mahesh Mohite,2020-03-03 16:20:30.300,A,mbpt_no,true,false," Date: 16-12-2019 User: mbpt_no <br>Remark: For sample<br> <br> Date: 16-12-2019 User: mbpt_hod <br>Remark: For sample
<br>",,mbpt_hod,,58,12,mbpt_hod,,,0,true,,,,,,97,RR NO. 1160,RR NO. 1103,RR NO. 1192 & PLOT NO. 20,WALTON ROAD,400005,1,"31205216",false,,,false,false,4665,,,,,,,,,,false,
4666,21,"310010168",R R 1172,,,,B,ELPHINSTON (WEST),FP No.65,PRINCESS DOCK,904.87,,Mahesh Mohite,2020-03-03 16:20:30.300,A,,true,false,,,,,58,10,,,,0,true,,,,,,97,RR NO. 1326 & RR NO.1301,SANT TUKARAM ROAD,BARODA STREET ,AHEMDABAD STREET,400009,2,"31001248",false,,,false,false,4666,,,,,,,,,,false,
4667,29,"312050016",R R 1174,,,,A,APPOLO RECLAMATION ,"4/384",COLABA,2245.10,,Mahesh Mohite,2020-03-03 16:20:30.300,A,mbpt_no,true,false," Date: 16-12-2019 User: mbpt_no <br>Remark: For sample<br> <br> Date: 16-12-2019 User: mbpt_hod <br>Remark: For sample
<br>",,mbpt_hod,,58,12,mbpt_hod,,,0,true,,,,,,97,RR NO. 1174 & ,MEREWETHER ROAD,MUNCIPAL PUMPING STN.,RR NO. 1257,400005,1,"31205302",false,,,false,false,4667,,,,,,,,,,false,
4668,29,"312050017",R R 1176,,,,A,APPOLO RECLAMATION ,"2/384",COLABA,1241.66,,Mahesh Mohite,2020-03-03 16:20:30.300,A,mbpt_no,true,false," Date: 16-12-2019 User: mbpt_no <br>Remark: For sample<br> <br> Date: 16-12-2019 User: mbpt_hod <br>Remark: For sample
<br>",,mbpt_hod,,58,12,mbpt_hod,,,0,true,,,,,,97,P.J. RAMCHANDANI MARG,MUNCIPAL PUMPING STN.,RR NO. 1181,RR NO. 1174,400005,1,"31205301",false,,,false,false,4668,,,,,,,,,,false,
4669,29,"312050018",R R 1233,,,,A,APPOLO RECLAMATION ,"7/400",COLABA,943.43,,Mahesh Mohite,2020-03-03 16:20:30.300,A,mbpt_no,true,false," Date: 16-12-2019 User: mbpt_no <br>Remark: For sample
<br> <br> Date: 16-12-2019 User: mbpt_hod <br>Remark: For sample
<br>",,mbpt_hod,,58,12,mbpt_hod,,,0,true,,,,,,97,RR NO. 1103,SHAHID BHAGAT SING ROAD,RR NO. 1265,WALTON ROAD,400005,1,"31205218",false,,,false,false,4669,,,,,,,,,,false,
4670,29,"312050019",R R 1245,,,,A,APPOLO RECLAMATION ,"10/384",COLABA,1036.71,,Mahesh Mohite,2020-03-03 16:20:30.300,A,mbpt_no,true,false," Date: 16-12-2019 User: mbpt_no <br>Remark: For sample<br> <br> Date: 16-12-2019 User: mbpt_hod <br>Remark: For sample
<br>",,mbpt_hod,,58,12,mbpt_hod,,,0,true,,,,,,97,P.J. RAMCHANDANI MARG,RR NO. 1328 7 RR NO. 1309,RR NO. 1266,P.T. PASSAGE,400001,1,"31205304",false,,,false,false,4670,,,,,,,,,,false,
4671,29,"312050020",R R 1265,,,,A,APPOLO RECLAMATION ,"6/400",COLABA,828.38,,Mahesh Mohite,2020-03-03 16:20:30.300,A,mbpt_no,true,false, Date: 20-12-2019 User: mbpt_no <br>Remark: For sample<br> <br> Date: 21-12-2019 User: mbpt_hod <br>Remark: For sample<br>,,mbpt_hod,,58,12,mbpt_hod,,,0,true,,,,,,97,PLOT NO. 20,SHAHID BHAGAT SING ROAD,HENRY ROAD,RR NO. 1233,400001,1,"31205219",false,,,false,false,4671,,,,,,,,,,false,
4661,19,"309010072",PT SHED ON PLOT NO.70,,,,B,ELPHINSTON (EAST),"1",PRINCESS DOCK,69.89,,Mahesh Mohite,2020-03-03 16:20:30.300,A,,true,false,,,,,58,9,,,,0,true,,,,,,97,PLOT NO. 73,P.D MELLO ROAD,PLOT NO. 69,P.T PASSAGE,400009,2,"30901306",false,,,false,false,4661,,,,,,,,,,true,
4673,29,"312050022",R R 1309,,,,A,APPOLO RECLAMATION ,"13/384",COLABA,712.57,,Mahesh Mohite,2020-03-03 16:20:30.300,A,mbpt_no,true,false," Date: 16-12-2019 User: mbpt_no <br>Remark: For sample<br> <br> Date: 16-12-2019 User: mbpt_hod <br>Remark: For sample
<br>",,mbpt_hod,,58,12,mbpt_hod,,,0,true,,,,,,97,RR NO. 1245,MEREWETHER ROAD,RR NO. 1328,P.T. PASSAGE,400001,1,"31205305",false,,,false,false,4673,,,,,,,,,,false,
4674,19,"309010074",R R 1643,,,,B,ELPHINSTON (EAST),"172/1",PRINCESS DOCK,24.16,,Mahesh Mohite,2020-03-03 16:20:30.300,A,,true,false,,,,,58,9,,,,0,true,,,,,,97,P.T PASSAGE,MUZWAR PAKHADI ROAD,GATE KEEPERS QRTS.,P.T PASSAGE,400009,2,"30901333",false,,,false,false,4674,,,,,,,,,,false,
4676,19,"309010076",R R 1730,,,,B,ELPHINSTON (EAST),"45/1",PRINCESS DOCK,544.50,,Mahesh Mohite,2020-03-03 16:20:30.300,A,,true,false,,,,,58,9,,,,0,true,,,,,,97,MANSION ROAD,P.D MELLO ROAD,RR NO. 1990,RR NO. LOHA BHAVAN 2065,400009,2,"30901231",false,,,false,false,4676,,,,,,,,,,false,
4677,23,"311010058",R R 1843,,,,A,BALLARD ESTATE , , ,40.13,,Mahesh Mohite,2020-03-03 16:20:30.300,A,,true,false,,,,,58,11,,,,0,true,,,,,,97,P.T PASSAGE,P.T PASSAGE,R.G,P.T PASSAGE,400001,1,"31101122",false,,,false,false,4677,,,,,,,,,,false,
4678,19,"309010077",R R 1879,,,,B,ELPHINSTON (EAST),"37/1",PRINCESS DOCK,224.82,,Mahesh Mohite,2020-03-03 16:20:30.300,A,,true,false,,,,,58,9,,,,0,true,,,,,,97,MANSION ROAD,P.D MELLO ROAD,RR NO. 1857,P.T PASSAGE,400009,2,"30901235",false,,,false,false,4678,,,,,,,,,,false,
4679,19,"309010078",R R 1880,,,,B,ELPHINSTON (EAST),"46/1",PRINCESS DOCK,540.60,,Mahesh Mohite,2020-03-03 16:20:30.300,A,,true,false,,,,,58,9,,,,0,true,,,,,,97,MANSION ROAD,P.D MELLO ROAD,P.T PASSAGE,RR NO. 1730,400009,2,"30901234",false,,,false,false,4679,,,,,,,,,,false,
4682,19,"309010079",R R 2014(OLD R R 1464 & 1656),,,,B,ELPHINSTON (EAST),"36/1",PRINCESS DOCK,320.89,,Mahesh Mohite,2020-03-03 16:20:30.300,A,,true,false,,,,,58,9,,,,0,true,,,,,,97,P.T PASSAGE,PLOT NO. 52 & PLOT NO.53,PLOT NO. 56,RR NO. 1887,400009,2,"30901243",false,,,false,false,4682,,,,,,,,,,false,
4722,29,"312050056",R R NO 1323,,,,A,APPOLO RECLAMATION ,"18/384",COLABA,497.01,,Mahesh Mohite,2020-03-03 16:20:30.300,A,mbpt_no,true,false, Date: 17-12-2019 User: mbpt_no <br>Remark: For sample<br> <br> Date: 17-12-2019 User: mbpt_hod <br>Remark: For sample<br>,,mbpt_hod,,58,12,mbpt_hod,,,0,true,,,,,,97,RR NO. 1306,RR NO. 1330,RR NO. 1229,P.T PASSAGE,400001,1,"31205237",false,,,false,false,4722,,,,,,,,,,false,
4683,19,"309010080",R R 2015 (OLD R R 1682),,,,B,ELPHINSTON (EAST),"39/1",PRINCESS DOCK,531.59,,Mahesh Mohite,2020-03-03 16:20:30.300,A,,true,false,,,,,58,9,,,,0,true,,,,,,97,MANSION ROAD,P.D MELLO ROAD,P.T PASSAGE,RR NO. 1833,400009,2,"30901228",false,,,false,false,4683,,,,,,,,,,false,
4684,19,"309010081",R R 2027,,,,B,ELPHINSTON (EAST),"8/193",PRINCESS DOCK,2645.69,,Mahesh Mohite,2020-03-03 16:20:30.300,A,,true,false,,,,,58,9,,,,0,true,,,,,,97,P.T PASSAGE,P.T PASSAGE,P.T PASSAGE,P.T PASSAGE,400009,2,"30901336",false,,,false,false,4684,,,,,,,,,,false,
4685,29,"312050023", R R 582,,,,A,APPOLO RECLAMATION ,"464",COLABA,428.56,,Mahesh Mohite,2020-03-03 16:20:30.300,A,mbpt_no,true,false, Date: 20-12-2019 User: mbpt_no <br>Remark: For sample<br> <br> Date: 20-12-2019 User: mbpt_hod <br>Remark: For sample<br>,,mbpt_hod,,58,12,mbpt_hod,,,0,true,,,,,,97,RR NO. 647,BATTERY STREET,CHATRAPATI SHIVAJI MAHARAJ MARG,RR NO. 871,400009,1,"31205101",false,,,false,false,4685,,,,,,,,,,false,
4686,29,"312050024", R R 633,,,,A,APPOLO RECLAMATION ,"465", colaba division,485.51,,Mahesh Mohite,2020-03-03 16:20:30.300,A,mbpt_no,true,false, Date: 24-12-2019 User: mbpt_no <br>Remark: cs no.<br> <br> Date: 24-12-2019 User: mbpt_no <br>Remark: For sample<br> <br> Date: 24-12-2019 User: mbpt_hod <br>Remark: For sample<br>,,mbpt_hod,,58,12,mbpt_hod,,,0,true,,,,,,97,STEVENS ST,RR NO. 647,CHATRAPATI SHIVAJI MAHARAJ MARG,RR NO. 741,400001,1,"31205103",false,,,false,false,4686,,,,,,,,,,false,
4688,29,"312050026",R R 671,,,,A,APPOLO RECLAMATION ,"462",COLABA,504.93,,Mahesh Mohite,2020-03-03 16:20:30.300,A,mbpt_no,true,false, Date: 20-12-2019 User: mbpt_no <br>Remark: For sample<br> <br> Date: 20-12-2019 User: mbpt_hod <br>Remark: For sample<br>,,mbpt_hod,,58,12,mbpt_hod,,,0,true,,,,,,97,RR NO.582,RR NO. 672,BATTERY STREET,RR NO-671,400005,1,"31205106",false,,,false,false,4688,,,,,,,,,,false,
4689,29,"312050027",R R NO 1052,,,,A,APPOLO RECLAMATION ,"382",COLABA,145.49,,Mahesh Mohite,2020-03-03 16:20:30.300,A,mbpt_no,true,false, Date: 20-12-2019 User: mbpt_no <br>Remark: For sample<br> <br> Date: 20-12-2019 User: mbpt_hod <br>Remark: For sample<br>,,mbpt_hod,,58,12,mbpt_hod,,,0,true,,,,,,97,RR NO. 1218,ARTHUR BUNDER ROAD,COLABA ROAD,RR NO-1215,400005,1,"31205242",false,,,false,false,4689,,,,,,,,,,false,
4805,24,"311020085",R.R.1658,,,,A,MODY BAY,"1090",FORT,245.26,,Mahesh Mohite,2020-03-03 16:20:30.300,A,,true,false,,,,,58,11,,,,0,true,,,,,,97,MARSHALS BLDG. RR NO. 1902,SHAHID BHAGAT SINGH ROAD,COACHIN STREET,RR NO. 1276,400001,1,"31102249",false,,,false,false,4805,,,,,,,,,,false,
4690,29,"312050028",R R NO 1073,,,,A,APPOLO RECLAMATION ,"1/385",COLABA,560.21,,Mahesh Mohite,2020-03-03 16:20:30.300,A,mbpt_no,true,false," Date: 16-12-2019 User: mbpt_no <br>Remark: For sample<br> <br> Date: 16-12-2019 User: mbpt_hod <br>Remark: For sample
<br>",,mbpt_hod,,58,12,mbpt_hod,,,0,true,,,,,,97,ORNAMENTAL GARDEN,OLIVER ROAD,WALTON ROAD,RR NO. 1129,400001,1,"31205221",false,,,false,false,4690,,,,,,,,,,false,
4691,21,"310010169",R R NO 1086 THANA ST,,,,B,ELPHINSTON (WEST),"110",PRINCESS DOCK,1235.80,,Mahesh Mohite,2020-03-03 16:20:30.300,A,,true,false,,,,,58,10,,,,0,true,,,,,,97,RR NO. 1085,RR NO. 1087,THANA STREET,RR NO. 1190 & RR NO. 1191,400009,2,"31001201",false,,,false,false,4691,,,,,,,,,,false,
4692,21,"310010170",R R NO 1102,,,,B,ELPHINSTON (WEST),"174",PRINCESS DOCK,1110.38,,Mahesh Mohite,2020-03-03 16:20:30.300,A,,true,false,,,,,58,10,,,,0,true,,,,,,97,MUSTAFA HUSSEN,CLIVE ROAD,P.T PASSAGE,P.T PASSAGE,400009,2,"31001528",false,,,false,false,4692,,,,,,,,,,false,
4693,29,"312050029",R R NO 1103,,,,A,APPOLO RECLAMATION ,"3/400",COLABA,621.06,,Mahesh Mohite,2020-03-03 16:20:30.300,A,mbpt_no,true,false," Date: 16-12-2019 User: mbpt_no <br>Remark: For sample<br> <br> Date: 16-12-2019 User: mbpt_hod <br>Remark: For sample
<br>",,mbpt_hod,,58,12,mbpt_hod,,,0,true,,,,,,97,RR NO. 1170,RR NO. 1233,PLOT NO. 20,WALTON ROAD,400001,1,"31205217",false,,,false,false,4693,,,,,,,,,,false,
4694,29,"312050030",R R NO 1114,,,,A,APPOLO RECLAMATION ,"6/385",COLABA,723.81,,Mahesh Mohite,2020-03-03 16:20:30.300,A,mbpt_no,true,false," Date: 16-12-2019 User: mbpt_no <br>Remark: For sample<br> <br> Date: 16-12-2019 User: mbpt_hod <br>Remark: For sample
<br>",,mbpt_hod,,58,12,mbpt_hod,,,0,true,,,,,,97,OLIVER ROAD,RR NO. 1247,WALTON ROAD,RR NO. 1158,400001,1,"31205225",false,,,false,false,4694,,,,,,,,,,false,
4695,29,"312050031",R R NO 1119,,,,A,APPOLO RECLAMATION ,"4/385",COLABA,679.68,,Mahesh Mohite,2020-03-03 16:20:30.300,A,mbpt_no,true,false," Date: 16-12-2019 User: mbpt_no <br>Remark: For sample<br> <br> Date: 16-12-2019 User: mbpt_hod <br>Remark: For sample
<br>",,mbpt_hod,,58,12,mbpt_hod,,,0,true,,,,,,97,ORNAMENTAL GARDEN,OLIVER ROAD,RR NO. 1129,RR NO.1141,400001,1,"31205223",false,,,false,false,4695,,,,,,,,,,false,
4696,29,"312050032",R R NO 1129,,,,A,APPOLO RECLAMATION ,"3/385",COLABA,679.40,,Mahesh Mohite,2020-03-03 16:20:30.300,A,mbpt_no,true,false," Date: 16-12-2019 User: mbpt_no <br>Remark: For sample<br> <br> Date: 16-12-2019 User: mbpt_hod <br>Remark: For sample
<br>",,mbpt_hod,,58,12,mbpt_hod,,,0,true,,,,,,97,ORNAMENTAL GARDEN,OLIVER ROAD,RR NO. 1073,RR NO. 1119,400001,1,"31205222",false,,,false,false,4696,,,,,,,,,,false,
4697,29,"312050033",R R NO 1131,,,,A,APPOLO RECLAMATION ,"401",COLABA,110.37,,Mahesh Mohite,2020-03-03 16:20:30.300,A,mbpt_no,true,false," Date: 16-12-2019 User: mbpt_no <br>Remark: For sample<br> <br> Date: 16-12-2019 User: mbpt_hod <br>Remark: For sample
<br>",,mbpt_hod,,58,12,mbpt_hod,,,0,true,,,,,,97,RR NO. 711,B.P.T GARAGES,BARROW ROAD,HENRY ROAD,400001,1,"31205210",false,,,false,false,4697,,,,,,,,,,false,
4698,29,"312050034",R R NO 1141,,,,A,APPOLO RECLAMATION ,"2/385",COLABA,715.35,,Mahesh Mohite,2020-03-03 16:20:30.300,A,mbpt_no,true,false," Date: 16-12-2019 User: mbpt_no <br>Remark: For sample<br> <br> Date: 16-12-2019 User: mbpt_hod <br>Remark: For sample
<br>",,mbpt_hod,,58,12,mbpt_hod,,,0,true,,,,,,97,ORNAMENTAL GARDEN,OLIVER ROAD,RR NO. 1119,GARDEN ROAD,400001,1,"31205224",false,,,false,false,4698,,,,,,,,,,false,
4699,29,"312050035",R R NO 1152,,,,A,APPOLO RECLAMATION ,"3/385",COLABA,781.41,,Mahesh Mohite,2020-03-03 16:20:30.300,A,mbpt_no,true,false," Date: 16-12-2019 User: mbpt_no <br>Remark: For sample
<br> <br> Date: 16-12-2019 User: mbpt_hod <br>Remark: For sample
<br>",,mbpt_hod,,58,12,mbpt_hod,,,0,true,,,,,,97,OLIVER ROAD,RR NO. 1346,RR NO. 1162,GARDEN ROAD,400001,1,"31205228",false,,,false,false,4699,,,,,,,,,,false,
4700,29,"312050036",R R NO 1158,,,,A,APPOLO RECLAMATION ,"7/385",COLABA,665.19,,Mahesh Mohite,2020-03-03 16:20:30.300,A,mbpt_no,true,false," Date: 16-12-2019 User: mbpt_no <br>Remark: For sample<br> <br> Date: 16-12-2019 User: mbpt_hod <br>Remark: For sample
<br>",,mbpt_hod,,58,12,mbpt_hod,,,0,true,,,,,,97,OLIVER ROAD,RR NO. 1378,RR NO. 1114,RR NO. 1162,400001,1,"31205226",false,,,false,false,4700,,,,,,,,,,false,
4701,29,"312050037",R R NO 1162,,,,A,APPOLO RECLAMATION ,"8/385",COLABA,710.71,,Mahesh Mohite,2020-03-03 16:20:30.300,A,mbpt_no,true,false," Date: 16-12-2019 User: mbpt_no <br>Remark: For sample
<br> <br> Date: 16-12-2019 User: mbpt_hod <br>Remark: For sample<br>",,mbpt_hod,,58,12,mbpt_hod,,,0,true,,,,,,97,OLIVER ROAD,RR NO. 1315,RR NO. 1158,RR NO. 1152,400001,1,"31205227",false,,,false,false,4701,,,,,,,,,,false,
4702,29,"312050038",R R NO 1178,,,,A,APPOLO RECLAMATION ,"5/384",COLABA,542.55,,Mahesh Mohite,2020-03-03 16:20:30.300,A,mbpt_no,true,false," Date: 16-12-2019 User: mbpt_no <br>Remark: For sample<br> <br> Date: 16-12-2019 User: mbpt_hod <br>Remark: For sample
<br>",,mbpt_hod,,58,12,mbpt_hod,,,0,true,,,,,,97,RR NO. 1229,RR NO. 1236,GARDEN ROAD,RR NO. 1330,400001,1,"31205246",false,,,false,false,4702,,,,,,,,,,false,
4703,29,"312050039",R R NO 1180,,,,A,APPOLO RECLAMATION ,"5/400",COLABA,868.46,,Mahesh Mohite,2020-03-03 16:20:30.300,A,mbpt_no,true,false, Date: 16-12-2019 User: mbpt_no <br>Remark: For sample<br> <br> Date: 16-12-2019 User: mbpt_hod <br>Remark: For sample<br>,,mbpt_hod,,58,12,mbpt_hod,,,0,true,,,,,,97,RR NO. 1192,RR NO. 1265,HENRY ROAD,RR NO. 1103,400001,1,"31205220",false,,,false,false,4703,,,,,,,,,,false,
4706,29,"312050040",R R NO 1192,,,,A,APPOLO RECLAMATION ,"4/400",COLABA,790.51,,Mahesh Mohite,2020-03-03 16:20:30.300,A,mbpt_no,true,false, Date: 16-12-2019 User: mbpt_no <br>Remark: For sample<br> <br> Date: 17-12-2019 User: mbpt_hod <br>Remark: For sample<br>,,mbpt_hod,,58,12,mbpt_hod,,,0,true,,,,,,97,FOSBERY HOUSE,RR NO. 1180,HENRY ROAD,RR NO. 1160,400001,1,"31205214",false,,,false,false,4706,,,,,,,,,,false,
4707,29,"312050041",R R NO 1204,,,,A,APPOLO RECLAMATION ,"470",COLABA,2205.80,,Mahesh Mohite,2020-03-03 16:20:30.300,A,mbpt_no,true,false, Date: 20-12-2019 User: mbpt_no <br>Remark: For sample<br> <br> Date: 20-12-2019 User: mbpt_hod <br>Remark: For sample<br>,,mbpt_hod,,58,12,mbpt_hod,,,0,true,,,,,,97,MEREWETHER ROAD,TULLOCH STREET,RR NO. 1433 & RR NO. 1387,RR NO. 1952,400001,1,"31205110",false,,,false,false,4707,,,,,,,,,,false,
4708,29,"312050042",R R NO 1215,,,,A,APPOLO RECLAMATION ,"383",COLABA,718.79,,Mahesh Mohite,2020-03-03 16:20:30.300,A,mbpt_no,true,false, Date: 16-12-2019 User: mbpt_no <br>Remark: For sample<br> <br> Date: 17-12-2019 User: mbpt_hod <br>Remark: For sample<br>,,mbpt_hod,,58,12,mbpt_hod,,,0,true,,,,,,97,RR NO. 1819,RR NO. 1532,RR NO. 1218,P.T PASSAGE,400001,1,"31205241",false,,,false,false,4708,,,,,,,,,,false,
4709,29,"312050043",R R NO 1216,,,,A,APPOLO RECLAMATION ,"1/389",COLABA,1134.16,,Mahesh Mohite,2020-03-03 16:20:30.300,A,mbpt_no,true,false, Date: 16-12-2019 User: mbpt_no <br>Remark: For sample<br> <br> Date: 17-12-2019 User: mbpt_hod <br>Remark: For sample<br>,,mbpt_hod,,58,12,mbpt_hod,,,0,true,,,,,,97,B.P.T BUILDING,MEREWETHER ROAD,HENRY ROAD,RR NO. 1382,400001,1,"31205249",false,,,false,false,4709,,,,,,,,,,false,
4710,29,"312050044",R R NO 1218,,,,A,APPOLO RECLAMATION ,"1/384",COLABA,637.93,,Mahesh Mohite,2020-03-03 16:20:30.300,A,mbpt_no,true,false," Date: 16-12-2019 User: mbpt_no <br>Remark: For sample<br> <br> Date: 17-12-2019 User: mbpt_hod <br>Remark: For sample
<br>",,mbpt_hod,,58,12,mbpt_hod,,,0,true,,,,,,97,RR NO. 1262,SHAHID BHAGAT SINGH ROAD,GARDEN RAOD,RR NO. 1215,400001,1,"31205243",false,,,false,false,4710,,,,,,,,,,false,
4711,29,"312050045",R R NO 1229,,,,A,APPOLO RECLAMATION ,"17/384",COLABA,557.42,,Mahesh Mohite,2020-03-03 16:20:30.300,A,mbpt_no,true,false," Date: 16-12-2019 User: mbpt_no <br>Remark: For sample<br> <br> Date: 17-12-2019 User: mbpt_hod <br>Remark: For sample
<br>",,mbpt_hod,,58,12,mbpt_hod,,,0,true,,,,,,97,RR NO. 1230,RR NO. 1178 ,GARDEN ROAD,RR NO. 1323,400001,1,"31205247",false,,,false,false,4711,,,,,,,,,,false,
4712,29,"312050046",R R NO 1230,,,,A,APPOLO RECLAMATION ,"8/384",COLABA,557.39,,Mahesh Mohite,2020-03-03 16:20:30.300,A,mbpt_no,true,false, Date: 16-12-2019 User: mbpt_no <br>Remark: For sample<br> <br> Date: 17-12-2019 User: mbpt_hod <br>Remark: For sample<br>,,mbpt_hod,,58,12,mbpt_hod,,,0,true,,,,,,97,RR NO. 1272,RR NO. 1229,GARDEN ROAD,RR NO. 1306,400001,1,"31205248",false,,,false,false,4712,,,,,,,,,,false,
4713,29,"312050047",R R NO 1236,,,,A,APPOLO RECLAMATION ,"12/384",COLABA,557.39,,Mahesh Mohite,2020-03-03 16:20:30.300,A,mbpt_no,true,false, Date: 16-12-2019 User: mbpt_no <br>Remark: For sample<br> <br> Date: 17-12-2019 User: mbpt_hod <br>Remark: For sample<br>,,mbpt_hod,,58,12,mbpt_hod,,,0,true,,,,,,97,RR NO. 1178,RR NO. 1262,GARDEN ROAD,RR NO. 1263,400001,1,"31205245",false,,,false,false,4713,,,,,,,,,,false,
4714,29,"312050048",R R NO 1247,,,,A,APPOLO RECLAMATION ,"10/385",COLABA,889.40,,Mahesh Mohite,2020-03-03 16:20:30.300,A,mbpt_no,true,false, Date: 16-12-2019 User: mbpt_no <br>Remark: For sample<br> <br> Date: 16-12-2019 User: mbpt_hod <br>Remark: For sample<br>,,mbpt_hod,,58,12,mbpt_hod,,,0,true,,,,,,97,RR NO. 1114,SHAHID BHAGAT SING ROAD,WALTON ROAD,RR NO. 1376,400001,1,"31205233",false,,,false,false,4714,,,,,,,,,,false,
4715,29,"312050049",R R NO 1251,,,,A,APPOLO RECLAMATION ,"15/384",COLABA,511.12,,Mahesh Mohite,2020-03-03 16:20:30.300,A,mbpt_no,true,false, Date: 16-12-2019 User: mbpt_no <br>Remark: For sample<br> <br> Date: 16-12-2019 User: mbpt_hod <br>Remark: For sample<br>,,mbpt_hod,,58,12,mbpt_hod,,,0,true,,,,,,97,MEREWETHER ROAD,RR NO. 1306,RR NO. 1272,P.T PASSAGE,400001,1,"31205235",false,,,false,false,4715,,,,,,,,,,false,
4716,29,"312050050",R R NO 1262,,,,A,APPOLO RECLAMATION ,"14/384",COLABA,578.47,,Mahesh Mohite,2020-03-03 16:20:30.300,A,mbpt_no,true,false, Date: 16-12-2019 User: mbpt_no <br>Remark: For sample<br> <br> Date: 16-12-2019 User: mbpt_hod <br>Remark: For sample<br>,,mbpt_hod,,58,12,mbpt_hod,,,0,true,,,,,,97,RR NO. 1236,RR NO. 1218,GARDEN ROAD,RR NO. 1819,400001,1,"31205244",false,,,false,false,4716,,,,,,,,,,false,
4717,29,"312050051",R R NO 1263,,,,A,APPOLO RECLAMATION ,"16/384",COLABA,501.18,,Mahesh Mohite,2020-03-03 16:20:30.300,A,mbpt_no,true,false, Date: 16-12-2019 User: mbpt_no <br>Remark: For sample<br> <br> Date: 16-12-2019 User: mbpt_hod <br>Remark: For sample                                          <br> <br> Date: 16-12-2019 User: mbpt_hod <br>Remark: For sample                                          <br>,,mbpt_hod,,58,12,mbpt_hod,,,0,true,,,,,,97,RR NO. 1330,RR NO. 1819,RR NO. 1236,P.T PASSAGE,400001,1,"31205239",false,,,false,false,4717,,,,,,,,,,false,
4718,29,"312050052",R R NO 1302,,,,A,APPOLO RECLAMATION ,"449",COLABA,456.06,,Mahesh Mohite,2020-03-03 16:20:30.300,A,mbpt_no,true,false, Date: 20-12-2019 User: mbpt_no <br>Remark: For sample<br> <br> Date: 20-12-2019 User: mbpt_hod <br>Remark: For sample<br>,,mbpt_hod,,58,12,mbpt_hod,,,0,true,,,,,,97,RR NO. 1413,SHAHID BHAGAT SINGH ROAD,NOVRJI FURDUNJI,RR NO. 1348,400005,1,"31205130",false,,,false,false,4718,,,,,,,,,,false,
4719,29,"312050053",R R NO 1306,,,,A,APPOLO RECLAMATION ,"17/384",COLABA,512.73,,Mahesh Mohite,2020-03-03 16:20:30.300,A,mbpt_no,true,false, Date: 18-12-2019 User: mbpt_no <br>Remark: For sample<br> <br> Date: 18-12-2019 User: mbpt_hod <br>Remark: For sample<br>,,mbpt_hod,,58,12,mbpt_hod,,,0,true,,,,,,97,RR NO. 1251,RR NO. 1323,RR NO. 1230,P.T PASSAGE,400001,1,"31205236",false,,,false,false,4719,,,,,,,,,,false,
7907,18,"208020004",STALL NO.6 BPT WADI BUNDER,,Mb.P.T. Structure,,E,,"76",MAZAGAON,1.49,,Mahesh Mohite,2020-05-09 18:01:36.360,A,,true,false,,,,,57,8,,,,0,true,,,,,,97,,,,,,,"20802104",false,,,false,false,7907,,,,,,,,,,true,
4720,29,"312050054",R R NO 1311,,,,A,APPOLO RECLAMATION ,"452",COLABA,537.91,,Mahesh Mohite,2020-03-03 16:20:30.300,A,mbpt_no,true,false, Date: 20-12-2019 User: mbpt_no <br>Remark: For sample<br> <br> Date: 20-12-2019 User: mbpt_hod <br>Remark: For sample<br>,,mbpt_hod,,58,12,mbpt_hod,,,0,true,,,,,,97,RR NO. 1999,SHAHID BHAGAT SINGH ROAD,RR NO. 1335,NOVRJI FURDUNJI ROAD,400005,1,"31205117",false,,,false,false,4720,,,,,,,,,,false,
4721,29,"312050055",R R NO 1315,,,,A,APPOLO RECLAMATION ,"12/385",COLABA,934.60,,Mahesh Mohite,2020-03-03 16:20:30.300,A,mbpt_no,true,false, Date: 17-12-2019 User: mbpt_no <br>Remark: For sample<br> <br> Date: 17-12-2019 User: mbpt_hod <br>Remark: For sample<br>,,mbpt_hod,,58,12,mbpt_hod,,,0,true,,,,,,97,RR NO. 1162,SHAHID BHAGAT SINGH ROAD,RR NO. 1376,RR NO. 1346,400001,1,"31205231",false,,,false,false,4721,,,,,,,,,,false,
4723,29,"312050057",R R NO 1330,,,,A,APPOLO RECLAMATION ,"19/384",COLABA,491.46,,Mahesh Mohite,2020-03-03 16:20:30.300,A,mbpt_no,true,false, Date: 17-12-2019 User: mbpt_no <br>Remark: For sample<br> <br> Date: 17-12-2019 User: mbpt_hod <br>Remark: For sample<br>,,mbpt_hod,,58,12,mbpt_hod,,,0,true,,,,,,97,RR NO. 1323,RR NO. 1263,RR NO. 1178,P.T PASSAGE,400001,1,"31205238",false,,,false,false,4723,,,,,,,,,,false,
4724,24,"311020057",R R NO 1337,,,,A,MODY BAY,"1155",FORT,324.23,,Mahesh Mohite,2020-03-03 16:20:30.300,A,,true,false,,,,,58,11,,,,0,true,,,,,,97,B.P.T RAILWAY MANAGERS OFFICE,RR NO 1337,RR NO. 1371,VAJU KOTAK MARG,400001,1,"31102145",false,,,false,false,4724,,,,,,,,,,false,
4725,29,"312050058",R R NO 1338,,,,A,APPOLO RECLAMATION ,"447",COLABA,482.54,,Mahesh Mohite,2020-03-03 16:20:30.300,A,mbpt_no,true,false, Date: 20-12-2019 User: mbpt_no <br>Remark: For sample<br> <br> Date: 20-12-2019 User: mbpt_hod <br>Remark: For sample<br>,,mbpt_hod,,58,12,mbpt_hod,,,0,true,,,,,,97,RR NO. 1912,SHAHID BHAGAT SINGH ROAD,RR NO. 1348,MANDLIK ROAD,400005,1,"31205128",false,,,false,false,4725,,,,,,,,,,false,
8005,14,"206010129","100", , , ,E WARD , ,"630 (Part)",MAZGAON,247.12,,Mahesh Mohite,2020-07-15 12:13:57.570,A,,true,false, ,,,,57,6,nihar, , ,0,true, , , ,,,97, , , , ,,,"20601242",false,,,false,false,8005,,,,,,,,,,true,
8204,19,"309010128",OLD R.R.NO.1519 GAMADIA RD., , , ,A WARD , ,,FORT,250.84,,Mahesh Mohite,2020-07-15 12:13:57.570,A,,true,false, ,,,,58,9,nihar, , ,0,true, , , ,,,97, , , , ,,,"30901128",false,,,false,false,8204,,,,,,,,,,false,
4726,29,"312050059", R R NO 1340,,,,A,APPOLO RECLAMATION ,"418",COLABA,447.42,,Mahesh Mohite,2020-03-03 16:20:30.300,A,mbpt_no,true,false, Date: 20-12-2019 User: mbpt_no <br>Remark: For sample<br> <br> Date: 20-12-2019 User: mbpt_hod <br>Remark: For sample<br>,,mbpt_hod,,58,12,mbpt_hod,,,0,true,,,,,,97,RR NO. 1888,SHAHID BHAGAT SINGH ROAD,RR NO. 1351,ORMISTON ROAD,400001,1,"31205138",false,,,false,false,4726,,,,,,,,,,false,
4727,29,"312050060",R R NO 1346,,,,A,APPOLO RECLAMATION ,"11/385",COLABA,999.45,,Mahesh Mohite,2020-03-03 16:20:30.300,A,mbpt_no,true,false, Date: 17-12-2019 User: mbpt_no <br>Remark: For sample<br> <br> Date: 17-12-2019 User: mbpt_hod <br>Remark: For sample<br>,,mbpt_hod,,58,12,mbpt_hod,,,0,true,,,,,,97,RR NO. 1152,SHAHID BHAGAT SINGH ROAD,RR NO. 1315,PLOT NO. 1900,400001,1,"31205230",false,,,false,false,4727,,,,,,,,,,false,
4728,29,"312050061",R R NO 1348,,,,A,APPOLO RECLAMATION ,"448",COLABA,407.75,,Mahesh Mohite,2020-03-03 16:20:30.300,A,mbpt_no,true,false, Date: 21-12-2019 User: mbpt_no <br>Remark: Add remaining zones<br> <br> Date: 21-12-2019 User: mbpt_no <br>Remark: For sample<br> <br> Date: 21-12-2019 User: mbpt_hod <br>Remark: For sample<br>,,mbpt_hod,,58,12,mbpt_hod,,,0,true,,,,,,97,RR NO. 1413 & 1912,SHAHID BHAGAT SINGH ROAD,RR NO. 1302,RR NO. 1338,400005,1,"31205129",false,,,false,false,4728,,,,,,,,,,false,
4729,29,"312050062",R R NO 1351,,,,A,APPOLO RECLAMATION ,"417",COLABA,485.79,,Mahesh Mohite,2020-03-03 16:20:30.300,A,mbpt_no,true,false, Date: 20-12-2019 User: mbpt_no <br>Remark: For sample<br> <br> Date: 20-12-2019 User: mbpt_hod <br>Remark: For sample<br>,,mbpt_hod,,58,12,mbpt_hod,,,0,true,,,,,,97,RR NO.1813 & RR NO. 1888,SHAHID BHAGAT SINGH ROAD,RR NO-1468,RR NO.1340,400005,1,"31205139",false,,,false,false,4729,,,,,,,,,,false,
4730,29,"312050063",R R NO 1363,,,,A,APPOLO RECLAMATION ,"454",COLABA,343.74,,Mahesh Mohite,2020-03-03 16:20:30.300,A,mbpt_no,true,false, Date: 20-12-2019 User: mbpt_no <br>Remark: For sample<br> <br> Date: 20-12-2019 User: mbpt_hod <br>Remark: For sample<br>,,mbpt_hod,,58,12,mbpt_hod,,,0,true,,,,,,97,RR NO. 1677 & RR NO. 1916,SHAHID BHAGAT SINGH ROAD,RR NO. 1435,RR NO. 1335,400001,1,"31205119",false,,,false,false,4730,,,,,,,,,,false,
4731,29,"312050064",R R NO 1376,,,,A,APPOLO RECLAMATION ,"13/385",COLABA,901.44,,Mahesh Mohite,2020-03-03 16:20:30.300,A,mbpt_no,true,false, Date: 17-12-2019 User: mbpt_no <br>Remark: For sample<br> <br> Date: 17-12-2019 User: mbpt_hod <br>Remark: For sample<br>,,mbpt_hod,,58,12,mbpt_hod,,,0,true,,,,,,97,RR NO. 1158,SHAHID BHAGAT SINGH ROAD,RR NO. 1247,RR NO. 1315,400001,1,"31205232",false,,,false,false,4731,,,,,,,,,,false,
4732,24,"311020058",R R NO 1377,,,,A,MODY BAY,"1158",FORT,374.59,,Mahesh Mohite,2020-03-03 16:20:30.300,A,,true,false,,,,,58,11,,,,0,true,,,,,,97,RR NO. 1337,LEASED TO GOA PORT TRUST,YASIF BUILDING RR NO. 2082,VAJU KOTAK MARG,400001,1,"31102146",false,,,false,false,4732,,,,,,,,,,false,
4803,24,"311020083",R.R.1317,,,,A,MODY BAY,"1121",FORT,234.95,,Mahesh Mohite,2020-03-03 16:20:30.300,A,,true,false,,,,,58,11,,,,0,true,,,,,,97,"15-ML 6 ",SHAHID BHAGAT SINGH ROAD,ADI MARZBAN PATH MANGLORE STREET,RR NO. 1294,400001,1,"31102230",false,,,false,false,4803,,,,,,,,,,false,
4733,29,"312050065",R R NO 1387,,,,A,APPOLO RECLAMATION ,"468",COLABA,536.24,,Mahesh Mohite,2020-03-03 16:20:30.300,A,mbpt_no,true,false, Date: 20-12-2019 User: mbpt_no <br>Remark: For sample<br> <br> Date: 20-12-2019 User: mbpt_hod <br>Remark: For sample<br>,,mbpt_hod,,58,12,mbpt_hod,,,0,true,,,,,,97,RR NO. 1433,TULLOCH STREET,LANSDOWN ROAD,RR NO. 1204,400001,1,"31205112",false,,,false,false,4733,,,,,,,,,,false,
4734,29,"312050066",R R NO 1399,,,,A,APPOLO RECLAMATION ,"459",COLABA,797.36,,Mahesh Mohite,2020-03-03 16:20:30.300,A,mbpt_no,true,false, Date: 20-12-2019 User: mbpt_no <br>Remark: For sample<br> <br> Date: 20-12-2019 User: mbpt_hod <br>Remark: For sample<br> <br> Date: 20-12-2019 User: mbpt_no <br>Remark: For sample<br> <br> Date: 20-12-2019 User: mbpt_hod <br>Remark: For sample<br>,,mbpt_hod,,58,12,mbpt_hod,,,0,true,,,,,,97,TULLOCH STREET,RR NO. 1312,LANSDOWN ROAD,RR NO. 1677,400001,1,"31205113",false,,,false,false,4734,,,,,,,,,,false,
4735,24,"311020059",R R NO 1400,,,,A,MODY BAY,"1204",FORT,352.75,,Mahesh Mohite,2020-03-03 16:20:30.300,A,,true,false,,,,,58,11,,,,0,true,,,,,,97,RR NO. 1664,RR NO. 1296,RR NO.1959 & RR NO. 1626,GOA STREET,400001,1,"31102132",false,,,false,false,4735,,,,,,,,,,false,
4736,29,"312050067",R R NO 1408,,,,A,APPOLO RECLAMATION ,"420",COLABA,381.74,,Mahesh Mohite,2020-03-03 16:20:30.300,A,mbpt_no,true,false, Date: 17-12-2019 User: mbpt_no <br>Remark: For sample<br> <br> Date: 17-12-2019 User: mbpt_hod <br>Remark: For sample<br>,,mbpt_hod,,58,12,mbpt_hod,,,0,true,,,,,,97,RR NO. 1878,SHAHID BHAGAT SINGH ROAD,ORMISTON ROAD,RR NO. 737,400001,1,"31205206",false,,,false,false,4736,,,,,,,,,,false,
8217,19,"309010141",OLD R R 1837, , , ,A WARD , ,"58/1",FORT,194.26,,Mahesh Mohite,2020-07-15 12:13:57.570,A,,true,false, ,,,,58,9,nihar, , ,0,true, , , ,,,97, , , , ,,,"30901222",false,,,false,false,8217,,,,,,,,,,false,
4737,29,"312050068",R R NO 1413,,,,A,APPOLO RECLAMATION ,"1/406",COLABA,324.32,,Mahesh Mohite,2020-03-03 16:20:30.300,A,mbpt_no,true,false, Date: 20-12-2019 User: mbpt_no <br>Remark: For sample<br> <br> Date: 20-12-2019 User: mbpt_hod <br>Remark: For sample<br>,,mbpt_hod,,58,12,mbpt_hod,,,0,true,,,,,,97,RR NO. 939,RR NO. 1302,NOVRJI FURDUNJI,RR NO. 1912,400001,1,"31205131",false,,,false,false,4737,,,,,,,,,,false,
4738,29,"312050069",R R NO 1418,,,,A,APPOLO RECLAMATION ,"1/422",COLABA,2056.60,,Mahesh Mohite,2020-03-03 16:20:30.300,A,mbpt_no,true,false, Date: 17-12-2019 User: mbpt_no <br>Remark: For sample<br> <br> Date: 17-12-2019 User: mbpt_hod <br>Remark: For sample<br>,,mbpt_hod,,58,12,mbpt_hod,,,0,true,,,,,,97,B.P.T GARAGES,SHAHID BHAGAT SINGH ROAD,ORMISTON ROAD,BARROW ROAD,400001,1,"31205213",false,,,false,false,4738,,,,,,,,,,false,
4739,29,"312050070",R R NO 1433,,,,A,APPOLO RECLAMATION ,"469",COLABA,385.36,,Mahesh Mohite,2020-03-03 16:20:30.300,A,mbpt_no,true,false, Date: 20-12-2019 User: mbpt_no <br>Remark: For sample<br> <br> Date: 20-12-2019 User: mbpt_hod <br>Remark: For sample<br>,,mbpt_hod,,58,12,mbpt_hod,,,0,true,,,,,,97,MEREWETHER ROAD,RR NO. 1387,LANSDOWN ROAD,RR NO. 1204,400005,1,"31205109",false,,,false,false,4739,,,,,,,,,,false,
4740,29,"312050071",R R NO 1435,,,,A,APPOLO RECLAMATION ,"457",COLABA,586.59,,Mahesh Mohite,2020-03-03 16:20:30.300,A,mbpt_no,true,false, Date: 20-12-2019 User: mbpt_no <br>Remark: For sample<br> <br> Date: 20-12-2019 User: mbpt_hod <br>Remark: For sample<br>,,mbpt_hod,,58,12,mbpt_hod,,,0,true,,,,,,97,RR NO. 1677,SHAHID BHAGAT SINGH ROAD,RR NO. 1312,RR NO. 1363,400001,1,"31205120",false,,,false,false,4740,,,,,,,,,,false,
4741,29,"312050072",R R NO 1468,,,,A,APPOLO RECLAMATION ,"416",COLABA,456.90,,Mahesh Mohite,2020-03-03 16:20:30.300,A,mbpt_no,true,false, Date: 20-12-2019 User: mbpt_no <br>Remark: For sample<br> <br> Date: 20-12-2019 User: mbpt_hod <br>Remark: For sample<br>,,mbpt_hod,,58,12,mbpt_hod,,,0,true,,,,,,97,RR NO. 1813,SHAHID BHAGAT SINGH ROAD,MANDLIK FURDUNJI ROAD,RR NO. 1351,400001,1,"31205140",false,,,false,false,4741,,,,,,,,,,false,
4743,29,"312050073",R R NO 1677,,,,A,APPOLO RECLAMATION ,"456",COLABA,1301.01,,Mahesh Mohite,2020-03-03 16:20:30.300,A,mbpt_no,true,false, Date: 20-12-2019 User: mbpt_no <br>Remark: For sample<br> <br> Date: 20-12-2019 User: mbpt_hod <br>Remark: For sample<br>,,mbpt_hod,,58,12,mbpt_hod,,,0,true,,,,,,97,TULLOCH STREET,RR NO.1435,RR NO.1399,RR NO. 1916,400005,1,"31205114",false,,,false,false,4743,,,,,,,,,,false,
4744,29,"312050074",R R NO 1813,,,,A,APPOLO RECLAMATION ,MUMBAI,MUMBAI,695.10,,Mahesh Mohite,2020-03-03 16:20:30.300,A,mbpt_no,true,false, Date: 20-12-2019 User: mbpt_no <br>Remark: For sample<br> <br> Date: 20-12-2019 User: mbpt_hod <br>Remark: For sample<br>,,mbpt_hod,,58,12,mbpt_hod,,,0,true,,,,,,97,RR NO. 2037,RR NO. 1468,MANDLIK FURDUNJI ROAD,RR NO. 1888,400001,1,"31205141",false,,,false,false,4744,,,,,,,,,,false,
4745,29,"312050075",R R NO 1819,,,,A,APPOLO RECLAMATION ,"384",COLABA,529.36,,Mahesh Mohite,2020-03-03 16:20:30.300,A,mbpt_no,true,false, Date: 17-12-2019 User: mbpt_no <br>Remark: For sample<br> <br> Date: 17-12-2019 User: mbpt_hod <br>Remark: For sample<br>,,mbpt_hod,,58,12,mbpt_hod,,,0,true,,,,,,97,RR NO. 1263,RR NO. 1215,RR NO. 1262,P.T PASSAGE,400001,1,"31205240",false,,,false,false,4745,,,,,,,,,,false,
4746,29,"312050076",R R NO 1878,,,,A,APPOLO RECLAMATION ,"419",COLABA,740.06,,Mahesh Mohite,2020-03-03 16:20:30.300,A,mbpt_no,true,false, Date: 17-12-2019 User: mbpt_no <br>Remark: For sample<br> <br> Date: 17-12-2019 User: mbpt_hod <br>Remark: For sample<br>,,mbpt_hod,,58,12,mbpt_hod,,,0,true,,,,,,97,RR NO. 982,RR NO. 1408,OMNISTON ROAD,RR NO. 1915,400001,1,"31205207",false,,,false,false,4746,,,,,,,,,,false,
4785,24,"311020066",R.R. 1070,,,,A,MODY BAY,"1183",FORT,185.89,,Mahesh Mohite,2020-03-03 16:20:30.300,A,,true,false,,,,,58,11,,,,0,true,,,,,,97,RR NO. 1542,RR NO. 2072,RR NO. 1971,ADI MARZBAN PATH MANGLORE STREET,400001,1,"31102220",false,,,false,false,4785,,,,,,,,,,false,
4747,29,"312050077",R R NO 1884,,,,A,APPOLO RECLAMATION ,"402",COLABA,706.06,,Mahesh Mohite,2020-03-03 16:20:30.300,A,mbpt_no,true,false, Date: 17-12-2019 User: mbpt_no <br>Remark: For sample<br> <br> Date: 17-12-2019 User: mbpt_hod <br>Remark: For sample<br>,,mbpt_hod,,58,12,mbpt_hod,,,0,true,,,,,,97,RR NO. 1924,RR NO. 1915,RR NO. 982,BARROW ROAD,400001,1,"31205203",false,,,false,false,4747,,,,,,,,,,false,
4797,24,"311020077",R.R.1279,,,,A,MODY BAY,"1124",FORT,263.10,,Mahesh Mohite,2020-03-03 16:20:30.300,A,,true,false,,,,,58,11,,,,0,true,,,,,,97,Shahid Bhagat Singh Road,P.T PASSAGE,RR NO. 1238,RR NO. 1278,400001,1,"31102317",false,,,false,false,4797,,,,,,,,,,false,
4748,29,"312050078",R R NO 1900,,,,A,APPOLO RECLAMATION ,"590",COLABA,308.72,,Mahesh Mohite,2020-03-03 16:20:30.300,A,mbpt_no,true,false, Date: 17-12-2019 User: mbpt_no <br>Remark: For sample<br> <br> Date: 17-12-2019 User: mbpt_hod <br>Remark: For sample<br>,,mbpt_hod,,58,12,mbpt_hod,,,0,true,,,,,,97,P.T PASSAGE,SHAHID BHAGAT SINGH ROAD,RR NO. 1346,GARDEN ROAD,400001,1,"31205229",false,,,false,false,4748,,,,,,,,,,false,
4749,29,"312050079",R R NO 1910,,,,A,APPOLO RECLAMATION ,"411",COLABA,498.61,,Mahesh Mohite,2020-03-03 16:20:30.300,A,mbpt_no,true,false, Date: 20-12-2019 User: mbpt_no <br>Remark: For sample<br> <br> Date: 20-12-2019 User: mbpt_no <br>Remark: For sample<br> <br> Date: 20-12-2019 User: mbpt_hod <br>Remark: For sample<br>,,mbpt_hod,,58,12,mbpt_hod,,,0,true,,,,,,97,MEREWETHER ROAD,RR NO. 2037,MANDLIK FURDUNJI ROAD,RR NO. 1842,400001,1,"31205133",false,,,false,false,4749,,,,,,,,,,false,
4750,29,"312050080",R R NO 1911,,,,A,APPOLO RECLAMATION ,"407",COLABA,609.69,,Mahesh Mohite,2020-03-03 16:20:30.300,A,mbpt_no,true,false, Date: 20-12-2019 User: mbpt_no <br>Remark: For sample<br> <br> Date: 20-12-2019 User: mbpt_hod <br>Remark: zone<br> <br> Date: 21-12-2019 User: mbpt_no <br>Remark: For sample<br> <br> Date: 21-12-2019 User: mbpt_hod <br>Remark: For sample<br>,,mbpt_hod,,58,12,mbpt_hod,,,0,true,,,,,,97,MEREWETHER ROAD,RR NO. 1896,RR NO.1955,MANDLIK ROAD,400005,1,"31205125",false,,,false,false,4750,,,,,,,,,,false,
4806,19,"309010082",R.R.1691,,,,B,ELPHINSTON (EAST),"47/1",PRINCESS DOCK,897.63,,Mahesh Mohite,2020-03-03 16:20:30.300,A,,true,false,,,,,58,9,,,,0,true,,,,,,97,P.T PASSAGE,P.D MELLO ROAD,P.T PASSAGE,P.T PASSAGE,400009,2,"30901416",false,,,false,false,4806,,,,,,,,,,false,
4751,29,"312050081",R R NO 1912,,,,A,APPOLO RECLAMATION ,"409",COLABA,709.78,,Mahesh Mohite,2020-03-03 16:20:30.300,A,mbpt_no,true,false, Date: 20-12-2019 User: mbpt_no <br>Remark: For sample<br> <br> Date: 20-12-2019 User: mbpt_hod <br>Remark: For sample<br>,,mbpt_hod,,58,12,mbpt_hod,,,0,true,,,,,,97,RR NO. 1896,RR NO. 1338,RR NO. 1413,MANDLIK ROAD,400001,1,"31205127",false,,,false,false,4751,,,,,,,,,,false,
4752,29,"312050082",R R NO 1915,,,,A,APPOLO RECLAMATION ,"1/402",COLABA,761.34,,Mahesh Mohite,2020-03-03 16:20:30.300,A,mbpt_no,true,false, Date: 17-12-2019 User: mbpt_no <br>Remark: For sample<br> <br> Date: 17-12-2019 User: mbpt_hod <br>Remark: For sample<br>,,mbpt_hod,,58,12,mbpt_hod,,,0,true,,,,,,97,RR NO. 1884,RR NO. 737,RR NO. 1878,BARROW ROAD,400001,1,"31205204",false,,,false,false,4752,,,,,,,,,,false,
4804,24,"311020084",R.R.1525,,,,A,MODY BAY,"1107",FORT,208.47,,Mahesh Mohite,2020-03-03 16:20:30.300,A,,true,false,,,,,58,11,,,,0,true,,,,,,97,PRIVATE LAND ,Y.T NO. 162,"15-ML 5",CALICUT STREET,400001,1,"31102236",false,,,false,false,4804,,,,,,,,,,false,
4753,29,"312050083",R R NO 1916,,,,A,APPOLO RECLAMATION ,"455",COLABA,735.14,,Mahesh Mohite,2020-03-03 16:20:30.300,A,mbpt_no,true,false, Date: 20-12-2019 User: mbpt_no <br>Remark: For sample<br> <br> Date: 20-12-2019 User: mbpt_hod <br>Remark: For sample<br>,,mbpt_hod,,58,12,mbpt_hod,,,0,true,,,,,,97,TULLOCH STREET,RR NO. 1435,RR NO. 1399 & 1312,RR NO. 1916,400001,1,"31205115",false,,,false,false,4753,,,,,,,,,,false,
4754,29,"312050084",R R NO 1924,,,,A,APPOLO RECLAMATION ,"403",COLABA,785.33,,Mahesh Mohite,2020-03-03 16:20:30.300,A,mbpt_no,true,false, Date: 21-12-2019 User: mbpt_no <br>Remark: For sample<br> <br> Date: 21-12-2019 User: mbpt_hod <br>Remark: For sample<br>,,mbpt_hod,,58,12,mbpt_hod,,,0,true,,,,,,97,"31205202",RR NO. 1884,RR NO. 1930,BARROW ROAD,400001,1,"31205202",false,,,false,false,4754,,,,,,,,,,false,
4755,29,"312050085",R R NO 1930,,,,A,APPOLO RECLAMATION ,"404",COLABA,547.11,,Mahesh Mohite,2020-03-03 16:20:30.300,A,mbpt_no,true,false, Date: 17-12-2019 User: mbpt_no <br>Remark: For sample<br> <br> Date: 17-12-2019 User: mbpt_hod <br>Remark: For sample<br>,,mbpt_hod,,58,12,mbpt_hod,,,0,true,,,,,,97,MEREWETHER ROAD,RR NO. 982,ORMISTON ROAD,RR NO. 1924,400001,1,"31205201",false,,,false,false,4755,,,,,,,,,,false,
4756,26,"312020056",R R NO 1933,,,,A,SASSOON DOCK,"67",COLABA,148.50,,Mahesh Mohite,2020-03-03 16:20:30.300,A,mbpt_no,true,false, Date: 17-12-2019 User: mbpt_no <br>Remark: For sample<br> <br> Date: 17-12-2019 User: mbpt_hod <br>Remark: For sample<br>,,mbpt_hod,,58,12,mbpt_hod,,,0,true,,,,,,97,P.T PASSAGE,MT 02,P.T PASSAGE,PLOT 166-A,400005,1,"31202108",false,,,false,false,4756,,,,,,,,,,false,
4757,29,"312050086",R R NO 1952,,,,A,APPOLO RECLAMATION ,"471",COLABA,992.21,,Mahesh Mohite,2020-03-03 16:20:30.300,A,mbpt_no,true,false, Date: 20-12-2019 User: mbpt_no <br>Remark: For sample<br> <br> Date: 20-12-2019 User: mbpt_hod <br>Remark: For sample<br>,,mbpt_hod,,58,12,mbpt_hod,,,0,true,,,,,,97,MEREWETHER ROAD,TULLOCH STREET,RR NO. 1204,NOVROJI FURDUNJI ROAD,400001,1,"31205111",false,,,false,false,4757,,,,,,,,,,false,
4758,29,"312050087",R R NO 1955,,,,A,APPOLO RECLAMATION ,"406",COLABA,675.87,,Mahesh Mohite,2020-03-03 16:20:30.300,A,mbpt_no,true,false, Date: 20-12-2019 User: mbpt_no <br>Remark: For sample<br> <br> Date: 20-12-2019 User: mbpt_hod <br>Remark: For sample<br>,,mbpt_hod,,58,12,mbpt_hod,,,0,true,,,,,,97,MEREWETHER ROAD,RR NO. 939,NOVRJI FURDUNJI,RR NO. 1911,400001,1,"31205124",false,,,false,false,4758,,,,,,,,,,false,
4759,24,"311020061",R R NO 1965,,,,A,MODY BAY,"03-Apr",FORT,323.95,,Mahesh Mohite,2020-03-03 16:20:30.300,A,,true,false,,,,,58,11,,,,0,true,,,,,,97,RAMJIBHAI KAMANI MARG,RR NO. 1965,RR NO. 1967,GOA STREET,400001,1,"31102137",false,,,false,false,4759,,,,,,,,,,false,
4761,29,"312050088",R R NO 1992,,,,A,APPOLO RECLAMATION ,"414",COLABA,706.06,,Mahesh Mohite,2020-03-03 16:20:30.300,A,mbpt_no,true,false, Date: 20-12-2019 User: mbpt_no <br>Remark: For sample<br> <br> Date: 20-12-2019 User: mbpt_hod <br>Remark: For sample<br>,,mbpt_hod,,58,12,mbpt_hod,,,0,true,,,,,,97,RR NO. 1822 & RR NO. 1476,RR NO. 1888,RR NO. 2037,ORMISTON ROAD,400005,1,"31205136",false,,,false,false,4761,,,,,,,,,,false,
4762,26,"312020057",R R NO 1993,,,,A,SASSOON DOCK,"14/67",COLABA,146.69,,Mahesh Mohite,2020-03-03 16:20:30.300,A,mbpt_no,true,false, Date: 17-12-2019 User: mbpt_no <br>Remark: For sample<br> <br> Date: 17-12-2019 User: mbpt_hod <br>Remark: For sample<br> <br> Date: 17-12-2019 User: mbpt_hod <br>Remark: For sample<br>,,mbpt_hod,,58,12,mbpt_hod,,,0,true,,,,,,97,RR NO. 2010,PLOT NO. 10,MB.P.T ROAD,DUMAYNE ROAD,400005,1,"31202104",false,,,false,false,4762,,,,,,,,,,false,
4763,29,"312050089",R R NO 1999,,,,A,APPOLO RECLAMATION ,"451",COLABA,684.60,,Mahesh Mohite,2020-03-03 16:20:30.300,A,mbpt_no,true,false, Date: 20-12-2019 User: mbpt_no <br>Remark: For sample<br> <br> Date: 20-12-2019 User: mbpt_hod <br>Remark: For sample<br>,,mbpt_hod,,58,12,mbpt_hod,,,0,true,,,,,,97,TULLOCH STREET,RR NO. 1311,RR NO. 1916,NOVRJI FURDUNJI ROAD,400001,1,"31205116",false,,,false,false,4763,,,,,,,,,,false,
4764,26,"312020058",R R NO 2010,,,,A,SASSOON DOCK,"14/67",COLABA,111.02,,Mahesh Mohite,2020-03-03 16:20:30.300,A,mbpt_no,true,false," Date: 17-12-2019 User: mbpt_no <br>Remark:  COMP K & L & M & N & O BLOCK
<br> <br> Date: 17-12-2019 User: mbpt_hod <br>Remark: remark<br> <br> Date: 17-12-2019 User: mbpt_no <br>Remark:  COMP K & L & M & N & O BLOCK
<br> <br> Date: 17-12-2019 User: mbpt_hod <br>Remark: For sample<br>",,mbpt_hod,,58,12,mbpt_hod,,,0,true,,,,,,97,RR NO. 1861,RR NO. 2010,MB.P.T ROAD,DUMAYNE ROAD,400005,1,"31202103",false,,,false,false,4764,,,,,,,,,,false,
4765,24,"311020063",R R NO 2031,,,,A,MODY BAY,"1190",FORT,216.00,,Mahesh Mohite,2020-03-03 16:20:30.300,A,,true,false,,,,,58,11,,,,0,true,,,,,,97,JAHAZ BHAVAN GOVT. LAND,REX CHAMBERS RR NO. 1411,WALCHAND HIRACHAND MARG,RR NO. 1322,400001,1,"31102122",false,,,false,false,4765,,,,,,,,,,false,
4766,29,"312050090",R R NO 2037,,,,A,APPOLO RECLAMATION ,"410",COLABA,671.97,,Mahesh Mohite,2020-03-03 16:20:30.300,A,mbpt_no,true,false, Date: 20-12-2019 User: mbpt_no <br>Remark: For sample<br> <br> Date: 20-12-2019 User: mbpt_hod <br>Remark: For sample<br>,,mbpt_hod,,58,12,mbpt_hod,,,0,true,,,,,,97,RR NO. 1910 & RR NO. 1842,RR NO. 1813,MANDLIK FURDUNJI ROAD,RR NO. 1992,400001,1,"31205142",false,,,false,false,4766,,,,,,,,,,false,
4767,24,"311020064",R R NO 2057,,,,A,MODY BAY,"1150",FORT,267.56,,Mahesh Mohite,2020-03-03 16:20:30.300,A,,true,false,,,,,58,11,,,,0,true,,,,,,97,HARBOUR POLICE STATION GOVT. LAND,SHAHID BHAGAT SINGH ROAD,Y.T 159,RR NO. 1974,400001,1,"31102143",false,,,false,false,4767,,,,,,,,,,false,
4768,24,"311020065",R R NO 2064,,,,A,MODY BAY,"1164",FORT,274.99,,Mahesh Mohite,2020-03-03 16:20:30.300,A,mbpt_no,true,false, Date: 16-12-2019 User: mbpt_no <br>Remark: For sample<br>,,,,58,11,mbpt_no,,,0,true,,,,,,97,RR NO. 996,RR NO. 996,VAJU KOTAK MARG,RR NO. 1378,400001,1,"31102150",false,,,false,false,4768,,,,,,,,,,false,
4769,29,"312050091",R R NO 2092,,,,A,APPOLO RECLAMATION ,"412",COLABA,432.09,,Mahesh Mohite,2020-03-03 16:20:30.300,A,mbpt_no,true,false, Date: 20-12-2019 User: mbpt_no <br>Remark: For sample<br> <br> Date: 20-12-2019 User: mbpt_hod <br>Remark: For sample<br>,,mbpt_hod,,58,12,mbpt_hod,,,0,true,,,,,,97,MEREWETHER ROAD,RR NO. 2037,RR NO. 1910,RR NO. 1476,400005,1,"31205134",false,,,false,false,4769,,,,,,,,,,false,
4770,29,"312050092",R R NO 641,,,,A,APPOLO RECLAMATION ,"467",COLABA,3316.64,,Mahesh Mohite,2020-03-03 16:20:30.300,A,mbpt_no,true,false, Date: 20-12-2019 User: mbpt_no <br>Remark: For sample<br> <br> Date: 20-12-2019 User: mbpt_hod <br>Remark: For sample<br>,,mbpt_hod,,58,12,mbpt_hod,,,0,true,,,,,,97,ADAM STREET,STEVEN ST,CHATRAPATI SHIVAJI MAHARAJ MARG,LANSDOWNE ROAD,400001,1,"31205107",false,,,false,false,4770,,,,,,,,,,false,
4771,29,"312050093",R R NO 670,,,,A,APPOLO RECLAMATION ,"396",COLABA,1676.34,,Mahesh Mohite,2020-03-03 16:20:30.300,A,mbpt_no,true,false, Date: 21-12-2019 User: mbpt_no <br>Remark: For sample<br> <br> Date: 21-12-2019 User: mbpt_hod <br>Remark: For sample<br>,,mbpt_hod,,58,12,mbpt_hod,,,0,true,,,,,,97,PLOT NO. 678 & PLOT NO. 688,MEREWETHER ROAD,ORMISTON ROAD,RR NO. 698,400005,1,"31205150",false,,,false,false,4771,,,,,,,,,,false,
4807,24,"311020086",R.R.1763,,,,A,MODY BAY,"1114",FORT,465.91,,Mahesh Mohite,2020-03-03 16:20:30.300,A,,true,false,,,,,58,11,,,,0,true,,,,,,97,PLOT A,"15-ML PLOT NO.7",ADI MARZBAN PATH MANGLORE STREET,RR NO. 1996,400001,1,"31102225",false,,,false,false,4807,,,,,,,,,,false,
4772,29,"312050094",R R NO 677,,,,A,APPOLO RECLAMATION ,"472",COLABA,2408.98,,Mahesh Mohite,2020-03-03 16:20:30.300,A,mbpt_no,true,false, Date: 20-12-2019 User: mbpt_no <br>Remark: For sample<br> <br> Date: 20-12-2019 User: mbpt_hod <br>Remark: For sample<br>,,mbpt_hod,,58,12,mbpt_hod,,,0,true,,,,,,97,P..J RAMCHANDANI MARG,MEREWETHER ROAD,LANSDOWNE ROAD,P.T PASSAGE,400001,1,"31205108",false,,,false,false,4772,,,,,,,,,,false,
4773,29,"312050095",R R NO 678,,,,A,APPOLO RECLAMATION ,"395",COLABA,1081.67,,Mahesh Mohite,2020-03-03 16:20:30.300,A,mbpt_no,true,false, Date: 17-12-2019 User: mbpt_no <br>Remark: For sample<br> <br> Date: 17-12-2019 User: mbpt_hod <br>Remark: For sample<br>,,mbpt_hod,,58,12,mbpt_hod,,,0,true,,,,,,97,P.J. RAMCHANDANI MARG,PLOT NO.. 870,OMISTON ROAD,PLOT NO. 688,400001,1,"31205143",false,,,false,false,4773,,,,,,,,,,false,
4774,29,"312050096",R R NO 686,,,,A,APPOLO RECLAMATION ,"399",COLABA,732.54,,Mahesh Mohite,2020-03-03 16:20:30.300,A,mbpt_no,true,false, Date: 17-12-2019 User: mbpt_no <br>Remark: For sample<br> <br> Date: 17-12-2019 User: mbpt_hod <br>Remark: For sample<br>,,mbpt_hod,,58,12,mbpt_hod,,,0,true,,,,,,97,PLOT NO. 693,MEREWETHER ROAD,PLOT NO. 697,HENRY ROAD,400001,1,"31205147",false,,,false,false,4774,,,,,,,,,,false,
4775,29,"312050097",R R NO 687,,,,A,APPOLO RECLAMATION ,"393",COLABA,1081.20,,Mahesh Mohite,2020-03-03 16:20:30.300,A,mbpt_no,true,false, Date: 17-12-2019 User: mbpt_no <br>Remark: For sample<br> <br> Date: 17-12-2019 User: mbpt_hod <br>Remark: For sample<br>,,mbpt_hod,,58,12,mbpt_hod,,,0,true,,,,,,97,P.J RAMCHANDANI MARG,PLOT NO. 698 & PLOT NO. 697,PLOT NO. 688,PLOT NO. 693,400001,1,"31205145",false,,,false,false,4775,,,,,,,,,,false,
4776,29,"312050098",R R NO 688,,,,A,APPOLO RECLAMATION ,"394",COLABA,1081.39,,Mahesh Mohite,2020-03-03 16:20:30.300,A,mbpt_no,true,false, Date: 17-12-2019 User: mbpt_no <br>Remark: For sample<br> <br> Date: 17-12-2019 User: mbpt_hod <br>Remark: For sample<br>,,mbpt_hod,,58,12,mbpt_hod,,,0,true,,,,,,97,P.J. RAMCHADANI MARG,PLOT NO. 970 & PLOT NO. 698,PLOT NO. 878,PLOT NO. 687,400001,1,"31205144",false,,,false,false,4776,,,,,,,,,,false,
8219,19,"309010143",OLD R R 1835, , , ,A WARD , ,"60/1",FORT,194.26,,Mahesh Mohite,2020-07-15 12:13:57.570,A,,true,false, ,,,,58,9,nihar, , ,0,true, , , ,,,97, , , , ,,,"30901224",false,,,false,false,8219,,,,,,,,,,false,
8220,24,"311020121",OLD R.R.NO.1304, , , ,A WARD , ,"1167",FORT,26.88,,Mahesh Mohite,2020-07-15 12:13:57.570,A,,true,false, ,,,,58,11,nihar, , ,0,true, , , ,,,97, , , , ,,,"31102211",false,,,false,false,8220,,,,,,,,,,false,
4777,29,"312050099",R R NO 697,,,,A,APPOLO RECLAMATION ,"398",COLABA,943.06,,Mahesh Mohite,2020-03-03 16:20:30.300,A,mbpt_no,true,false, Date: 17-12-2019 User: mbpt_no <br>Remark: For sample<br> <br> Date: 17-12-2019 User: mbpt_hod <br>Remark: For sample<br> <br> Date: 17-12-2019 User: mbpt_no <br>Remark: For sample<br> <br> Date: 17-12-2019 User: mbpt_hod <br>Remark: For sample<br>,,mbpt_hod,,58,12,mbpt_hod,,,0,true,,,,,,97,PLOT NO. 687 & PLOT NO. 693,MEREWETHER ROAD,PLOT NO. 698,PLOT NO. 686,400001,1,"31205148",false,,,false,false,4777,,,,,,,,,,false,
4778,29,"312050100",R R NO 698,,,,A,APPOLO RECLAMATION ,"397",COLABA,973.25,,Mahesh Mohite,2020-03-03 16:20:30.300,A,mbpt_no,true,false, Date: 17-12-2019 User: mbpt_no <br>Remark: For sample<br> <br> Date: 17-12-2019 User: mbpt_hod <br>Remark: For sample<br>,,mbpt_hod,,58,12,mbpt_hod,,,0,true,,,,,,97,PLOT NO. 687 & PLOT NO. 688,MEREWETHER ROAD,PLOT NO. 670,PLOT NO. 697,400001,1,"31205149",false,,,false,false,4778,,,,,,,,,,false,
4779,29,"312050101",R R NO 711,,,,A,APPOLO RECLAMATION ,"401",COLABA,2915.76,,Mahesh Mohite,2020-03-03 16:20:30.300,A,mbpt_no,true,false, Date: 17-12-2019 User: mbpt_no <br>Remark: For sample<br> <br> Date: 17-12-2019 User: mbpt_hod <br>Remark: For sample<br>,,mbpt_hod,,58,12,mbpt_hod,,,0,true,,,,,,97,MEREWETHER ROAD,B.P.T GARAGES,BARROW ROAD,HENRY ROAD,400001,1,"31205209",false,,,false,false,4779,,,,,,,,,,false,
4780,29,"312050102",R R NO 737,,,,A,APPOLO RECLAMATION ,"421",COLABA,752.62,,Mahesh Mohite,2020-03-03 16:20:30.300,A,mbpt_no,true,false, Date: 21-12-2019 User: mbpt_no <br>Remark: For sample<br> <br> Date: 21-12-2019 User: mbpt_hod <br>Remark: For sample<br>,,mbpt_hod,,58,12,mbpt_hod,,,0,true,,,,,,97,RR NO. 1878 & RR NO. 1915,SHAHID BHAGAT SINGH ROAD,RR NO. 1408,BORROW ROAD,400005,1,"31205205",false,,,false,false,4780,,,,,,,,,,false,
4781,23,"311010059",R R NO 878,,,,A,BALLARD ESTATE ,"3/1187",FORT,559.83,,Mahesh Mohite,2020-03-03 16:20:30.300,A,,true,false,,,,,58,11,,,,0,true,,,,,,97,WALCHAND HIRACHAND MARG,ARYA BHAVAN RR NO. 912,P.T PASSAGE,P.T PASSAGE,400001,1,"31101102",false,,,false,false,4781,,,,,,,,,,false,
4782,29,"312050103",R R NO 939,,,,A,APPOLO RECLAMATION ,"1/406",COLABA,1071.07,,Mahesh Mohite,2020-03-03 16:20:30.300,A,mbpt_no,true,false, Date: 20-12-2019 User: mbpt_no <br>Remark: For sample<br> <br> Date: 20-12-2019 User: mbpt_hod <br>Remark: For sample<br>,,mbpt_hod,,58,12,mbpt_hod,,,0,true,,,,,,97,RR NO. 1955,RR NO. 1413,NOVRJI FURDUNJI,RR NO. 1896,400005,1,"31205132",false,,,false,false,4782,,,,,,,,,,false,
4783,29,"312050104",R R NO 982,,,,A,APPOLO RECLAMATION ,"1/404",COLABA,706.06,,Mahesh Mohite,2020-03-03 16:20:30.300,A,mbpt_no,true,false, Date: 17-12-2019 User: mbpt_no <br>Remark: For sample<br> <br> Date: 17-12-2019 User: mbpt_hod <br>Remark: For sample<br>,,mbpt_hod,,58,12,mbpt_hod,,,0,true,,,,,,97,RR NO. 1930,RR NO. 1878,ORMISTON ROAD,RR NO. 1884,400001,1,"31205208",false,,,false,false,4783,,,,,,,,,,false,
4784,29,"312050105",R R NOI 693,,,,A,APPOLO RECLAMATION ,"392",COLABA,1080.93,,Mahesh Mohite,2020-03-03 16:20:30.300,A,mbpt_no,true,false, Date: 17-12-2019 User: mbpt_no <br>Remark: For sample<br> <br> Date: 17-12-2019 User: mbpt_hod <br>Remark: For sample<br>,,mbpt_hod,,58,12,mbpt_hod,,,0,true,,,,,,97,P.J. RAMCHADANI MARG,PLOT NO. 697 & PLOT NO. 686,PLOT NO. 687,HENRY ROAD,400001,1,"31205146",false,,,false,false,4784,,,,,,,,,,false,
4787,24,"311020068",R.R. 1542,,,,A,MODY BAY,"1184",FORT,245.26,,Mahesh Mohite,2020-03-03 16:20:30.300,A,,true,false,,,,,58,11,,,,0,true,,,,,,97,RR NO. 1631,RR NO. 1070,RR NO. 2044,ADI MARZBAN PATH MANGLORE STREET,400001,1,"31102221",false,,,false,false,4787,,,,,,,,,,false,
4788,24,"311020069",R.R. 1971,,,,A,MODY BAY,"1181",FORT,711.64,,Mahesh Mohite,2020-03-03 16:20:30.300,A,,true,false,,,,,58,11,,,,0,true,,,,,,97,RR NO. 2044,ACMR HOUSE RR NO. 1432,KUMPTA STREET,RR NO. 1070 & RR NO. 2072 & RR NO. 1970,400001,1,"31102216",false,,,false,false,4788,,,,,,,,,,false,
4789,23,"311010060",R.R.1164,,,,A,BALLARD ESTATE ,"43/1187",FORT,309.65,,Mahesh Mohite,2020-03-03 16:20:30.300,A,,true,false,,,,,58,11,,,,0,true,,,,,,97,P.T PASSAGE,P.T PASSAGE,WALCHAND HIRACHAND MARG,P.T PASSAGE,400001,1,"31101229",false,,,false,false,4789,,,,,,,,,,false,
4791,24,"311020071",R.R.1238,,,,A,MODY BAY,"1125",FORT,263.38,,Mahesh Mohite,2020-03-03 16:20:30.300,A,,true,false,,,,,58,11,,,,0,true,,,,,,97,Shahid Bhagat Singh Road,P.T PASSAGE,RR NO. 1290,RR NO. 1279,400001,1,"31102316",false,,,false,false,4791,,,,,,,,,,false,
4792,24,"311020072",R.R.1241,,,,A,MODY BAY,"1132",FORT,286.14,,Mahesh Mohite,2020-03-03 16:20:30.300,A,,true,false,,,,,58,11,,,,0,true,,,,,,97,Shahid Bhagat Singh Road,P.T PASSAGE,RR NO. 2073,P.T PASSAGE,400001,1,"31102310",false,,,false,false,4792,,,,,,,,,,false,
4793,24,"311020073",R.R.1246,,,,A,MODY BAY,"1105",FORT,229.19,,Mahesh Mohite,2020-03-03 16:20:30.300,A,,true,false,,,,,58,11,,,,0,true,,,,,,97,Y.T NO. 162,SHAHID BHAGAT SINGH ROAD,"15-ML 5",RR NO. 1772,400001,1,"31102232",false,,,false,false,4793,,,,,,,,,,false,
4794,24,"311020074",R.R.1267,,,,A,MODY BAY,"1122",FORT,220.09,,Mahesh Mohite,2020-03-03 16:20:30.300,A,,true,false,,,,,58,11,,,,0,true,,,,,,97,Shahid Bhagat Singh Road,P.T PASSAGE,RR NO. 1278,P.T BOUNDARY,400001,1,"31102319",false,,,false,false,4794,,,,,,,,,,false,
4795,24,"311020075",R.R.1276,,,,A,MODY BAY,"1091",FORT,206.99,,Mahesh Mohite,2020-03-03 16:20:30.300,A,,true,false,,,,,58,11,,,,0,true,,,,,,97,MARSHALS BDG. RR NO. 1902,SHAHID BHAGAT SINGH ROAD,COACHIN STREET,SHOORJI VALLABHADAS MARG,400001,1,"31102250",false,,,false,false,4795,,,,,,,,,,false,
4796,24,"311020076",R.R.1278,,,,A,MODY BAY,"1123",FORT,222.22,,Mahesh Mohite,2020-03-03 16:20:30.300,A,,true,false,,,,,58,11,,,,0,true,,,,,,97,SHAHID BHAGAT SINGH ROAD,P.T PASSAGE,RR NO. 1279,RR NO. 1267,400001,1,"31102318",false,,,false,false,4796,,,,,,,,,,false,
4798,24,"311020078",R.R.1290,,,,A,MODY BAY,"1126",FORT,265.61,,Mahesh Mohite,2020-03-03 16:20:30.300,A,,true,false,,,,,58,11,,,,0,true,,,,,,97,Shahid Bhagat Singh Road,P.T PASSAGE,RR NO. 1298,RR NO. 1238,400001,1,"31102315",false,,,false,false,4798,,,,,,,,,,false,
4808,24,"311020087",R.R.1772,,,,A,MODY BAY,"1104",FORT,182.28,,Mahesh Mohite,2020-03-03 16:20:30.300,A,,true,false,,,,,58,11,,,,0,true,,,,,,97,Y.T NO. 162,SHAHID BHAGAT SINGH ROAD,RR NO. 1246,RR NO. 1364,400001,1,"31102233",false,,,false,false,4808,,,,,,,,,,false,
4809,24,"311020088",R.R.1918,,,,A,MODY BAY,Jan-03,FORT,286.14,,Mahesh Mohite,2020-03-03 16:20:30.300,A,,true,false,,,,,58,11,,,,0,true,,,,,,97,MUNCIPAL LAND,SHAHID BHAGAT SINGH ROAD,CALICUT STREET,RR NO. 1870,400001,1,"31102244",false,,,false,false,4809,,,,,,,,,,false,
4810,24,"311020089",R.R.1934,,,,A,MODY BAY,"1109",FORT,223.99,,Mahesh Mohite,2020-03-03 16:20:30.300,A,,true,false,,,,,58,11,,,,0,true,,,,,,97,B.P.T GWSD CHOWKEY,PRIVATE LAND,RR NO. 1925,CALICUT STREET,400001,1,"31102237",false,,,false,false,4810,,,,,,,,,,false,
4811,19,"309010083",R.R.1960,,,,B,ELPHINSTON (EAST),"5/193",PRINCESS DOCK,4000.31,,Mahesh Mohite,2020-03-03 16:20:30.300,A,,true,false,,,,,58,9,,,,0,true,,,,,,97,MUZAWAR PAKHADI ROAD,P.T PASSAGE,LEASED TO BHARAT PETROLIUM CORP. LTD RR NO.2016,P.T PASSSAGE,400009,2,"30901404",false,,,false,false,4811,,,,,,,,,,false,
5330,60,"414130019","5A",,,,G/N,MAHIM BUNDER, , ,91.97,,Mahesh Mohite,2020-03-03 16:20:30.300,A,,true,false,,,,,59,14,,,,0,true,,,"4",,,97,,,,,400016,8,"41413101",false,,,false,false,5330,,,,,,,,,,false,
4812,24,"311020090",R.R.1969,,,,A,MODY BAY,"1129",FORT,212.19,,Mahesh Mohite,2020-03-03 16:20:30.300,A,,true,false,,,,,58,11,,,,0,true,,,,,,97,SHAHID BHAGAT SINGH ROAD,RR NO. 1198,P.T PASSAGE,RR NO. 1344,400001,1,"31102311",false,,,false,false,4812,,,,,,,,,,false,
4813,24,"311020091",R.R.1970,,,,A,MODY BAY,"1178",FORT,380.90,,Mahesh Mohite,2020-03-03 16:20:30.300,A,,true,false,,,,,58,11,,,,0,true,,,,,,97,RR NO. 2072,ACME HOUSE RR NO. 1432,RR NO. 1971,ADI MARZBAN PATH MANGLORE STREET,400001,1,"31102218",false,,,false,false,4813,,,,,,,,,,false,
4815,19,"309010084",R.R.2016,,,,B,ELPHINSTON (EAST),"9/193",PRINCESS DOCK,5093.13,,Mahesh Mohite,2020-03-03 16:20:30.300,A,,true,false,,,,,58,9,,,,0,true,,,,,,97,P.T PASSAGE,P.T PASSAGE,FP.7,B.P.C.L RR NO. 1960,400009,2,"30901405",false,,,false,false,4815,,,,,,,,,,false,
4816,24,"311020093",R.R.2032,,,,A,MODY BAY,"1144",FORT,297.29,,Mahesh Mohite,2020-03-03 16:20:30.300,A,,true,false,,,,,58,11,,,,0,true,,,,,,97,R.R.2032,P.T PASSAGE,RR NO. 1394,P.T PASSAGE,400001,1,"31102306",false,,,false,false,4816,,,,,,,,,,false,
4817,24,"311020094",R.R.2072,,,,A,MODY BAY,"1180",FORT,306.58,,Mahesh Mohite,2020-03-03 16:20:30.300,A,,true,false,,,,,58,11,,,,0,true,,,,,,97,RR NO. 1070,RR NO. 1970,RR NO. 1971,ADI MARZBAN PATH MANGLORE STREET,400001,1,"31102219",false,,,false,false,4817,,,,,,,,,,false,
4818,24,"311020095",R.R.2073,"","","",A,MODY BAY,"1133",FORT,269.23,,Mahesh Mohite,2020-03-03 16:20:30.300,A,mmahesh_no,true,false,,,ksache_hod,,58,11,ksache_hod,"","",0,true,"","",,,,104,SHAHID BHAGAT SINGH ROAD,P.T PASSAGE,RR NO. 1308,RR NO. 1241,400001,1,"31102309",false,2019-01-02,,false,false,4818,,,,,,,,,,false,
4819,24,"311020096",R.R.2077,,,,A,MODY BAY,"1117",FORT,264.60,,Mahesh Mohite,2020-03-03 16:20:30.300,A,,true,false,,,,,58,11,,,,0,true,,,,,,97,RR NO. 1925,"15-ML 6",ADI MARZBAN PATH MANGLORE STREET,PRIVATE LAND & RR NO. 1525,400001,1,"31102228",false,,,false,false,4819,,,,,,,,,,false,
4820,19,"309010085",R.R.NO 1951,,,,B,ELPHINSTON (EAST),"40/1",PRINCESS DOCK,549.06,,Mahesh Mohite,2020-03-03 16:20:30.300,A,,true,false,,,,,58,9,,,,0,true,,,,,,97,RR NO. 2039,P.D MELLO ROAD,B.P.T FIREMENS CRTS.,PLOT NO. 80,400009,2,"30901312",false,,,false,false,4820,,,,,,,,,,false,
4821,21,"310010173",R.R.NO 2113,,,,B,ELPHINSTON (WEST),"48",PRINCESS DOCK,387.87,,Mahesh Mohite,2020-03-03 16:20:30.300,A,,true,false,,,,,58,10,,,,0,true,,,,,,97,RR NO. 1981,OLD RR NO. 1167,BROACH STREET,F.P-59B,400009,2,"31001225",false,,,false,false,4821,,,,,,,,,,false,
4822,24,"311020097",R.R.NO.1020,,,,A,MODY BAY,"1176",FORT,227.15,,Mahesh Mohite,2020-03-03 16:20:30.300,A,,true,false,,,,,58,11,,,,0,true,,,,,,97,RR NO. 1609,SHAHID BHAGAT SINGH ROAD,RR NO. 1360,KUMPTA STREET,400001,1,"31102208",false,,,false,false,4822,,,,,,,,,,false,
4823,19,"309010086",R.R.NO.1053(FIRE BRIGADE STAT),,,,A,ELPHINSTON (EAST),"105A/1187",FORT,1281.88,,Mahesh Mohite,2020-03-03 16:20:30.300,A,,true,false,,,,,58,9,,,,0,true,,,,,,97,P.T PASSAGE,EAST ISLAND FREE WAY,P.T ROAD,P.T ROAD,400009,1,"30901102",true,,,false,false,4823,,,,,,,,,,false,
4824,24,"311020098",R.R.NO.1088,,,,A,MODY BAY,"1173",FORT,302.86,,Mahesh Mohite,2020-03-03 16:20:30.300,A,,true,false,,,,,58,11,,,,0,true,,,,,,97,"15-ML PLOT NO.9",SHAHID BHAGAT SINGH ROAD,VAJU KOTAK MARG,RR NO. 1300,400001,1,"31102205",false,,,false,false,4824,,,,,,,,,,false,
4825,24,"311020099",R.R.NO.1300,,,,A,MODY BAY,"1174",FORT,340.77,,Mahesh Mohite,2020-03-03 16:20:30.300,A,,true,false,,,,,58,11,,,,0,true,,,,,,97,"15-ML PLOT NO.9",SHAHID BHAGAT SINGH ROAD,RR NO. 1088,RR NO. 1360,400001,1,"31102206",false,,,false,false,4825,,,,,,,,,,false,
4826,24,"311020100",R.R.NO.1378,,,,A,MODY BAY,"1161",FORT,1714.00,,Mahesh Mohite,2020-03-03 16:20:30.300,A,,true,false,,,,,58,11,,,,0,true,,,,,,97,NAV BHAVAN RR NO. 995,R R 1304, RR NO. 1389 & RR NO. 996 & RR NO. 2064 & RR NO. 996,KUMPTA STREER,400001,1,"31102212",false,,,false,false,4826,,,,,,,,,,false,
8205,19,"309010129",OLD R.R.NO.1568 GORADIA ROAD, , , ,A WARD , ,,FORT,65.82,,Mahesh Mohite,2020-07-15 12:13:57.570,A,,true,false, ,,,,58,9,nihar, , ,0,true, , , ,,,97, , , , ,,,"30901130",false,,,false,false,8205,,,,,,,,,,false,
4879,29,"312050110",RR NO.1181,,,,A,APPOLO RECLAMATION ,"1/384",COLABA,1259.13,,Mahesh Mohite,2020-03-03 16:20:30.300,A,mbpt_no,true,false, Date: 17-12-2019 User: mbpt_no <br>Remark: For sample<br> <br> Date: 17-12-2019 User: mbpt_hod <br>Remark: For sample<br>,,mbpt_hod,,58,12,mbpt_hod,,,0,true,,,,,,97,P.J RAMCHANDANI MARG,RR NO. 1382,B.P.T BUILDING,RR NO. 1176,400001,1,"31205250",false,,,false,false,4879,,,,,,,,,,false,
7576,14,"206010090","10 AT GHORUPDEO X LANE NO.1",,Private Structure,,E,,"14/671",MAZAGAON,231.79,,Mahesh Mohite,2020-05-09 18:01:36.360,A,,true,false,,,,,57,6,,,,0,true,,,,,,97,,,,,,,"20601107",false,,,false,false,7576,,,,,,,,,,false,
4827,26,"312020059",R.R.NO.1379,,,,A,SASSOON DOCK,"120",COLABA,486.60,,Mahesh Mohite,2020-03-03 16:20:30.300,A,mbpt_no,true,false, Date: 21-12-2019 User: mbpt_no <br>Remark: For sample<br> <br> Date: 21-12-2019 User: mbpt_hod <br>Remark: For sample<br>,,mbpt_hod,,58,12,mbpt_hod,,,0,true,,,,,,97,RR NO.1206,P.T PASSAGE,WOOD HOUSE ROAD,MIDDLE COLABA ROAD,400005,1,"31202245",false,,,false,false,4827,,,,,,,,,,false,
4828,19,"309010087",R.R.NO.1674,,,,A,ELPHINSTON (EAST),"105B/1187",FORT,797.11,,Mahesh Mohite,2020-03-03 16:20:30.300,A,,true,false,,,,,58,9,,,,0,true,,,,,,97,B.P.T RAILWAY WORKSHOP,P.D MELLO ROAD,PLOT NO. 5-A,P.T ROAD,400009,1,"30901103",true,,,false,false,4828,,,,,,,,,,false,
4829,26,"312020060",R.R.NO.1873,,,,A,SASSOON DOCK,"76",COLABA,1298.69,,Mahesh Mohite,2020-03-03 16:20:30.300,A,mbpt_no,true,false, Date: 17-12-2019 User: mbpt_no <br>Remark: For sample<br> <br> Date: 17-12-2019 User: mbpt_hod <br>Remark: For sample<br>,,mbpt_hod,,58,12,mbpt_hod,,,0,true,,,,,,97,SASSON DK X ROAD ,MIDDLE COLABA ROAD,PLOT NO. 724,SASSON DOCK 2 NO. ROAD,400005,1,"31202237",false,,,false,false,4829,,,,,,,,,,false,
4830,24,"311020101",R.R.NO.1874,,,,A,MODY BAY,"1186",FORT,2965.09,,Mahesh Mohite,2020-03-03 16:20:30.300,A,,true,false,,,,,58,11,,,,0,true,,,,,,97,NICOL ROAD,MUNCIPAL PRIMARY SCHOOL RR NO. 1909,KUMPTA STREET,ADI MARZBAN PATH MANGLORE STREET,400001,1,"31102213",false,,,false,false,4830,,,,,,,,,,false,
4831,19,"309010088",R.R.NO.2024,,,,A,ELPHINSTON (EAST),"126/1187",FORT,248.33,,Mahesh Mohite,2020-03-03 16:20:30.300,A,,true,false,,,,,58,9,,,,0,true,,,,,,97,B.P.T RAILWAY WORKSHOP,PLOT NO. 5-A,P.T ROAD,RR NO. 1674,400009,1,"30901106",true,,,false,false,4831,,,,,,,,,,false,
4832,19,"309010089",R.R.NO.2038 (OLD R.R.NO.1275),,,,A,ELPHINSTON (EAST),"1187",FORT,71.81,,Mahesh Mohite,2020-03-03 16:20:30.300,A,,true,false,,,,,58,9,,,,0,true,,,,,,97,P.T PASSAGE,P.D MELLO ROAD,P.T PASSAGE,LEASED TO S.T.G,400009,1,"30901101",true,,,false,false,4832,,,,,,,,,,false,
4833,19,"309010090",R.R.NO.2039,,,,B,ELPHINSTON (EAST),"40/1",PRINCESS DOCK,98.94,,Mahesh Mohite,2020-03-03 16:20:30.300,A,,true,false,,,,,58,9,,,,0,true,,,,,,97,P.T PASSAGE,HPCL RR NO. 1951,B.P.T FIREMENS CRTS.,PLOT NO. 80,400009,2,"30901313",false,,,false,false,4833,,,,,,,,,,false,
4834,24,"311020102",RLY MANAGERS OFFICE,,,,A,MODY BAY,"1159",FORT,2073.83,,Mahesh Mohite,2020-03-03 16:20:30.300,A,,true,false,,,,,58,11,,,,0,true,,,,,,97,RAMJIBHAI KAMANI MARG,RR NO. 1377,GOA STREET ,VAJU KOTAK MARG,400001,1,"31102320",false,,,false,false,4834,,,,,,,,,,false,
4835,24,"311020103",RR  1974,,,,A,MODY BAY,"1151",FORT,292.29,,Mahesh Mohite,2020-03-03 16:20:30.300,A,,true,false,,,,,58,11,,,,0,true,,,,,,97,HARBOUR POLICE STATION GOVT. LAND,SHAHID BHAGAT SINGH ROAD,RR NO. 2057,VAJU KOTAK MARG,400001,1,"31102144",false,,,false,false,4835,,,,,,,,,,false,
4836,21,"310010174",RR 1064,,,,B,ELPHINSTON (WEST),FP No.7,PRINCESS DOCK,658.59,,Mahesh Mohite,2020-03-03 16:20:30.300,A,no_dilip,true,false, Date: 28-11-2019 User: no_dilip <br>Remark: <br> <br> Date: 28-11-2019 User: mbpt_hod <br>Remark: <br>,,mbpt_hod,,58,10,mbpt_hod,,,0,true,,,,,,97,P.D. MELLO ROAD,F.P-8 & MT-6 ,RAICHUR STREET,SHOLAPUR STREET,400009,2,"31001108",false,,,false,false,4836,,,,,,,,,,false,
4837,21,"310010175",RR 1071,,,,B,ELPHINSTON (WEST),"72",PRINCESS DOCK,250.84,,Mahesh Mohite,2020-03-03 16:20:30.300,A,,true,false,,,,,58,10,,,,0,true,,,,,,97,SANT TUKARAM ROAD,RR NO. 1496,RR NO. 1093,RR NO.1258,400009,2,"31001421",false,,,false,false,4837,,,,,,,,,,false,
4838,21,"310010176",RR 1082 THANA ST.,,,,B,ELPHINSTON (WEST),FP No.19,PRINCESS DOCK,955.52,,Mahesh Mohite,2020-03-03 16:20:30.300,A,,true,false,,,,,58,10,,,,0,true,,,,,,97,RR NO. 1083,RR NO. 1084,F.E  19,RR NO. 1362,400009,2,"31001127",false,,,false,false,4838,,,,,,,,,,false,
4839,21,"310010177",RR 1083 CORNER OF THANA STREET,,,,B,ELPHINSTON (WEST),FP No.19,PRINCESS DOCK,356.38,,Mahesh Mohite,2020-03-03 16:20:30.300,A,,true,false,,,,,58,10,,,,0,true,,,,,,97,P.D MELLO ROAD,RR NO. 1082,F.E 19,RR NO. 1362,400009,2,"31001126",false,,,false,false,4839,,,,,,,,,,false,
4840,21,"310010178",RR 1084 THANA ST,,,,B,ELPHINSTON (WEST),FP No.20,PRINCESS DOCK,1239.98,,Mahesh Mohite,2020-03-03 16:20:30.300,A,,true,false,,,,,58,10,,,,0,true,,,,,,97,P.T PASSAGE,P.T PASSAGE,F.E 19,RR NO. 1362,400009,2,"31001128",false,,,false,false,4840,,,,,,,,,,false,
4841,21,"310010179",RR 1093,,,,B,ELPHINSTON (WEST),"73",PRINCESS DOCK,224.64,,Mahesh Mohite,2020-03-03 16:20:30.300,A,,true,false,,,,,58,10,,,,0,true,,,,,,97,SANT TUKARAM ROAD,RR NO. 1496,SURAT STREET,RR NO. 1071,400009,2,"31001428",false,,,false,false,4841,,,,,,,,,,false,
4842,21,"310010180",RR 1200,,,,B,ELPHINSTON (WEST),FP No.68,PRINCESS DOCK,3625.74,,Mahesh Mohite,2020-03-03 16:20:30.300,A,,true,false,,,,,58,10,,,,0,true,,,,,,97,P.D MELLO ROAD,P.T PASSAGE,CARNAC BUNDER SIDING ROAD BABURAO BOBADE MARG,STERLING INVESTMENT OLD Y.T-25,400009,2,"31001323",false,,,false,false,4842,,,,,,,,,,false,
4843,24,"311020104",RR 1203,,,,A,MODY BAY,"54/1187",FORT,297.29,,Mahesh Mohite,2020-03-03 16:20:30.300,A,,true,false,,,,,58,11,,,,0,true,,,,,,97,SMRS,GENERAL POST OFFICE,P.T PASSAGE,RR NO. 1393,400001,1,"31102111",false,,,false,false,4843,,,,,,,,,,false,
4844,30,"312060003",RR 1210,,,,A,WILLINGTON RECLAMATION,"40",FORT,6797.07,,Mahesh Mohite,2020-03-03 16:20:30.300,A,mbpt_no,true,false, Date: 20-12-2019 User: mbpt_no <br>Remark: For sample<br> <br> Date: 20-12-2019 User: mbpt_hod <br>Remark: For sample<br>,,mbpt_hod,,58,12,mbpt_hod,,,0,true,,,,,,97,P.T PASSAGE,RR NO. 895,P.T PASSAGE,CHATRAPATI SHVAJI MAHRAJ MARG,400001,1,"31206332",false,,,false,false,4844,,,,,,,,,,false,
4845,29,"312050106",RR 1257,,,,A,APPOLO RECLAMATION ,"7/384",COLABA,1186.31,,Mahesh Mohite,2020-03-03 16:20:30.300,A,mbpt_no,true,false, Date: 17-12-2019 User: mbpt_no <br>Remark: For sample<br> <br> Date: 18-12-2019 User: mbpt_hod <br>Remark: For sample<br>,,mbpt_hod,,58,12,mbpt_hod,,,0,true,,,,,,97,RR NO. 1266,MEREWETHER ROAD,RR NO. 1174,RR NO. 1328,400001,1,"31205307",false,,,false,false,4845,,,,,,,,,,false,
4846,24,"311020105",RR 1286,,,,A,MODY BAY,"55/1187",FORT,297.29,,Mahesh Mohite,2020-03-03 16:20:30.300,A,,true,false,,,,,58,11,,,,0,true,,,,,,97,INDIRA DOCK,SHAHID BHAGT SING ROAD,RR NO. 1893,P.T. PASSAGE,400001,1,"31102110",false,,,false,false,4846,,,,,,,,,,false,
4847,21,"310010181",RR 1289 JUN'ON OF P D'MELLO RD,,,,B,ELPHINSTON (WEST),"36",PRINCESS DOCK,483.09,,Mahesh Mohite,2020-03-03 16:20:30.300,A,,true,false,,,,,58,10,,,,0,true,,,,,,97,P.D MELLO ROAD,RR NO. 1630,WESTERN INDIA,THE SCINOIA STEAM NAVIGATION CO.LTE,400009,2,"31001212",false,,,false,false,4847,,,,,,,,,,false,
4848,24,"311020106",RR 1293,,,,A,MODY BAY,"52/1187",FORT,278.71,,Mahesh Mohite,2020-03-03 16:20:30.300,A,,true,false,,,,,58,11,,,,0,true,,,,,,97,RR NO. 1452,GENERAL POST OFFICE,RR NO. 1203,RR NO. 1293,400001,1,"31102113",false,,,false,false,4848,,,,,,,,,,false,
4849,21,"310010182",RR 1445,,,,B,ELPHINSTON (WEST),FP No.72,PRINCESS DOCK,740.62,,Mahesh Mohite,2020-03-03 16:20:30.300,A,,true,false,,,,,58,10,,,,0,true,,,,,,97,SANT TUKARAM ROAD,CENTRAL RAILWAY,P.T PASSAGE,Y. T 82,400009,2,"31001343",false,,,false,false,4849,,,,,,,,,,false,
4850,24,"311020107",RR 1452,,,,A,MODY BAY,"49/1187",FORT,337.89,,Mahesh Mohite,2020-03-03 16:20:30.300,A,,true,false,,,,,58,11,,,,0,true,,,,,,97,RR NO. 1452,RR NO. 1293 & RR NO. 1938,P.T PASSAGE,WALCHAND HIRACHAND MARG,400001,1,"31102115",false,,,false,false,4850,,,,,,,,,,false,
4851,23,"311010061",RR 1849,,,,A,BALLARD ESTATE , , ,46.45,,Mahesh Mohite,2020-03-03 16:20:30.300,A,,true,false,,,,,58,11,,,,0,true,,,,,,97,P.T PASSAGE,P.T PASSAGE,COMMERCE HOUSE,THAKERSEY HOUSE P.T BUILDING,400001,1,"31101219",false,,,false,false,4851,,,,,,,,,,false,
4938,40,"413060006",,,,,E,NEW TANK BUNDER,"1",MAZAGAON,329.90,,Mahesh Mohite,2020-03-03 16:20:30.300,A,,true,false,,,,,59,13,,,"315",0,true,,,,,,97,PLOT NO.316,PLOT NO.314,MbPT ROAD,MbPT LAND,400010,5,"41306219",true,,,false,false,4938,,,,,,,,,,false,
4852,24,"311020108",RR 1902,,,,A,MODY BAY,"1092",FORT,1467.40,,Mahesh Mohite,2020-03-03 16:20:30.300,A,,true,false,,,,,58,11,,,,0,true,,,,,,97,VIJAYDEEP,P.T BOUNDARY,COACHIN STREET,SHOORJI VALLABHADAS MARG,400001,1,"31102301",false,,,false,false,4852,,,,,,,,,,false,
4853,24,"311020109",RR 1928,,,,A,MODY BAY,"57/1187",FORT,244.06,,Mahesh Mohite,2020-03-03 16:20:30.300,A,,true,false,,,,,58,11,,,,0,true,,,,,,97,INDIRA DOCK,SHAHID BHAGAT SING ROAD,RR NO. 1318,RR NO.1893,400001,1,"31102108",false,,,false,false,4853,,,,,,,,,,false,
4854,24,"311020110",RR 1938,,,,A,MODY BAY,"48/1187",FORT,297.29,,Mahesh Mohite,2020-03-03 16:20:30.300,A,,true,false,,,,,58,11,,,,0,true,,,,,,97,RR NO. 1452,GENERAL POST OFFICE,RR NO. 1293,WALCHAND HIRACHAND MARG,400001,1,"31102114",false,,,false,false,4854,,,,,,,,,,false,
4855,21,"310010183",RR 1956(F.P.NO.12),,,,B,ELPHINSTON (WEST),"178",PRINCESS DOCK,1482.55,,Mahesh Mohite,2020-03-03 16:20:30.300,A,,true,false,,,,,58,10,,,,0,true,,,,,,97,PLOT NO-08 MT,NANDLAL JANI ROAD,RAICHUR STREET,SHOLAPUR STREET,400009,2,"31001114",false,,,false,false,4855,,,,,,,,,,false,
4856,24,"311020111",RR 1964,,,,A,MODY BAY,"59/1187",FORT,416.21,,Mahesh Mohite,2020-03-03 16:20:30.300,A,,true,false,,,,,58,11,,,,0,true,,,,,,97,INDIRA DOCK,SHAHID BHAGAT SING ROAD,RR NO. 994,P.T PASSAGE,400001,1,"31102106",false,,,false,false,4856,,,,,,,,,,false,
4857,21,"310010184",RR 1981 F.P.56 AT BROACH,,,,B,ELPHINSTON (WEST),"49",PRINCESS DOCK,775.93,,Mahesh Mohite,2020-03-03 16:20:30.300,A,,true,false,,,,,58,10,,,,0,true,,,,,,97,RR NO. 1576,S.M SHAH OLD RR NO. 1146,BROACH STREET,RR NO. 600,400009,2,"31001224",false,,,false,false,4857,,,,,,,,,,false,
4858,21,"310010185",RR 1987 (FP 87 A),,,,B,ELPHINSTON (WEST),"75",PRINCESS DOCK,335.10,,Mahesh Mohite,2020-03-03 16:20:30.300,A,,true,false,,,,,58,10,,,,0,true,,,,,,97,RR NO. 1258,RR NO. 2028,RR NO. 1496,SURAT STREET,400009,2,"31001422",false,,,false,false,4858,,,,,,,,,,false,
4859,28,"312040001",RR 2022,,,,A,ARTHUR BUNDER,"1/137",COLABA,5833.47,,Mahesh Mohite,2020-03-03 16:20:30.300,A,mbpt_no,true,false, Date: 20-12-2019 User: mbpt_no <br>Remark: For sample<br> <br> Date: 20-12-2019 User: mbpt_hod <br>Remark: For sample<br>,,mbpt_hod,,58,12,mbpt_hod,,,0,true,,,,,,97,RECREATION GARDEN,THE BOMBAY PRESIDENCY RADIO CLUB LTD. RR NO. 2022,ARTHY BUNDER ROAD,P.T PASSAGE,400001,1,"31204341",false,,,false,false,4859,,,,,,,,,,false,
5004,40,"413060023",,,,,E,NEW TANK BUNDER,"1",MAZAGAON,62.71,,Mahesh Mohite,2020-03-03 16:20:30.300,A,,true,false,,,,,59,13,,,"13-A",0,true,,,,,,97,PLOT NO.14,BOAT HARD ROAD,PLOT NO.1,BOAT HARD ROAD,400010,5,"41306105",false,,,false,false,5004,,,,,,,,,,false,
4860,21,"310010186",RR 2028(FP87/B),,,,B,ELPHINSTON (WEST),Mar-00,PRINCESS DOCK,306.49,,Mahesh Mohite,2020-03-03 16:20:30.300,A,,true,false,,,,,58,10,,,,0,true,,,,,,97,OLD RR NO. 1467,RR NO. 2047,RR NO. 1496 & OLD RR 161 MT,BROACH STREET,400009,2,"31001423",false,,,false,false,4860,,,,,,,,,,false,
4861,24,"311020112",RR 2029,,,,A,MODY BAY,"62/1187",FORT,297.29,,Mahesh Mohite,2020-03-03 16:20:30.300,A,,true,false,,,,,58,11,,,,0,true,,,,,,97,P.T PASSAGE,ST. GEORGE HOSPITAL,BLUE GATE,RR NO. 993,400001,1,"31102103",false,,,false,false,4861,,,,,,,,,,false,
4862,21,"310010187",RR 2071(FP 73) ARGYLE RP.,,,,B,ELPHINSTON (WEST),FP No.73,PRINCESS DOCK,814.39,,Mahesh Mohite,2020-03-03 16:20:30.300,A,,true,false,,,,,58,10,,,,0,true,,,,,,97,SANT TUKARAM ROAD,OLD RR NO. 562,RR NO. 1325,CARNAC BUNDER SIDING ROAD BABURAO BOBADE MARG,400009,2,"31001344",false,,,false,false,4862,,,,,,,,,,false,
4863,29,"312050107",RR 672,,,,A,APPOLO RECLAMATION ,"461",COLABA,462.84,,Mahesh Mohite,2020-03-03 16:20:30.300,A,mbpt_no,true,false, Date: 20-12-2019 User: mbpt_no <br>Remark: For sample<br> <br> Date: 20-12-2019 User: mbpt_hod <br>Remark: For sample<br>,,mbpt_hod,,58,12,mbpt_hod,,,0,true,,,,,,97,RR NO. 741,BATTERY STREET,RR NO. 671,LANSDOWNE ROAD,400001,1,"31205105",false,,,false,false,4863,,,,,,,,,,false,
4864,29,"312050108",RR 741,,,,A,APPOLO RECLAMATION ,"466",COLABA,843.65,,Mahesh Mohite,2020-03-03 16:20:30.300,A,mbpt_no,true,false, Date: 20-12-2019 User: mbpt_no <br>Remark: For sample<br> <br> Date: 20-12-2019 User: mbpt_hod <br>Remark: For sample<br>,,mbpt_hod,,58,12,mbpt_hod,,,0,true,,,,,,97,STEVENS ST,RR NO. 871 & RR NO. 672,RR NO. 633 & RR NO. 647,LANSDOWNE ROAD,400009,1,"31205104",false,,,false,false,4864,,,,,,,,,,false,
4865,30,"312060004",RR 895,,,,A,WILLINGTON RECLAMATION,"39",FORT,943.71,,Mahesh Mohite,2020-03-03 16:20:30.300,A,mbpt_no,true,false, Date: 20-12-2019 User: mbpt_no <br>Remark: For sample<br> <br> Date: 20-12-2019 User: mbpt_hod <br>Remark: For sample<br>,,mbpt_hod,,58,12,mbpt_hod,,,0,true,,,,,,97,DHANRAJ MAHAL RR NO. 1210,POLICE HEADQUARTERS,P.T PASSAGE,CHATRAPATI SHVAJI MAHRAJ MARG,400001,1,"31206331",false,,,false,false,4865,,,,,,,,,,false,
4866,21,"310010188",RR NO 1166,,,,B,ELPHINSTON (WEST),Mar-00,PRINCESS DOCK,395.20,,Mahesh Mohite,2020-03-03 16:20:30.300,A,,true,false,,,,,58,10,,,,0,true,,,,,,97,RYAN GRAIN MARKET,OLD RR 1058,F.P 95,RR NO. 1282,400009,2,"31001430",false,,,false,false,4866,,,,,,,,,,false,
4867,24,"311020113",RR NO 1237,,,,A,MODY BAY,"1148",FORT,297.29,,Mahesh Mohite,2020-03-03 16:20:30.300,A,,true,false,,,,,58,11,,,,0,true,,,,,,97,HARBOUR POLICE STATION GOVT. LAND,SHAHID BHAGAT SINGH ROAD,GOA STREET,Y.T 159,400001,1,"31102141",false,,,false,false,4867,,,,,,,,,,false,
4868,21,"310010189",RR NO 1260,,,,B,ELPHINSTON (WEST),"163",PRINCESS DOCK,316.52,,Mahesh Mohite,2020-03-03 16:20:30.300,A,,true,false,,,,,58,10,,,,0,true,,,,,,97,P.T PASSAGE,HANDED OVER TO  B.M.C,F.P 120,RR NO. 1634,400009,2,"31001508",false,,,false,false,4868,,,,,,,,,,false,
4870,24,"311020115",RR NO 1853,,,,A,MODY BAY,"1169",FORT,200.67,,Mahesh Mohite,2020-03-03 16:20:30.300,A,,true,false,,,,,58,11,,,,0,true,,,,,,97,RR NO. 1766,"15-ML PLOT NO. 9",VAJU KOTAK MARG,RR NO.1304(VACANT) & RR NO 1334 & RR NO. 1609,400001,1,"31102203",false,,,false,false,4870,,,,,,,,,,false,
4871,24,"311020116",RR NO 1966,,,,A,MODY BAY,"64/1187",FORT,334.45,,Mahesh Mohite,2020-03-03 16:20:30.300,A,,true,false,,,,,58,11,,,,0,true,,,,,,97,P.T PASSAGE,ST. GEORGE HOSPITAL,P.T PASSAGE,RR NO. 1415,400001,1,"31102101",false,,,false,false,4871,,,,,,,,,,false,
4872,21,"310010190",RR NO 1986 (F.P.98),,,,B,ELPHINSTON (WEST),"83",PRINCESS DOCK,342.63,,Mahesh Mohite,2020-03-03 16:20:30.300,A,,true,false,,,,,58,10,,,,0,true,,,,,,97,VACANT RR NO. 1546,OLD RR NO. 1457,F.P 95,SURAT STREET,400009,2,"31001434",false,,,false,false,4872,,,,,,,,,,false,
4873,21,"310010191",RR NO 2047 (FINAL PLOT 87/C),,,,B,ELPHINSTON (WEST),"78",PRINCESS DOCK,316.52,,Mahesh Mohite,2020-03-03 16:20:30.300,A,,true,false,,,,,58,10,,,,0,true,,,,,,97,RR NO. 2028,P.T PASSAGE,OLD RR NO. 161 MT & OLD RR NO. 1149,BROACH STREET,400009,2,"31001424",false,,,false,false,4873,,,,,,,,,,false,
4874,19,"309010091",RR NO 2065 AT FRERE ROAD,,,,B,ELPHINSTON (EAST),"44/1",PRINCESS DOCK,1087.89,,Mahesh Mohite,2020-03-03 16:20:30.300,A,,true,false,,,,,58,9,,,,0,true,,,,,,97,MANSION ROAD,P.D MELLO ROAD,RR NO. 1730,P.T PASSAGE,400009,2,"30901229",true,,,false,false,4874,,,,,,,,,,false,
4875,29,"312050109",RR NO 701,,,,A,APPOLO RECLAMATION ,"405",COLABA,8285.65,,Mahesh Mohite,2020-03-03 16:20:30.300,A,mbpt_no,true,false, Date: 21-12-2019 User: mbpt_no <br>Remark: For sample<br> <br> Date: 21-12-2019 User: mbpt_hod <br>Remark: For sample<br>,,mbpt_hod,,58,12,mbpt_hod,,,0,true,,,,,,97,TAJ MAHAL HOTEL ,MEREWETHER ROAD,P.T PASSAGE,P.T PASSAGE,400001,1,"31205123",false,,,false,false,4875,,,,,,,,,,false,
4876,26,"312020061",RR NO 724,,,,A,SASSOON DOCK,"75",COLABA,1152.84,,Mahesh Mohite,2020-03-03 16:20:30.300,A,mbpt_no,true,false, Date: 17-12-2019 User: mbpt_no <br>Remark: For sample<br> <br> Date: 17-12-2019 User: mbpt_hod <br>Remark: For sample<br>,,mbpt_hod,,58,12,mbpt_hod,,,0,true,,,,,,97,SASSON DOCK X ROAD,MIDDLE COLABA ROAD,DUMMAYNE ROAD,SASSON DOCK 2 NO. ROAD,400001,1,"31202236",false,,,false,false,4876,,,,,,,,,,false,
8206,19,"309010130",OLD RR 1539 GAMADIA ROAD, , , ,A WARD , ,,FORT,155.05,,Mahesh Mohite,2020-07-15 12:13:57.570,A,,true,false, ,,,,58,9,nihar, , ,0,true, , , ,,,97, , , , ,,,"30901132",false,,,false,false,8206,,,,,,,,,,false,
4869,24,"311020114","1415",,,,A,MODY BAY,"63/1187",FORT,297.29,,Mahesh Mohite,2020-03-03 16:20:30.300,A,,true,false,,,,,58,11,,,,0,true,,,,,,97,P.T PASSAGE,ST. GEORGE HOSPITAL,R.R.NO.1966,P.T PASSAGE,400001,1,"31102102",false,,,false,false,4869,,,,,,,,,,false,
4985,40,"413060022",,,,,E,NEW TANK BUNDER,"1",MAZAGAON,1221.40,,Mahesh Mohite,2020-03-03 16:20:30.300,A,,true,false,,,,,59,13,,,"115-8",0,true,,,,,,97,PLOT NO.114-8,PLOT NO.116,PT LAND,MbPT ROAD,400010,5,"41306203",true,,,false,false,4985,,,,,,,,,,false,
4877,32,"312080002",RR NO. 1417,,,,D,CUMBALLA HILL,"841", CUMBALLA HILL,4189.44,,Mahesh Mohite,2020-03-03 16:20:30.300,A,mbpt_no,true,false, Date: 24-12-2019 User: mbpt_no <br>Remark: For sample<br> <br> Date: 24-12-2019 User: mbpt_hod <br>Remark: for sample zones pending<br>,,mbpt_hod,,58,12,mbpt_hod,,,0,true,,,,,,97,CATTLE SHED,ROAD CARMICHAL,C.S. NO. 2N 738,TRUSTEES LAND,400026,4,"31208347
3 PENDING ZONES.",false,,,false,false,4877,,,,,,,,,,false,
4878,30,"312060005",RR NO.1008,,,,A,WILLINGTON RECLAMATION,"475",COLABA,2543.50,,Mahesh Mohite,2020-03-03 16:20:30.300,A,mbpt_no,true,false, Date: 20-12-2019 User: mbpt_no <br>Remark: For sample<br> <br> Date: 20-12-2019 User: mbpt_hod <br>Remark: For sample<br>,,mbpt_hod,,58,12,mbpt_hod,,,0,true,,,,,,97,GATEWAY OF INDIA,ADAM STREET,P.T PASSAGE,LANSDOWNE ROAD,400005,1,"31206334",false,,,false,false,4878,,,,,,,,,,false,
4880,26,"312020062", RR NO.1206,,,,A,SASSOON DOCK,"119",COLABA,1881.29,,Mahesh Mohite,2020-03-03 16:20:30.300,A,mbpt_no,true,false, Date: 17-12-2019 User: mbpt_no <br>Remark: For sample<br> <br> Date: 17-12-2019 User: mbpt_hod <br>Remark: For sample<br>,,mbpt_hod,,58,12,mbpt_hod,,,0,true,,,,,,97,MIDDLE COLABA ROAD,WOODHOUSE ROAD,KITTRIDGE ROAD,RR NO. 1379,400005,1,"31202244",false,,,false,false,4880,,,,,,,,,,false,
4881,21,"310010192",RR NO.1221,,,,B,ELPHINSTON (WEST),#N-A,#N-A,1852.86,,Mahesh Mohite,2020-03-03 16:20:30.300,A,,true,false,,,,,58,10,,,,0,true,,,,,,97,RR NO. 1690 & RR NO. 899,CLIVE ROAD,THANA STREET,P.T. PASSAGE,400009,2,"31001510",true,,,false,false,4881,,,,,,,,,,false,
4882,26,"312020063",RR NO.1388,,,,A,SASSOON DOCK,"121",COLABA,1122.17,,Mahesh Mohite,2020-03-03 16:20:30.300,A,mbpt_no,true,false," Date: 17-12-2019 User: mbpt_no <br>Remark: For sample<br> <br> Date: 17-12-2019 User: mbpt_hod <br>Remark: For sample
<br>",,mbpt_hod,,58,12,mbpt_hod,,,0,true,,,,,,97,MIDDLE COLABA ROAD,WOODHOUSE ROAD,RR NO. 1379,P.T PASSAGE,400005,1,"31202246",false,,,false,false,4882,,,,,,,,,,false,
4884,29,"312050111",RR NO.1476 &1822(CONSOLIDATED),,,,A,APPOLO RECLAMATION ,"413",COLABA,447.79,,Mahesh Mohite,2020-03-03 16:20:30.300,A,mbpt_no,true,false, Date: 21-12-2019 User: mbpt_no <br>Remark: For sample<br> <br> Date: 21-12-2019 User: mbpt_hod <br>Remark: For sample<br>,,mbpt_hod,,58,12,mbpt_hod,,,0,true,,,,,,97,P.T PASSAGE,RR NO.1992,NEW RR-2092 OLD RR NO.1842,OMRISTONE ROAD,400001,1,"3,12,05,13,53,12,05,300",false,,,false,false,4884,,,,,,,,,,false,
4885,21,"310010193",RR NO.1690,,,,B,ELPHINSTON (WEST),"157",PRINCESS DOCK,299.89,,Mahesh Mohite,2020-03-03 16:20:30.300,A,,true,false,,,,,58,10,,,,0,true,,,,,,97,NANDLAL JANI ROAD,F.P 112,THANA STREET,F.P 121,400009,2,"31001511",false,,,false,false,4885,,,,,,,,,,false,
4886,27,"312030003",RR NO.1806,,,,A,VICTORIA BUNDER,"13/67",COLABA,315.13,,Mahesh Mohite,2020-03-03 16:20:30.300,A,mbpt_no,true,false, Date: 24-12-2019 User: mbpt_no <br>Remark: For sasmple<br> <br> Date: 24-12-2019 User: mbpt_hod <br>Remark: For sample zones remaining<br>,,mbpt_hod,,58,12,mbpt_hod,,,0,true,,,,,,97,WHARF,PLOT NO- 65,VITVTORIA BUNDER ROAD,P.T PASSAGE,400005,1,"31203328 ( ZONE NOT FOUND) FROM VICTORIA BUNDER",false,,,false,false,4886,,,,,,,,,,false,
4961,38,"413040009",,,,,E,LAKRI BUNDER,"1",MAZAGAON,100.34,,Mahesh Mohite,2020-03-03 16:20:30.300,A,,true,false,,,,,59,13,,,"106/5",0,true,,,,,,97,PLOT NO.106/5,PLOT NO.105/5,PLOT NO.95/5,LAKRI BUNDER SOUTH ROAD,400010,5,"41304302",false,,,false,false,4961,,,,,,,,,,false,
4888,26,"312020065",RR NO.1868,,,,A,SASSOON DOCK,"117",COLABA,873.75,,Mahesh Mohite,2020-03-03 16:20:30.300,A,mbpt_no,true,false, Date: 17-12-2019 User: mbpt_no <br>Remark: For sample<br> <br> Date: 17-12-2019 User: mbpt_hod <br>Remark: For sample<br>,,mbpt_hod,,58,12,mbpt_hod,,,0,true,,,,,,97,RR NO. 1891,RR NO. 1206,KITTRIDGE ROAD,P.T PASSAGE,400005,1,"31202243",false,,,false,false,4888,,,,,,,,,,false,
4962,40,"413060013",,,,,E,NEW TANK BUNDER,"1",MAZAGAON,766.45,,Mahesh Mohite,2020-03-03 16:20:30.300,A,,true,false,,,,,59,13,,,"106/G",0,true,,,,,,97,PLOT NO.107,MbPT ROAD,MbPT ROAD,LAKRI BUNDER ROAD,400010,5,"41306148",true,,,false,false,4962,,,,,,,,,,false,
8221,10,"104010280",OLD RR 1494, , , ,E WARD , ,"145 (part )",MAZGAON,1882.31,,Mahesh Mohite,2020-07-15 12:13:57.570,A,,true,false, ,,,,56,4,nihar, , ,0,true, , , ,,,97, , , , ,,,"10401145",false,,,false,false,8221,,,,,,,,,,false,
4889,26,"312020066",RR NO.1891,,,,A,SASSOON DOCK, , ,515.24,,Mahesh Mohite,2020-03-03 16:20:30.300,A,mbpt_no,true,false," Date: 17-12-2019 User: mbpt_no <br>Remark: For sample
<br> <br> Date: 17-12-2019 User: mbpt_hod <br>Remark: For sample
<br>",,mbpt_hod,,58,12,mbpt_hod,,,0,true,,,,,,97,MIDDLE COLABAB ROAD,RR NO. 1868,KITTRIDGE ROAD,RR NO. 1922,400005,1,"31202242",false,,,false,false,4889,,,,,,,,,,false,
4890,26,"312020067",RR NO.1892,,,,A,SASSOON DOCK,"66",COLABA,1114.37,,Mahesh Mohite,2020-03-03 16:20:30.300,A,mbpt_no,true,false, Date: 17-12-2019 User: mbpt_no <br>Remark: For sample<br> <br> Date: 17-12-2019 User: mbpt_hod <br>Remark: For sample<br>,,mbpt_hod,,58,12,mbpt_hod,,,0,true,,,,,,97,P.T PASSAGE,SASSON DK X ROAD,DUMAYNE ROAD,BY GOVT.,400005,1,"31202239",false,,,false,false,4890,,,,,,,,,,false,
4891,26,"312020068",RR NO.1920,,,,A,SASSOON DOCK,"24777",COLABA,54.35,,Mahesh Mohite,2020-03-03 16:20:30.300,A,mbpt_no,true,false, Date: 17-12-2019 User: mbpt_no <br>Remark: city survey no.requires correction<br> <br> Date: 18-12-2019 User: mbpt_no <br>Remark: For sample<br> <br> Date: 18-12-2019 User: mbpt_hod <br>Remark: For sample<br>,,mbpt_hod,,58,12,mbpt_hod,,,0,true,,,,,,97,P.T PASSAGE,PLOT NO. 1892,DUMAYNE ROAD,P.T PASSAGE,400005,1,"31202238",false,,,false,false,4891,,,,,,,,,,false,
4892,26,"312020069",RR NO.1922,,,,A,SASSOON DOCK, , ,508.18,,Mahesh Mohite,2020-03-03 16:20:30.300,A,mbpt_no,true,false, Date: 17-12-2019 User: mbpt_no <br>Remark: For sample<br> <br> Date: 17-12-2019 User: mbpt_hod <br>Remark: For sample<br>,,mbpt_hod,,58,12,mbpt_hod,,,0,true,,,,,,97,MIDDLE COLABA ROAD,RR NO. 1379,RR NO. 1891,P.T PASSAGE,400005,1,"31202241",false,,,false,false,4892,,,,,,,,,,false,
4893,21,"310010194",RR NO.2050-FP 134,,,,B,ELPHINSTON (WEST),"175",PRINCESS DOCK,56.02,,Mahesh Mohite,2020-03-03 16:20:30.300,A,,true,false,,,,,58,10,,,,0,true,,,,,,97,B.P.T STRUCTURE,"164 O BHAN",F.P 134,F.P. 132,400009,2,"31001533",false,,,false,false,4893,,,,,,,,,,false,
4894,21,"310010195",RR NO.2053(F.P.103)JUN'N PLOT,,,,B,ELPHINSTON (WEST),"95",PRINCESS DOCK,393.44,,Mahesh Mohite,2020-03-03 16:20:30.300,A,,true,false,,,,,58,10,,,,0,true,,,,,,97,CLIVE ROAD,F.P 106 ESTATE 105,RR NO. 1482,P.T PASSAGE,400009,2,"31001438",false,,,false,false,4894,,,,,,,,,,false,
4907,21,"310010201",Y.T. (OLD RR 181),,,,B,ELPHINSTON (WEST),"149",PRINCESS DOCK,422.71,,Mahesh Mohite,2020-03-03 16:20:30.300,A,,true,false,,,,,58,10,,,,0,true,,,,,,97,Y.T-94,MBPT STRUCTURE,CLIVE 3ND CROSS STREET,CLIVE 2ND CROSS STREET,400009,2,"31001449",false,,,false,false,4907,,,,,,,,,,false,
4909,21,"310010203",YT 166,,,,B,ELPHINSTON (WEST),FP No.76,PRINCESS DOCK,31.68,,Mahesh Mohite,2020-03-03 16:20:30.300,A,,true,false,,,,,58,10,,,,0,true,,,,,,97,P.T PASSAGE,OLD RR NO. 562,Y.T 33,Y.T 156,400009,2,"31001349",false,,,false,false,4909,,,,,,,,,,false,
4911,21,"310010205",YT 75,,,,B,ELPHINSTON (WEST),"9",PRINCESS DOCK,322.75,,Mahesh Mohite,2020-03-03 16:20:30.300,A,,true,false,,,,,58,10,,,,0,true,,,,,,97,AKBER ST.,FP 70-A,Y.T 45,ACQUIRED BY GOVT. FOR THE TATA POWER CO. LTD.,400009,2,"31001330 
",false,,,false,false,4911,,,,,,,,,,false,
4912,21,"310010206",YT 77,,,,B,ELPHINSTON (WEST),FP No.67,PRINCESS DOCK,113.62,,Mahesh Mohite,2020-03-03 16:20:30.300,A,,true,false,,,,,58,10,,,,0,true,,,,,,97,Y.T  116,Y.T 52,FP-66B,FP-67C,400009,2,"31001309",false,,,false,false,4912,,,,,,,,,,false,
4913,21,"310010207",YT51,,,,B,ELPHINSTON (WEST),"9",PRINCESS DOCK,445.56,,Mahesh Mohite,2020-03-03 16:20:30.300,A,,true,false,,,,,58,10,,,,0,true,,,,,,97,AKBER ST.,FP-70C,CARNAC BUNDER SIDING ROAD BABURAO BOBADE MARG,Y.T 45,400009,2,"31001328",false,,,false,false,4913,,,,,,,,,,false,
4915,40,"413060001",,,,,E,NEW TANK BUNDER,"1",MAZAGAON,22.48,,Mahesh Mohite,2020-03-03 16:20:30.300,A,,true,false,,,,,59,13,,,"2",0,true,,,,,,97,PLOT NO.3,PLOT NO.1,PT LAND,PLOT NO.15,400010,5,"41306226",false,,,false,false,4915,,,,,,,,,,false,
4934,40,"413060002",,,,,E,NEW TANK BUNDER,"1",MAZAGAON,1634.91,,Mahesh Mohite,2020-03-03 16:20:30.300,A,,true,false,,,,,59,13,,,"311",0,true,,,,,,97,MbPT ROAD,BOAT HARD ROAD,MbPT LAND,"PLOT NO.313,312",400010,5,"41306218",true,,,false,false,4934,,,,,,,,,,false,
4935,40,"413060003",,,,,E,NEW TANK BUNDER,"1/241",MAZAGAON,143.54,,Mahesh Mohite,2020-03-03 16:20:30.300,A,,true,false,,,,,59,13,,,"312",0,true,,,,,,97,PLOT NO.313,BOAT HARD ROAD,PLOT NO.311,MbPT LAND,400010,5,"41306210",false,,,false,false,4935,,,,,,,,,,false,
4936,40,"413060004",,,,,E,NEW TANK BUNDER,"1/241",MAZAGAON,772.77,,Mahesh Mohite,2020-03-03 16:20:30.300,A,,true,false,,,,,59,13,,,"313",0,true,,,,,,97,MbPT LAND,PLOT NO.312,PLOT NO.311,MbPT LAND,400010,5,"41306211",false,,,false,false,4936,,,,,,,,,,false,
4937,40,"413060005",,,,,E,NEW TANK BUNDER,"1",MAZAGAON,648.00,,Mahesh Mohite,2020-03-03 16:20:30.300,A,,true,false,,,,,59,13,,,"314",0,true,,,,,,97,PLOT NO.315,MbPT LAND,MbPT ROAD,MbPT LAND,400010,5,"41306212",true,,,false,false,4937,,,,,,,,,,false,
4939,40,"413060007",,,,,E,NEW TANK BUNDER,"1",MAZAGAON,1490.63,,Mahesh Mohite,2020-03-03 16:20:30.300,A,,true,false,,,,,59,13,,,"316",0,true,,,,,,97,MbPT ROAD,PLOT NO.315,MbPT ROAD,MbPT LAND,400010,5,"41306220",true,,,false,false,4939,,,,,,,,,,false,
4941,40,"413060009",,,,,E,NEW TANK BUNDER,"1",MAZAGAON,689.80,,Mahesh Mohite,2020-03-03 16:20:30.300,A,,true,false,,,,,59,13,,,"323",0,true,,,,,,97,PLOT NO.324-A,MbPT LAND,TANK BUNDER ROAD,MbPT LAND,400010,5,"41306215",false,,,false,false,4941,,,,,,,,,,false,
4949,38,"413040002",,,,,E,LAKRI BUNDER,"1",MAZAGAON,93.27,,Mahesh Mohite,2020-03-03 16:20:30.300,A,,true,false,,,,,59,13,,,"44044",0,true,,,,,,97,PLOT NO.3/8,BPT REV OFFICE,LAKRI BUNDER ROAD,PLOT NO.2A/8,400010,5,"41304343",false,,,false,false,4949,,,,,,,,,,false,
4950,42,"413080001",,,,,F/S,BRICK BUNDER,"145",PAREL-SEWERI,55.74,,Mahesh Mohite,2020-03-03 16:20:30.300,A,,true,false,,,,,59,13,,,"1/D",0,true,,,,,,97,PT LAND,PLOT NO.2/D,P.T. ROAD,PLOT NO.17/D,400010,7,"41308101",true,,,false,false,4950,,,,,,,,,,false,
4952,38,"413040003",,,,,E,LAKRI BUNDER,"1",MAZAGAON,199.09,,Mahesh Mohite,2020-03-03 16:20:30.300,A,,true,false,,,,,59,13,,,"43840",0,true,,,,,,97,"PLOT NO.11/1,12/1,15/1","PLOT NO.9/1,9A/1,3/A",LAKRI BUNDER NORTH ROAD,"PLOT NO.13/1,14/1",400010,5,"41304106",false,,,false,false,4952,,,,,,,,,,false,
4953,38,"413040004",,,,,E,LAKRI BUNDER,"1",MAZAGAON,51.10,,Mahesh Mohite,2020-03-03 16:20:30.300,A,,true,false,,,,,59,13,,,"44053",0,true,,,,,,97,PLOT NO.10/B,PLOT NO.10A/8,LAKRI BUNDER ROAD,"PLOT NO.24/8,23/8",400010,5,"41304403",false,,,false,false,4953,,,,,,,,,,false,
4954,42,"413080002",,,,,F/S,BRICK BUNDER,"435/145",PAREL-SEWERI,66.89,,Mahesh Mohite,2020-03-03 16:20:30.300,A,,true,false,,,,,59,13,,,"10/D",0,true,,,,,,97,PLOT NO.11/D,PLOT NO.9/D,PLOT NO.5/D,MbPT LAND,400010,7,"41308108",false,,,false,false,4954,,,,,,,,,,false,
4955,38,"413040005",,,,,E,LAKRI BUNDER,"1",MAZAGAON,642.15,,Mahesh Mohite,2020-03-03 16:20:30.300,A,,true,false,,,,,59,13,,,"100,101/5",0,true,,,,,,97,"PLOT NO.100,101/5",PLOT NO.99/5,PLOT NO.91/5,LAKRI BUNDER SOUTH ROAD,400010,5,"41304247",false,,,false,false,4955,,,,,,,,,,false,
4956,40,"413060011",,,,,E,NEW TANK BUNDER,"1",MAZAGAON,144.65,,Mahesh Mohite,2020-03-03 16:20:30.300,A,,true,false,,,,,59,13,,,"100/F",0,true,,,,,,97,PLOT NO.101/F,MbPT ROAD,PLOT NO.99/F,TANK BUNDER ROAD,400010,5,"41306144",true,,,false,false,4956,,,,,,,,,,false,
4957,38,"413040006",,,,,E,LAKRI BUNDER,"1",MAZAGAON,192.31,,Mahesh Mohite,2020-03-03 16:20:30.300,A,,true,false,,,,,59,13,,,"104/5",0,true,,,,,,97,PLOT NO.105/5,PLOT NO.101/5,"PLOT NO.91/5,92/5",LAKRI BUNDER SOUTH ROAD,400010,5,"41304249",false,,,false,false,4957,,,,,,,,,,false,
4958,38,"413040007",,,,,E,LAKRI BUNDER,"1",MAZAGAON,116.22,,Mahesh Mohite,2020-03-03 16:20:30.300,A,,true,false,,,,,59,13,,,"105/5",0,true,,,,,,97,PLOT NO.105A/5,PLOT NO.104/5,"PLOT NO.94/5,95/5",LAKRI BUNDER SOUTH ROAD,400010,5,"41304250",false,,,false,false,4958,,,,,,,,,,false,
4959,40,"413060012",,,,,E,NEW TANK BUNDER,"1",MAZAGAON,696.77,,Mahesh Mohite,2020-03-03 16:20:30.300,A,,true,false,,,,,59,13,,,"105/F",0,true,,,,,,97,MbPT ROAD,"PLOT NO.102,104",MbPT ROAD,TANK BUNDER ROAD,400010,5,"41306146",true,,,false,false,4959,,,,,,,,,,false,
4960,38,"413040008",,,,,E,LAKRI BUNDER,"1",MAZAGAON,51.10,,Mahesh Mohite,2020-03-03 16:20:30.300,A,,true,false,,,,,59,13,,,"105A/5",0,true,,,,,,97,PLOT NO.106/5,PLOT NO.105/5,PLOT NO.95/5,LAKRI BUNDER SOUTH ROAD,400010,5,"41304301",false,,,false,false,4960,,,,,,,,,,false,
4963,38,"413040010",,,,,E,LAKRI BUNDER,"1",MAZAGAON,171.41,,Mahesh Mohite,2020-03-03 16:20:30.300,A,,true,false,,,,,59,13,,,"107/5",0,true,,,,,,97,"PLOT NO.108,109/5",PLOT NO.106/5,PLOT NO.97/5,LAKRI BUNDER SOUTH ROAD,400010,5,"41304303",false,,,false,false,4963,,,,,,,,,,false,
8245,19,"309010160",OLD R R 1855, , , ,B WARD , ,"53/1",PRINCESS DOCK,194.73,,Mahesh Mohite,2020-07-15 12:13:57.570,A,,true,false, ,,,,58,9,nihar, , ,0,true, , , ,,,97, , , , ,,,"30901241",false,,,false,false,8245,,,,,,,,,,false,
4964,38,"413040011",,,,,E,LAKRI BUNDER,"1",MAZAGAON,215.44,,Mahesh Mohite,2020-03-03 16:20:30.300,A,,true,false,,,,,59,13,,,"108,109-5",0,true,,,,,,97,PLOT NO.110,PLOT NO.107,"PLOT NO.96,97",LAKRI BUNDER SOUTH ROAD,400010,5,"41304304",false,,,false,false,4964,,,,,,,,,,false,
4965,40,"413060014",,,,,E,NEW TANK BUNDER,"1",MAZAGAON,1254.19,,Mahesh Mohite,2020-03-03 16:20:30.300,A,,true,false,,,,,59,13,,,"108/G",0,true,,,,,,97,MbPT ROAD,PLOT NO.107,MbPT ROAD,TANK BUNDER ROAD,400010,5,"41306208",true,,,false,false,4965,,,,,,,,,,false,
4966,40,"413060015",,,,,E,NEW TANK BUNDER,"136/1",MAZAGAON,4821.67,,Mahesh Mohite,2020-03-03 16:20:30.300,A,,true,false,,,,,59,13,,,"109/4",0,true,,,,,,97,PT LAND,PT LAND,PT LAND,TANK BUNDER ROAD,400010,5,"41306149",false,,,false,false,4966,,,,,,,,,,false,
4506,21,"310010124",MT PLOT NO 83,,,,B,ELPHINSTON (WEST), , ,129.60,,Mahesh Mohite,2020-03-03 16:20:30.300,A,,true,false,,,,,58,10,,,,0,true,,,"4",,,97,,,,,400009,2,"31001319",false,,,false,false,4506,,,,,,,,,,false,
4967,38,"413040012",,,,,E,LAKRI BUNDER,"1",MAZAGAON,45.99,,Mahesh Mohite,2020-03-03 16:20:30.300,A,,true,false,,,,,59,13,,,"10A/8",0,true,,,,,,97,PLOT NO.10/8,PLOT NO.9A/8,LAKRI BUNDER ROAD,PLOT NO.24/8,400010,5,"41304402",false,,,false,false,4967,,,,,,,,,,false,
4969,38,"413040013",,,,,E,LAKRI BUNDER,"1",MAZAGAON,23.69,,Mahesh Mohite,2020-03-03 16:20:30.300,A,,true,false,,,,,59,13,,,"43841",0,true,,,,,,97,"PLOT NO.12/1,ADJ PLOT NO.12",PLOT NO.10/1,LAKRI BUNDER NORTH ROAD,PLOT NO.10/1,400010,5,"41304107",false,,,false,false,4969,,,,,,,,,,false,
4970,38,"413040014",,,,,E,LAKRI BUNDER,"1",MAZAGAON,122.63,,Mahesh Mohite,2020-03-03 16:20:30.300,A,,true,false,,,,,59,13,,,"44054",0,true,,,,,,97,"PLOT NO.18/8,20",PLOT NO.10/E,LAKRI BUNDER ROAD,PLOT NO.12/8,400010,5,"41304408",false,,,false,false,4970,,,,,,,,,,false,
4972,42,"413080003",,,,,F/S,BRICK BUNDER,"435/145",PAREL-SEWERI,74.32,,Mahesh Mohite,2020-03-03 16:20:30.300,A,,true,false,,,,,59,13,,,"11-D",0,true,,,,,,97,"PLOT NO.12,13",PLOT NO.10,PLOT NO.3,MbPT ROAD,400010,7,"41308109",false,,,false,false,4972,,,,,,,,,,false,
4973,38,"413040015",,,,,E,LAKRI BUNDER,"1",MAZAGAON,175.59,,Mahesh Mohite,2020-03-03 16:20:30.300,A,,true,false,,,,,59,13,,,"110/5",0,true,,,,,,97,PT LAND,PLOT NO.109/5,PLOT NO.97/5,LAKRI BUNDER SOUTH ROAD,400010,5,"41304305",false,,,false,false,4973,,,,,,,,,,false,
4974,40,"413060016",,,,,E,NEW TANK BUNDER,"1",MAZAGAON,463.77,,Mahesh Mohite,2020-03-03 16:20:30.300,A,,true,false,,,,,59,13,,,"110/8",0,true,,,,,,97,PT LAND,PLOT NO.111/8,PT LAND,MbPT ROAD,400010,5,"41306150",true,,,false,false,4974,,,,,,,,,,false,
4975,38,"413040016",,,,,E,LAKRI BUNDER,"1",MAZAGAON,44.13,,Mahesh Mohite,2020-03-03 16:20:30.300,A,,true,false,,,,,59,13,,,"111-5",0,true,,,,,,97,PT LAND,PLOT NO.110-5,PLOT NO.110-5,LAKRI BUNDER SOUTH ROAD,400010,5,"41304306",false,,,false,false,4975,,,,,,,,,,false,
4976,40,"413060017",,,,,E,NEW TANK BUNDER,"1",MAZAGAON,517.28,,Mahesh Mohite,2020-03-03 16:20:30.300,A,,true,false,,,,,59,13,,,"111-8",0,true,,,,,,97,PLOT NO.110-8,PLOT NO.112-8,MbPT LAND,MbPT LAND,400010,5,"41306201",false,,,false,false,4976,,,,,,,,,,false,
4977,38,"413040017",,,,,E,LAKRI BUNDER,"1",MAZAGAON,97.08,,Mahesh Mohite,2020-03-03 16:20:30.300,A,,true,false,,,,,59,13,,,"112-6",0,true,,,,,,97,PLOT NO.113-6,MbPT LAND,LAKRI BUNDER ROAD,PLOT NO.121-6,400010,5,"41304308",false,,,false,false,4977,,,,,,,,,,false,
4978,40,"413060018",,,,,E,NEW TANK BUNDER,"1",MAZAGAON,29.73,,Mahesh Mohite,2020-03-03 16:20:30.300,A,,true,false,,,,,59,13,,,"112-BLOCK NO. 8",0,true,,,,,,97,PLOT NO.111-8,PLOT.113-8,TANK BUNDER ROAD,MbPT LAND,400010,5,"41306202",false,,,false,false,4978,,,,,,,,,,false,
4979,38,"413040018",,,,,E,LAKRI BUNDER,"1",MAZAGAON,153.29,,Mahesh Mohite,2020-03-03 16:20:30.300,A,,true,false,,,,,59,13,,,"113-6",0,true,,,,,,97,PLOT NO.114-6,PLOT NO.112-6,LAKRI BUNDER ROAD,PLOT NO.122-6,400010,5,"41304309",false,,,false,false,4979,,,,,,,,,,false,
4981,40,"413060020",,,,,E,NEW TANK BUNDER,"1",MAZAGAON,100.34,,Mahesh Mohite,2020-03-03 16:20:30.300,A,,true,false,,,,,59,13,,,"113A-8",0,true,,,,,,97,MbPT LAND,MbPT LAND,TANK BUNDER ROAD,PLOT NO.113-8,400010,5,"41306209",false,,,false,false,4981,,,,,,,,,,false,
4982,38,"413040019",,,,,E,LAKRI BUNDER,"1",MAZAGAON,102.19,,Mahesh Mohite,2020-03-03 16:20:30.300,A,,true,false,,,,,59,13,,,"114-6",0,true,,,,,,97,PLOT NO.115-6,PLOT NO.113-6,LAKRI BUNDER ROAD,PLOT NO.123-6,400010,5,"41304333",false,,,false,false,4982,,,,,,,,,,false,
4983,40,"413060021",,,,,E,NEW TANK BUNDER,"1",MAZAGAON,52.95,,Mahesh Mohite,2020-03-03 16:20:30.300,A,,true,false,,,,,59,13,,,"114-8",0,true,,,,,,97,PLOT NO.113-8,PLOT NO.115-8,PT LAND,PT LAND,400010,5,"41306206",false,,,false,false,4983,,,,,,,,,,false,
4984,38,"413040020",,,,,E,LAKRI BUNDER,"1",MAZAGAON,40.88,,Mahesh Mohite,2020-03-03 16:20:30.300,A,,true,false,,,,,59,13,,,"115-6",0,true,,,,,,97,PLOT NO.116-6,PLOT NO.114-6,LAKRI BUNDER ROAD,PLOT NO.123-6,400010,5,"41304503",false,,,false,false,4984,,,,,,,,,,false,
4986,38,"413040021",,,,,E,LAKRI BUNDER,"1",MAZAGAON,61.32,,Mahesh Mohite,2020-03-03 16:20:30.300,A,,true,false,,,,,59,13,,,"116-6",0,true,,,,,,97,PLOT NO.117,PLOT NO.115-6,LAKRI BUNDER ROAD,"PLOT NO.124,125-6",400010,5,"41304504",false,,,false,false,4986,,,,,,,,,,false,
4988,38,"413040022",,,,,E,LAKRI BUNDER,"1",MAZAGAON,311.69,,Mahesh Mohite,2020-03-03 16:20:30.300,A,,true,false,,,,,59,13,,,"117, 118-6",0,true,,,,,,97,PLOT NO.119,PLOT NO.116,LAKRI BUNDER ROAD,"PLOT NO.125,126,127,128,129",400010,5,"41304533",false,,,false,false,4988,,,,,,,,,,false,
4989,38,"413040023",,,,,E,LAKRI BUNDER,"1",MAZAGAON,61.32,,Mahesh Mohite,2020-03-03 16:20:30.300,A,,true,false,,,,,59,13,,,"119-6",0,true,,,,,,97,PLOT NO.69-3,PLOT NO.118-6,LAKRI BUNDER ROAD,PLOT NO.130-6,400010,5,"41304307",false,,,false,false,4989,,,,,,,,,,false,
4990,38,"413040024",,,,,E,LAKRI BUNDER,"1",MAZAGAON,46.45,,Mahesh Mohite,2020-03-03 16:20:30.300,A,,true,false,,,,,59,13,,,"43842",0,true,,,,,,97,"PLOT NO.17/1,17B/1","PLOT NO.11/1,PT LAND",PLOT NO.12,PLOT NO.15/1,400010,5,"41304108",false,,,false,false,4990,,,,,,,,,,false,
4991,38,"413040025",,,,,E,LAKRI BUNDER,"1",MAZAGAON,194.17,,Mahesh Mohite,2020-03-03 16:20:30.300,A,,true,false,,,,,59,13,,,"44055",0,true,,,,,,97,PLOT NO.13/8,PLOT NO.11/8,LAKRI BUNDER ROAD,PLOT NO.17/8,400010,5,"41304511",false,,,false,false,4991,,,,,,,,,,false,
4993,38,"413040026",,,,,E,LAKRI BUNDER,"1",MAZAGAON,102.19,,Mahesh Mohite,2020-03-03 16:20:30.300,A,,true,false,,,,,59,13,,,"121-6",0,true,,,,,,97,PLOT NO.122-6,MbPT LAND,PLOT NO.112-6,LAKRI BUNDER SOUTH ROAD,400010,5,"41304310",false,,,false,false,4993,,,,,,,,,,false,
4994,38,"413040027",,,,,E,LAKRI BUNDER,"1",MAZAGAON,111.48,,Mahesh Mohite,2020-03-03 16:20:30.300,A,,true,false,,,,,59,13,,,"122-6",0,true,,,,,,97,PLOT NO.123-6,PLOT NO.121-6,PLOT NO.113-6,LAKRI BUNDER SOUTH ROAD,400010,5,"41304311",false,,,false,false,4994,,,,,,,,,,false,
4995,38,"413040028",,,,,E,LAKRI BUNDER,"1",MAZAGAON,83.61,,Mahesh Mohite,2020-03-03 16:20:30.300,A,,true,false,,,,,59,13,,,"123-6",0,true,,,,,,97,"PLOT NO.124,125-6",PLOT NO.122-6,PLOT NO.114-6,LAKRI BUNDER SOUTH ROAD,400010,5,"41304312",false,,,false,false,4995,,,,,,,,,,false,
4997,38,"413040029",,,,,E,LAKRI BUNDER,"1",MAZAGAON,199.28,,Mahesh Mohite,2020-03-03 16:20:30.300,A,,true,false,,,,,59,13,,,"124,125-6",0,true,,,,,,97,PLOT NO.126,PLOT NO.123,"PLOT NO.114,115,116,117",LAKRI BUNDER SOUTH ROAD,400010,5,"41304534",false,,,false,false,4997,,,,,,,,,,false,
4998,38,"413040030",,,,,E,LAKRI BUNDER,"1",MAZAGAON,45.99,,Mahesh Mohite,2020-03-03 16:20:30.300,A,,true,false,,,,,59,13,,,"126-6",0,true,,,,,,97,PLOT NO.127-6,PLOT NO.125-6,"PLOT NO.117,118-6",LAKRI BUNDER SOUTH ROAD,400010,5,"41304313",false,,,false,false,4998,,,,,,,,,,false,
4999,38,"413040031",,,,,E,LAKRI BUNDER,"1",MAZAGAON,153.29,,Mahesh Mohite,2020-03-03 16:20:30.300,A,,true,false,,,,,59,13,,,"127-6",0,true,,,,,,97,"PLOT NO.128,129-6",PLOT NO.126-6,"PLOT NO.117,118-6",LAKRI BUNDER SOUTH ROAD,400010,5,"41304314",false,,,false,false,4999,,,,,,,,,,false,
5000,38,"413040032",,,,,E,LAKRI BUNDER,"1",MAZAGAON,81.75,,Mahesh Mohite,2020-03-03 16:20:30.300,A,,true,false,,,,,59,13,,,"128-129 BLOCK NO.6",0,true,,,,,,97,PLOT NO.130-6,PLOT NO.127-6,"PLOT NO.117,118-6",LAKRI BUNDER SOUTH ROAD,400010,5,"41304315",false,,,false,false,5000,,,,,,,,,,false,
5002,38,"413040033",,,,,E,LAKRI BUNDER,"1",MAZAGAON,173.08,,Mahesh Mohite,2020-03-03 16:20:30.300,A,,true,false,,,,,59,13,,,"43843",0,true,,,,,,97,PLOT NO.14-1,PLOT NO.9-1,PLOT NO.10-1,LAKRI BUNDER SOUTH ROAD,400010,5,"41304109",false,,,false,false,5002,,,,,,,,,,false,
5003,38,"413040034",,,,,E,LAKRI BUNDER,"1",MAZAGAON,102.19,,Mahesh Mohite,2020-03-03 16:20:30.300,A,,true,false,,,,,59,13,,,"44056",0,true,,,,,,97,PLOT NO.14-8,PLOT NO.12-8,LAKRI BUNDER ROAD,PLOT NO.16-8,400010,5,"41304409",false,,,false,false,5003,,,,,,,,,,false,
8237,19,"309010152",OLD R R 1847, , , ,B WARD , ,"61/1",PRINCESS DOCK,194.26,,Mahesh Mohite,2020-07-15 12:13:57.570,A,,true,false, ,,,,58,9,nihar, , ,0,true, , , ,,,97, , , , ,,,"30901225",false,,,false,false,8237,,,,,,,,,,false,
5005,42,"413080005",,,,,F/S,BRICK BUNDER,"435/145",PAREL-SEWERI,37.35,,Mahesh Mohite,2020-03-03 16:20:30.300,A,,true,false,,,,,59,13,,,"13-D",0,true,,,,,,97,PLOT NO.14,PLOT NO.11,PLOT NO.12-D,MbPT LAND,400010,7,"41308111",false,,,false,false,5005,,,,,,,,,,false,
7577,14,"206010091","11 AT GHORUPDEO CROSS LANE-1",,Private Structure,,E,,"14/671",MAZAGAON,125.70,,Mahesh Mohite,2020-05-09 18:01:36.360,A,,true,false,,,,,57,6,,,,0,true,,,,,,97,,,,,,,"20601108",false,,,false,false,7577,,,,,,,,,,false,
7579,14,"206010093","13 AT CANNAUGHT ROAD",,Private Structure,,E,,"14/671",MAZAGAON,590.86,,Mahesh Mohite,2020-05-09 18:01:36.360,A,,true,false,,,,,57,6,,,,0,true,,,,,,97,,,,,,,"20601110",false,,,false,false,7579,,,,,,,,,,false,
7580,14,"206010094","14 AT CANNAUGHT ROAD",,Private Structure,,E,,"14/671",MAZAGAON,522.21,,Mahesh Mohite,2020-05-09 18:01:36.360,A,,true,false,,,,,57,6,,,,0,true,,,,,,97,,,,,,,"20601111",false,,,false,false,7580,,,,,,,,,,false,
7581,14,"206010095",OLD R R NO 1943,,Private Structure,,E,,"17/671",MAZAGAON,130.34,,Mahesh Mohite,2020-05-09 18:01:36.360,A,,true,false,,,,,57,6,,,,0,true,,,,,,97,,,,,,,"20601150",false,,,false,false,7581,,,,,,,,,,false,
7582,14,"206010096",RR NO 1767 (OLD),,Private Structure,,E,,"11/671",MAZAGAON,1630.26,,Mahesh Mohite,2020-05-09 18:01:36.360,A,,true,false,,,,,57,6,,,,0,true,,,,,,97,,,,,,,"20601205",false,,,false,false,7582,,,,,,,,,,false,
7583,14,"206010097",RR NO 2058,,Private Structure,,E,,"15/671",MAZAGAON,773.51,,Mahesh Mohite,2020-05-09 18:01:36.360,A,,true,false,,,,,57,6,,,,0,true,,,,,,97,,,,,,,"20601206",false,,,false,false,7583,,,,,,,,,,false,
7584,14,"206010098","57-A",,Private Structure,,E,,"670",MAZAGAON,98.11,,Mahesh Mohite,2020-05-09 18:01:36.360,A,,true,false,,,,,57,6,,,,0,true,,,,,,97,,,,,,,"20601212",false,,,false,false,7584,,,,,,,,,,false,
7585,14,"206010099"," 63 ,64 ,& 65",,Private Structure,,E,,"5/632",MAZAGAON,167.50,,Mahesh Mohite,2020-05-09 18:01:36.360,A,,true,false,,,,,57,6,,,,0,true,,,,,,97,,,,,,,"20601213",false,,,false,false,7585,,,,,,,,,,false,
7586,14,"206010100","67 68",,Private Structure,,E,,"1/632",MAZAGAON,110.09,,Mahesh Mohite,2020-05-09 18:01:36.360,A,,true,false,,,,,57,6,,,,0,true,,,,,,97,,,,,,,"20601215",false,,,false,false,7586,,,,,,,,,,false,
5006,38,"413040035",,,,,E,LAKRI BUNDER,"1",MAZAGAON,111.48,,Mahesh Mohite,2020-03-03 16:20:30.300,A,,true,false,,,,,59,13,,,"130-6",0,true,,,,,,97,PLOT NO.131-6,"PLOT NO.128,129-6",PLOT NO.119-6,LAKRI BUNDER SOUTH ROAD,400010,5,"41304505",false,,,false,false,5006,,,,,,,,,,false,
5007,38,"413040036",,,,,E,LAKRI BUNDER,"1",MAZAGAON,27.87,,Mahesh Mohite,2020-03-03 16:20:30.300,A,,true,false,,,,,59,13,,,"131/6",0,true,,,,,,97,PLOT NO.132/6,PLOT NO.130/6,PLOT NO.69/3,LAKRI BUNDER SOUTH ROAD,400010,5,"41304506",false,,,false,false,5007,,,,,,,,,,false,
5008,38,"413040037",,,,,E,LAKRI BUNDER,"1",MAZAGAON,103.59,,Mahesh Mohite,2020-03-03 16:20:30.300,A,,true,false,,,,,59,13,,,"132/6",0,true,,,,,,97,PLOT NO.133/6,PLOT NO.131/6,PLOT NO.69/3,LAKRI BUNDER SOUTH ROAD,400010,5,"41304507",false,,,false,false,5008,,,,,,,,,,false,
5120,39,"413050017",,,,,E,COAL BUNDER,"1",MAZAGAON,1811.61,,Mahesh Mohite,2020-03-03 16:20:30.300,A,,true,false,,,,,59,13,,,"219-3",0,true,,,,,,97,MbPT ROAD,MbPT ROAD,PLOT NO.219A-3,MbPT ROAD,400010,5,"41305109",true,,,false,false,5120,,,,,,,,,,false,
5009,38,"413040038",,,,,E,LAKRI BUNDER,"1",MAZAGAON,139.35,,Mahesh Mohite,2020-03-03 16:20:30.300,A,,true,false,,,,,59,13,,,"133/6",0,true,,,,,,97,PLOT NO.133A/6,PLOT NO.132/6,PLOT NO.69/3,LAKRI BUNDER SOUTH ROAD,400010,5,"41304316",false,,,false,false,5009,,,,,,,,,,false,
5010,38,"413040039",,,,,E,LAKRI BUNDER,"1",MAZAGAON,111.48,,Mahesh Mohite,2020-03-03 16:20:30.300,A,,true,false,,,,,59,13,,,"133A/6",0,true,,,,,,97,PLOT NO.134/6,PLOT NO.133/6,PLOT NO.69/3,LAKRI BUNDER SOUTH ROAD,400010,5,"41304317",false,,,false,false,5010,,,,,,,,,,false,
5011,38,"413040040",,,,,E,LAKRI BUNDER,"1",MAZAGAON,51.10,,Mahesh Mohite,2020-03-03 16:20:30.300,A,,true,false,,,,,59,13,,,"134/6",0,true,,,,,,97,PLOT NO.135,PLOT NO.133A/6,PLOT NO.69/3,LAKRI BUNDER SOUTH ROAD,400010,5,"41304318",false,,,false,false,5011,,,,,,,,,,false,
5013,38,"413040041",,,,,E,LAKRI BUNDER,"1",MAZAGAON,257.81,,Mahesh Mohite,2020-03-03 16:20:30.300,A,,true,false,,,,,59,13,,,"135,136-6",0,true,,,,,,97,PT LAND,PLOT NO.134-6,PLOT NO.69-3,LAKRI BUNDER SOUTH ROAD,400010,5,"41304319",false,,,false,false,5013,,,,,,,,,,false,
5014,38,"413040042",,,,,E,LAKRI BUNDER,"1",MAZAGAON,153.29,,Mahesh Mohite,2020-03-03 16:20:30.300,A,,true,false,,,,,59,13,,,"137-7",0,true,,,,,,97,PLOT NO.138-7,PT LAND,LAKRI BUNDER ROAD,PLOT NO.149-7,400010,5,"41304320",false,,,false,false,5014,,,,,,,,,,false,
5015,38,"413040043",,,,,E,LAKRI BUNDER,"1",MAZAGAON,81.76,,Mahesh Mohite,2020-03-03 16:20:30.300,A,,true,false,,,,,59,13,,,"138-7",0,true,,,,,,97,PLOT NO.139-7,PLOT NO.137-7,LAKRI BUNDER ROAD,PLOT NO.149-7,400010,5,"41304321",false,,,false,false,5015,,,,,,,,,,false,
5017,38,"413040045",,,,,E,LAKRI BUNDER,"1",MAZAGAON,102.19,,Mahesh Mohite,2020-03-03 16:20:30.300,A,,true,false,,,,,59,13,,,"43844",0,true,,,,,,97,PLOT NO.15-1,PLOT NO.13-1,PLOT NO.10-1,LAKRI BUNDER ROAD,400010,5,"41304332",false,,,false,false,5017,,,,,,,,,,false,
5018,38,"413040046",,,,,E,LAKRI BUNDER,"1",MAZAGAON,245.26,,Mahesh Mohite,2020-03-03 16:20:30.300,A,,true,false,,,,,59,13,,,"44057",0,true,,,,,,97,PT LAND,PLOT NO.13-8,LAKRI BUNDER ROAD,PLOT NO.15-8,400010,5,"41304510",false,,,false,false,5018,,,,,,,,,,false,
5019,40,"413060024",,,,,E,NEW TANK BUNDER,"1",MAZAGAON,156.82,,Mahesh Mohite,2020-03-03 16:20:30.300,A,,true,false,,,,,59,13,,,"14-A",0,true,,,,,,97,PLOT NO.15-A,PLOT NO.13-A,PLOT NO.1,PT LAND,400010,5,"41306106",false,,,false,false,5019,,,,,,,,,,false,
5020,38,"413040047",,,,,E,LAKRI BUNDER,"1",MAZAGAON,247.87,,Mahesh Mohite,2020-03-03 16:20:30.300,A,,true,false,,,,,59,13,,,"140-7",0,true,,,,,,97,PLOT NO.141-7,PLOT NO.139-7,LAKRI BUNDER ROAD,PLOT NO.150-7,400010,5,"41304323",false,,,false,false,5020,,,,,,,,,,false,
5021,38,"413040048",,,,,E,LAKRI BUNDER,"1",MAZAGAON,127.74,,Mahesh Mohite,2020-03-03 16:20:30.300,A,,true,false,,,,,59,13,,,"141-7",0,true,,,,,,97,PLOT NO.142-7,PLOT NO.140-7,LAKRI BUNDER ROAD,PLOT NO.152-7,400010,5,"41304324",false,,,false,false,5021,,,,,,,,,,false,
5022,38,"413040049",,,,,E,LAKRI BUNDER,"1",MAZAGAON,204.39,,Mahesh Mohite,2020-03-03 16:20:30.300,A,,true,false,,,,,59,13,,,"142-7",0,true,,,,,,97,PLOT NO.143-7,PLOT NO.141-7,LAKRI BUNDER ROAD,PLOT NO.153-7,400010,5,"41304325",false,,,false,false,5022,,,,,,,,,,false,
5023,38,"413040050",,,,,E,LAKRI BUNDER,"1",MAZAGAON,40.88,,Mahesh Mohite,2020-03-03 16:20:30.300,A,,true,false,,,,,59,13,,,"143-7",0,true,,,,,,97,PLOT NO.144-7,PLOT NO.142-7,LAKRI BUNDER ROAD,PLOT NO.155-7,400010,5,"41304326",false,,,false,false,5023,,,,,,,,,,false,
5024,38,"413040051",,,,,E,LAKRI BUNDER,"1",MAZAGAON,127.74,,Mahesh Mohite,2020-03-03 16:20:30.300,A,,true,false,,,,,59,13,,,"144-7",0,true,,,,,,97,PLOT NO.145-7,PLOT NO.143-7,LAKRI BUNDER ROAD,"PLOT NO.155-7,156-7",400010,5,"41304327",false,,,false,false,5024,,,,,,,,,,false,
5025,38,"413040052",,,,,E,LAKRI BUNDER,"1",MAZAGAON,159.98,,Mahesh Mohite,2020-03-03 16:20:30.300,A,,true,false,,,,,59,13,,,"145-7",0,true,,,,,,97,PLOT NO.146-7,PLOT NO.144-7,LAKRI BUNDER ROAD,PLOT NO.156-7,400010,5,"41304328",false,,,false,false,5025,,,,,,,,,,false,
5026,38,"413040053",,,,,E,LAKRI BUNDER,"1",MAZAGAON,76.65,,Mahesh Mohite,2020-03-03 16:20:30.300,A,,true,false,,,,,59,13,,,"146-7",0,true,,,,,,97,PLOT NO.147-7,PLOT NO.145-7,LAKRI BUNDER ROAD,PLOT NO.157-7,400010,5,"41304329",false,,,false,false,5026,,,,,,,,,,false,
5027,38,"413040054",,,,,E,LAKRI BUNDER,"1",MAZAGAON,76.65,,Mahesh Mohite,2020-03-03 16:20:30.300,A,,true,false,,,,,59,13,,,"147-7",0,true,,,,,,97,PLOT NO.148-7,PLOT NO.146-7,LAKRI BUNDER ROAD,PLOT NO.157-7,400010,5,"41304330",false,,,false,false,5027,,,,,,,,,,false,
5028,38,"413040055",,,,,E,LAKRI BUNDER,"1",MAZAGAON,71.54,,Mahesh Mohite,2020-03-03 16:20:30.300,A,,true,false,,,,,59,13,,,"148-7",0,true,,,,,,97,PT LAND,PLOT NO.147-7,LAKRI BUNDER ROAD,PLOT NO.158-7,400010,5,"41304335",false,,,false,false,5028,,,,,,,,,,false,
5029,38,"413040056",,,,,E,LAKRI BUNDER,"1",MAZAGAON,429.21,,Mahesh Mohite,2020-03-03 16:20:30.300,A,,true,false,,,,,59,13,,,"149-7",0,true,,,,,,97,PLOT NO.150-7,MbPT ROAD,"PLOT NO.137-7,138-7,139-7",LAKRI BUNDER SOUTH ROAD,400010,5,"41304336",true,,,false,false,5029,,,,,,,,,,false,
5030,38,"413040057",,,,,E,LAKRI BUNDER,"1",MAZAGAON,245.26,,Mahesh Mohite,2020-03-03 16:20:30.300,A,,true,false,,,,,59,13,,,"43845",0,true,,,,,,97,"PLOT NO.16-1,17-1","PLOT NO.14-1,10-1","PLOT NO.10-1,12-1",LAKRI BUNDER ROAD,400010,5,"41304526",false,,,false,false,5030,,,,,,,,,,false,
8246,19,"309010161",OLD RR NO.1852, , , ,B WARD , ,"54/1",PRINCESS DOCK,194.73,,Mahesh Mohite,2020-07-15 12:13:57.570,A,,true,false, ,,,,58,9,nihar, , ,0,true, , , ,,,97, , , , ,,,"30901242",false,,,false,false,8246,,,,,,,,,,false,
5031,38,"413040058",,,,,E,LAKRI BUNDER,"1",MAZAGAON,139.35,,Mahesh Mohite,2020-03-03 16:20:30.300,A,,true,false,,,,,59,13,,,"44058",0,true,,,,,,97,MbPT ROAD,PLOT NO.16-8,PLOT NO.14-8,LAKRI BUNDER SOUTH ROAD,400010,5,"41304410",true,,,false,false,5031,,,,,,,,,,false,
5032,40,"413060025",,,,,E,NEW TANK BUNDER,"1",MAZAGAON,188.13,,Mahesh Mohite,2020-03-03 16:20:30.300,A,,true,false,,,,,59,13,,,"15-A",0,true,,,,,,97,PLOT NO.16-A,PLOT NO.14-A,PLOT NO.2,PT LAND,400010,5,"41306107",false,,,false,false,5032,,,,,,,,,,false,
5033,42,"413080006",,,,,F/S,BRICK BUNDER,"434/145",PAREL-SEWERI,39.02,,Mahesh Mohite,2020-03-03 16:20:30.300,A,,true,false,,,,,59,13,,,"15-D",0,true,,,,,,97,PT LAND,PLOT NO.14,PLOT NO.16,PT LAND,400010,7,"41308112",false,,,false,false,5033,,,,,,,,,,false,
5034,38,"413040059",,,,,E,LAKRI BUNDER,"1",MAZAGAON,158.40,,Mahesh Mohite,2020-03-03 16:20:30.300,A,,true,false,,,,,59,13,,,"150-7",0,true,,,,,,97,PLOT NO.151,PLOT NO.149-7,PLOT NO.140-7,LAKRI BUNDER SOUTH ROAD,400010,5,"41304337",false,,,false,false,5034,,,,,,,,,,false,
5036,38,"413040060",,,,,E,LAKRI BUNDER,"1",MAZAGAON,150.50,,Mahesh Mohite,2020-03-03 16:20:30.300,A,,true,false,,,,,59,13,,,"151,152-7",0,true,,,,,,97,PLOT NO.153,PLOT NO.150,"PLOT NO.140,141",LAKRI BUNDER SOUTH ROAD,400010,5,"41304342",false,,,false,false,5036,,,,,,,,,,false,
5038,38,"413040061",,,,,E,LAKRI BUNDER,"1",MAZAGAON,239.41,,Mahesh Mohite,2020-03-03 16:20:30.300,A,,true,false,,,,,59,13,,,"153-7,154-7",0,true,,,,,,97,PLOT NO.155,PLOT NO.152,"PLOT NO.141,142,143",LAKRI BUNDER SOUTH ROAD,400010,5,"41304514",false,,,false,false,5038,,,,,,,,,,false,
5039,38,"413040062",,,,,E,LAKRI BUNDER,"1",MAZAGAON,139.35,,Mahesh Mohite,2020-03-03 16:20:30.300,A,,true,false,,,,,59,13,,,"155-7",0,true,,,,,,97,PLOT NO.156-7,PLOT NO.154-7,"PLOT NO.143-7,144-7",LAKRI BUNDER SOUTH ROAD,400010,5,"41304338",false,,,false,false,5039,,,,,,,,,,false,
5040,38,"413040063",,,,,E,LAKRI BUNDER,"1",MAZAGAON,150.50,,Mahesh Mohite,2020-03-03 16:20:30.300,A,,true,false,,,,,59,13,,,"156-7",0,true,,,,,,97,PLOT NO.157-7,PLOT NO.155-7,"PLOT NO.144-7,145-7",LAKRI BUNDER SOUTH ROAD,400010,5,"41304339",false,,,false,false,5040,,,,,,,,,,false,
5041,38,"413040064",,,,,E,LAKRI BUNDER,"1",MAZAGAON,200.67,,Mahesh Mohite,2020-03-03 16:20:30.300,A,,true,false,,,,,59,13,,,"157-7",0,true,,,,,,97,PLOT NO.158-7,PLOT NO.156-7,"PLOT NO.145-7,146-7,147-7",LAKRI BUNDER SOUTH ROAD,400010,5,"41304340",false,,,false,false,5041,,,,,,,,,,false,
5042,38,"413040065",,,,,E,LAKRI BUNDER,"1",MAZAGAON,96.15,,Mahesh Mohite,2020-03-03 16:20:30.300,A,,true,false,,,,,59,13,,,"158-7",0,true,,,,,,97,PT LAND,PLOT NO.157-7,PLOT NO.148-7,LAKRI BUNDER SOUTH ROAD,400010,5,"41304341",false,,,false,false,5042,,,,,,,,,,false,
5043,38,"413040066",,,,,E,LAKRI BUNDER,"1",MAZAGAON,167.23,,Mahesh Mohite,2020-03-03 16:20:30.300,A,,true,false,,,,,59,13,,,"159-9",0,true,,,,,,97,PLOT NO.161-A,COAL BUNDER,LAKRI BUNDER ROAD,PLOT NO.160,400010,5,"41304417",false,,,false,false,5043,,,,,,,,,,false,
5044,42,"413080007","16,17 D",,OPEN PLOT,,F/S,BRICK BUNDER,"145",PAREL-SEWERI,138.24,,Mahesh Mohite,2020-03-03 16:20:30.300,A,,true,false,,,,,59,13,,,,0,true,,,,,,97,MbPT PASSAGE,PLOT : 12 & 3,PLOT : 1 & 2,PLOT : 14 & 15,400010,7,"41308113",false,,,false,false,5044,,,,,,,,,,false,
5045,38,"413040067",,,,,E,LAKRI BUNDER,"1",MAZAGAON,140.56,,Mahesh Mohite,2020-03-03 16:20:30.300,A,,true,false,,,,,59,13,,,"43846",0,true,,,,,,97,PLOT NO.28-1,PLOT NO.15-1,PLOT NO.17-1,LAKRI BUNDER ROAD,400010,5,"41304527",false,,,false,false,5045,,,,,,,,,,false,
5046,38,"413040068",,,,,E,LAKRI BUNDER,"1",MAZAGAON,250.84,,Mahesh Mohite,2020-03-03 16:20:30.300,A,,true,false,,,,,59,13,,,"44059",0,true,,,,,,97,PLOT NO.15-8,PLOT NO.17-8,PLOT NO.13-8,LAKRI BUNDER SOUTH ROAD,400010,5,"41304411",false,,,false,false,5046,,,,,,,,,,false,
5047,40,"413060026",,,,,E,NEW TANK BUNDER,"1",MAZAGAON,62.71,,Mahesh Mohite,2020-03-03 16:20:30.300,A,,true,false,,,,,59,13,,,"16-A",0,true,,,,,,97,PLOT NO.17,PLOT NO.15-A,PLOT NO.3,PT LAND,400010,5,"41306108",false,,,false,false,5047,,,,,,,,,,false,
5048,38,"413040069",,,,,E,LAKRI BUNDER,"1",MAZAGAON,111.48,,Mahesh Mohite,2020-03-03 16:20:30.300,A,,true,false,,,,,59,13,,,"160-9",0,true,,,,,,97,PLOT NO.161A-9,COAL BUNDER,PLOT NO.159-9,PT LAND,400010,5,"41304418",false,,,false,false,5048,,,,,,,,,,false,
5049,38,"413040070",,,,,E,LAKRI BUNDER,"1",MAZAGAON,139.35,,Mahesh Mohite,2020-03-03 16:20:30.300,A,,true,false,,,,,59,13,,,"161A-9",0,true,,,,,,97,PLOT NO.161B-9,"PLOT NO.160-9,159-9",LAKRI BUNDER SOUTH ROAD,MbPT LAND,400010,5,"41304419",true,,,false,false,5049,,,,,,,,,,false,
5050,38,"413040071",,,,,E,LAKRI BUNDER,"1",MAZAGAON,125.42,,Mahesh Mohite,2020-03-03 16:20:30.300,A,,true,false,,,,,59,13,,,"161B-9",0,true,,,,,,97,PLOT NO.162-9,PLOT NO.161A-9,LAKRI BUNDER SOUTH ROAD,PT LAND,400010,5,"41304420",false,,,false,false,5050,,,,,,,,,,false,
5136,39,"413050030",,,,,E,COAL BUNDER,"1",MAZAGAON,139.35,,Mahesh Mohite,2020-03-03 16:20:30.300,A,,true,false,,,,,59,13,,,"227A-6",0,true,,,,,,97,PT LAND,PT LAND,COAL BUNDER ROAD,PLOT NO.227,400010,5,"41305313",false,,,false,false,5136,,,,,,,,,,false,
5053,38,"413040074",,,,,E,LAKRI BUNDER,"1",MAZAGAON,116.13,,Mahesh Mohite,2020-03-03 16:20:30.300,A,,true,false,,,,,59,13,,,"164-9",0,true,,,,,,97,PLOT NO.165-9,PLOT NO.163-9,LAKRI BUNDER SOUTH ROAD,PT LAND,400010,5,"41304508",false,,,false,false,5053,,,,,,,,,,false,
5054,38,"413040075",,,,,E,LAKRI BUNDER,"1",MAZAGAON,128.86,,Mahesh Mohite,2020-03-03 16:20:30.300,A,,true,false,,,,,59,13,,,"165-9",0,true,,,,,,97,PLOT NO.166-9,PLOT NO.164-9,LAKRI BUNDER SOUTH ROAD,PT LAND,400010,5,"41304509",false,,,false,false,5054,,,,,,,,,,false,
5055,38,"413040076",,,,,E,LAKRI BUNDER,"1",MAZAGAON,111.48,,Mahesh Mohite,2020-03-03 16:20:30.300,A,,true,false,,,,,59,13,,,"166-9",0,true,,,,,,97,PLOT NO.167-9,PLOT NO.165-9,LAKRI BUNDER SOUTH ROAD,PT LAND,400010,5,"41304422",false,,,false,false,5055,,,,,,,,,,false,
5056,38,"413040077",,,,,E,LAKRI BUNDER,"1",MAZAGAON,83.61,,Mahesh Mohite,2020-03-03 16:20:30.300,A,,true,false,,,,,59,13,,,"167-9",0,true,,,,,,97,PLOT NO.168-9,PLOT NO.166-9,LAKRI BUNDER SOUTH ROAD,PT LAND,400010,5,"41304423",false,,,false,false,5056,,,,,,,,,,false,
5057,38,"413040078",,,,,E,LAKRI BUNDER,"1",MAZAGAON,92.90,,Mahesh Mohite,2020-03-03 16:20:30.300,A,,true,false,,,,,59,13,,,"168-9",0,true,,,,,,97,PLOT NO.169-9,PLOT NO.167-9,LAKRI BUNDER SOUTH ROAD,PT LAND,400010,5,"41304424",false,,,false,false,5057,,,,,,,,,,false,
5058,38,"413040079",,,,,E,LAKRI BUNDER,"01-Jan",MAZAGAON,116.13,,Mahesh Mohite,2020-03-03 16:20:30.300,A,,true,false,,,,,59,13,,,"169-9",0,true,,,,,,97,PLOT NO.170,PLOT NO.168-9,LAKRI BUNDER SOUTH ROAD,PT LAND,400010,5,"41304425",false,,,false,false,5058,,,,,,,,,,false,
5061,38,"413040080",,,,,E,LAKRI BUNDER,"1",MAZAGAON,167.23,,Mahesh Mohite,2020-03-03 16:20:30.300,A,,true,false,,,,,59,13,,,"43847",0,true,,,,,,97,PLOT NO.18-1,"PLOT NO.12-1,15-1","PLOT NO.17B-1,17A-1","PLOT NO.16-1,28-1,29-1",400010,5,"41304110",false,,,false,false,5061,,,,,,,,,,false,
5062,38,"413040081",,,,,E,LAKRI BUNDER,"1",MAZAGAON,167.23,,Mahesh Mohite,2020-03-03 16:20:30.300,A,,true,false,,,,,59,13,,,"44060",0,true,,,,,,97,PLOT NO.16-8,PLOT NO.18-8,PLOT NO.12-8,LAKRI BUNDER SOUTH ROAD,400010,5,"41304412",false,,,false,false,5062,,,,,,,,,,false,
5064,38,"413040082",,,,,E,LAKRI BUNDER,"1",MAZAGAON,41.81,,Mahesh Mohite,2020-03-03 16:20:30.300,A,,true,false,,,,,59,13,,,"171-9",0,true,,,,,,97,PT LAND,PLOT NO.170,LAKRI BUNDER SOUTH ROAD,PLOT NO.172-9,400010,5,"41304427",false,,,false,false,5064,,,,,,,,,,false,
5065,38,"413040083",,,,,E,LAKRI BUNDER,"1",MAZAGAON,246.19,,Mahesh Mohite,2020-03-03 16:20:30.300,A,,true,false,,,,,59,13,,,"170,172-9",0,true,,,,,,97,"PLOT NO.171,PT LAND",PLOT NO.169,LAKRI BUNDER SOUTH ROAD,PT LAND,400010,5,"41304426",false,,,false,false,5065,,,,,,,,,,false,
5066,38,"413040084",,,,,E,LAKRI BUNDER,"1",MAZAGAON,464.52,,Mahesh Mohite,2020-03-03 16:20:30.300,A,,true,false,,,,,59,13,,,"173A-10",0,true,,,,,,97,"173B-10",PT LAND,LAKRI BUNDER SOUTH ROAD,PT LAND,400010,5,"41304513",false,,,false,false,5066,,,,,,,,,,false,
5067,38,"413040085",,,,,E,LAKRI BUNDER,"1",MAZAGAON,92.90,,Mahesh Mohite,2020-03-03 16:20:30.300,A,,true,false,,,,,59,13,,,"173B-10",0,true,,,,,,97,"173C-10","173A-10",LAKRI BUNDER SOUTH ROAD,PT LAND,400010,5,"41304428",false,,,false,false,5067,,,,,,,,,,false,
5068,38,"413040086",,,,,E,LAKRI BUNDER,"1",MAZAGAON,92.90,,Mahesh Mohite,2020-03-03 16:20:30.300,A,,true,false,,,,,59,13,,,"173C-10",0,true,,,,,,97,"173D-10","173B-10",LAKRI BUNDER SOUTH ROAD,PT LAND,400010,5,"41304429",false,,,false,false,5068,,,,,,,,,,false,
5069,38,"413040087",,,,,E,LAKRI BUNDER,"1",MAZAGAON,48.31,,Mahesh Mohite,2020-03-03 16:20:30.300,A,,true,false,,,,,59,13,,,"173D-10",0,true,,,,,,97,PLOT NO.173E-10,PLOT NO.173C-10,LAKRI BUNDER SOUTH ROAD,PT LAND,400010,5,"41304430",false,,,false,false,5069,,,,,,,,,,false,
5070,38,"413040088",,,,,E,LAKRI BUNDER,"1",MAZAGAON,92.90,,Mahesh Mohite,2020-03-03 16:20:30.300,A,,true,false,,,,,59,13,,,"1.73E-08",0,true,,,,,,97,PLOT NO.174-10,PLOT NO.173D-10,LAKRI BUNDER SOUTH ROAD,PT LAND,400010,5,"41304431",false,,,false,false,5070,,,,,,,,,,false,
5072,38,"413040089",,,,,E,LAKRI BUNDER,"1",MAZAGAON,92.90,,Mahesh Mohite,2020-03-03 16:20:30.300,A,,true,false,,,,,59,13,,,"174-10,175-10",0,true,,,,,,97,PLOT NO.176-10,PLOT NO.173E-10,LAKRI BUNDER SOUTH ROAD,PT LAND,400010,5,"41304512",false,,,false,false,5072,,,,,,,,,,false,
5073,38,"413040090",,,,,E,LAKRI BUNDER,"1",MAZAGAON,83.61,,Mahesh Mohite,2020-03-03 16:20:30.300,A,,true,false,,,,,59,13,,,"176-10",0,true,,,,,,97,PLOT NO.177-10,PLOT NO.175-10,LAKRI BUNDER SOUTH ROAD,MbPT LAND,400010,5,"41304516",true,,,false,false,5073,,,,,,,,,,false,
5074,38,"413040091",,,,,E,LAKRI BUNDER,"1",MAZAGAON,46.45,,Mahesh Mohite,2020-03-03 16:20:30.300,A,,true,false,,,,,59,13,,,"177-10",0,true,,,,,,97,PLOT NO.178-10,PLOT NO.176-10,LAKRI BUNDER SOUTH ROAD,MbPT LAND,400010,5,"41304432",true,,,false,false,5074,,,,,,,,,,false,
5075,38,"413040092",,,,,E,LAKRI BUNDER,"1",MAZAGAON,46.45,,Mahesh Mohite,2020-03-03 16:20:30.300,A,,true,false,,,,,59,13,,,"178-10",0,true,,,,,,97,PLOT NO.179,PLOT NO.177-10,LAKRI BUNDER SOUTH ROAD,MbPT LAND,400010,5,"41304433",false,,,false,false,5075,,,,,,,,,,false,
5077,38,"413040093",,,,,E,LAKRI BUNDER,"1",MAZAGAON,9.29,,Mahesh Mohite,2020-03-03 16:20:30.300,A,,true,false,,,,,59,13,,,"17A-1",0,true,,,,,,97,PLOT NO.18-1,PLOT NO.17B-1,LAKRI BUNDER NORTH ROAD,PLOT NO.17-1,400010,5,"41304111",false,,,false,false,5077,,,,,,,,,,false,
5078,38,"413040094",,,,,E,LAKRI BUNDER,"1",MAZAGAON,25.36,,Mahesh Mohite,2020-03-03 16:20:30.300,A,,true,false,,,,,59,13,,,"17B-1",0,true,,,,,,97,PLOT NO.17A-1,"PLOT NO.12-1,ADJ PLOT NO.12",LAKRI BUNDER NORTH ROAD,PLOT NO.17-1,400010,5,"41304518",false,,,false,false,5078,,,,,,,,,,false,
5079,38,"413040095",,,,,E,LAKRI BUNDER,"1",MAZAGAON,102.19,,Mahesh Mohite,2020-03-03 16:20:30.300,A,,true,false,,,,,59,13,,,"43848",0,true,,,,,,97,PLOT NO.19/1,"PLOT NO.17/1,17A/1",LAKRI BUNDER NORTH ROAD,"PLOT NO.29/1,30/1",400010,5,"41304112",false,,,false,false,5079,,,,,,,,,,false,
5080,38,"413040096",,,,,E,LAKRI BUNDER,Jan-00,MAZAGAON,171.96,,Mahesh Mohite,2020-03-03 16:20:30.300,A,,true,false,,,,,59,13,,,"44061",0,true,,,,,,97,PLOT NO.17-8,PLOT NO.19-8,PLOT NO.11-8,LAKRI BUNDER SOUTH ROAD,400010,5,"41304413",false,,,false,false,5080,,,,,,,,,,false,
5081,40,"413060027",,,,,E,NEW TANK BUNDER,"1",MAZAGAON,81.57,,Mahesh Mohite,2020-03-03 16:20:30.300,A,,true,false,,,,,59,13,,,"18-A",0,true,,,,,,97,PLOT NO.19,PLOT NO.17,PLOT NO.5,MbPT LAND,400010,5,"41306109",false,,,false,false,5081,,,,,,,,,,false,
5082,38,"413040097",,,,,E,LAKRI BUNDER,"1",MAZAGAON,92.90,,Mahesh Mohite,2020-03-03 16:20:30.300,A,,true,false,,,,,59,13,,,"179,180-10",0,true,,,,,,97,PLOT NO.181,PLOT NO.178,LAKRI BUNDER SOUTH ROAD,PT LAND,400010,5,"41304434",false,,,false,false,5082,,,,,,,,,,false,
5083,38,"413040098",,,,,E,LAKRI BUNDER,"1",MAZAGAON,92.90,,Mahesh Mohite,2020-03-03 16:20:30.300,A,,true,false,,,,,59,13,,,"181/10",0,true,,,,,,97,PLOT NO.182/10,PLOT NO.180/10,LAKRI BUNDER SOUTH  ROAD,MbPT LAND,400010,5,"41304435",false,,,false,false,5083,,,,,,,,,,false,
5084,38,"413040099",,,,,E,LAKRI BUNDER,"01-Jan",MAZAGAON,116.13,,Mahesh Mohite,2020-03-03 16:20:30.300,A,,true,false,,,,,59,13,,,"182/10",0,true,,,,,,97,MbPT LAND,PLOT NO.181/10,LAKRI BUNDER SOUTH ROAD,MbPT LAND,400010,5,"41304436",false,,,false,false,5084,,,,,,,,,,false,
5085,38,"413040100",,,,,E,LAKRI BUNDER,"1",MAZAGAON,87.79,,Mahesh Mohite,2020-03-03 16:20:30.300,A,,true,false,,,,,59,13,,,"184/11",0,true,,,,,,97,PLOT NO.184A/11,PT LAND,PLOT NO.183,PT LAND,400010,5,"41304437",false,,,false,false,5085,,,,,,,,,,false,
5086,38,"413040101",,,,,E,LAKRI BUNDER,"1",MAZAGAON,21.37,,Mahesh Mohite,2020-03-03 16:20:30.300,A,,true,false,,,,,59,13,,,"184A/11",0,true,,,,,,97,PLOT NO.186A/11,PLOT NO.184/11,PLOT NO.183-A,PT LAND,400010,5,"41304438",false,,,false,false,5086,,,,,,,,,,false,
5088,38,"413040102",,,,,E,LAKRI BUNDER,"1",MAZAGAON,76.65,,Mahesh Mohite,2020-03-03 16:20:30.300,A,,true,false,,,,,59,13,,,"186,186A-11",0,true,,,,,,97,PLOT NO.187,"PLOT NO.183-A,184-A,186-A",LAKRI BUNDER SOUTH ROAD,PT LAND,400010,5,"41304439",false,,,false,false,5088,,,,,,,,,,false,
5090,42,"413080009",,,,,F/S,BRICK BUNDER,"436/145",PAREL-SEWERI,139.35,,Mahesh Mohite,2020-03-03 16:20:30.300,A,,true,false,,,,,59,13,,,"18B-C",0,true,,,,,,97,PT LAND,PLOT NO.22-C,PLOT NO.18A-C,PLOT NO.19-C,400010,7,"41308116",false,,,false,false,5090,,,,,,,,,,false,
5091,38,"413040103",,,,,E,LAKRI BUNDER,"1",MAZAGAON,76.65,,Mahesh Mohite,2020-03-03 16:20:30.300,A,,true,false,,,,,59,13,,,"43849",0,true,,,,,,97,PLOT NO.20-1,PLOT NO.18-1,LAKRI BUNDER NORTH ROAD,PLOT NO.30-1,400010,5,"41304113",false,,,false,false,5091,,,,,,,,,,false,
5092,38,"413040104",,,,,E,LAKRI BUNDER,"1",MAZAGAON,31.32,,Mahesh Mohite,2020-03-03 16:20:30.300,A,,true,false,,,,,59,13,,,"44062",0,true,,,,,,97,PLOT NO.18-8,"PLOT NO.22-8,21",PLOT NO.20,LAKRI BUNDER SOUTH ROAD,400010,5,"41304501",false,,,false,false,5092,,,,,,,,,,false,
5093,40,"413060028",,,,,E,NEW TANK BUNDER,"1",MAZAGAON,62.71,,Mahesh Mohite,2020-03-03 16:20:30.300,A,,true,false,,,,,59,13,,,"19-A",0,true,,,,,,97,PLOT NO.20-A,PLOT NO.18-A,PLOT NO.6-A,PT LAND,400010,5,"41306110",false,,,false,false,5093,,,,,,,,,,false,
5094,42,"413080010",,,,,F/S,BRICK BUNDER,"436/145",PAREL-SEWERI,106.84,,Mahesh Mohite,2020-03-03 16:20:30.300,A,,true,false,,,,,59,13,,,"19-C",0,true,,,,,,97,PT LAND,PLOT NO.22-C,PLOT NO.18B-C,PLOT NO.20-C,400010,7,"41308212",false,,,false,false,5094,,,,,,,,,,false,
5096,38,"413040105",,,,,E,LAKRI BUNDER,"1",MAZAGAON,204.39,,Mahesh Mohite,2020-03-03 16:20:30.300,A,,true,false,,,,,59,13,,,"43862",0,true,,,,,,97,PT LAND ,LAKRI BUNDER,PT LAND ,PT LAND ,400010,5,"41304101",false,,,false,false,5096,,,,,,,,,,false,
5097,38,"413040106",,,,,E,LAKRI BUNDER,"1",MAZAGAON,66.15,,Mahesh Mohite,2020-03-03 16:20:30.300,A,,true,false,,,,,59,13,,,"44045",0,true,,,,,,97,PLOT NO.3/8,PLOT NO.199-A,PLOT NO.2A/8,LAKRI BUNDER SOUTH ROAD,400010,5,"41304344",false,,,false,false,5097,,,,,,,,,,false,
5098,42,"413080011",,,,,F/S,BRICK BUNDER,"435/145",PAREL-SEWERI,55.74,,Mahesh Mohite,2020-03-03 16:20:30.300,A,,true,false,,,,,59,13,,,"2-D",0,true,,,,,,97,PLOT NO.1-D,PLOT NO.3-D,P.T. ROAD,PLOT NO.17-D,400010,7,"41308102",true,,,false,false,5098,,,,,,,,,,false,
5099,38,"413040107",,,,,E,LAKRI BUNDER,"1",MAZAGAON,91.97,,Mahesh Mohite,2020-03-03 16:20:30.300,A,,true,false,,,,,59,13,,,"43850",0,true,,,,,,97,PLOT NO.21-1,PLOT NO.19-1,LAKRI BUNDER NORTH ROAD,"PLOT NO.30-1,31-1",400010,5,"41304114",false,,,false,false,5099,,,,,,,,,,false,
5100,40,"413060029",,,,,E,NEW TANK BUNDER,"1",MAZAGAON,62.71,,Mahesh Mohite,2020-03-03 16:20:30.300,A,,true,false,,,,,59,13,,,"20-A",0,true,,,,,,97,PLOT NO.21-A,PLOT NO.19-A,PLOT NO.7-A,MbPT LAND,400010,5,"41306111",false,,,false,false,5100,,,,,,,,,,false,
5101,42,"413080012",,,,,F/S,BRICK BUNDER,"436/145",PAREL-SEWERI,232.26,,Mahesh Mohite,2020-03-03 16:20:30.300,A,,true,false,,,,,59,13,,,"20-C",0,true,,,,,,97,MbPT LAND,PLOT NO.24-C,"PLOT NO.19-C,22-C,23-C",PLOT NO.21-C,400010,7,"41308117",false,,,false,false,5101,,,,,,,,,,false,
5102,38,"413040108",,,,,E,LAKRI BUNDER,"1",MAZAGAON,102.19,,Mahesh Mohite,2020-03-03 16:20:30.300,A,,true,false,,,,,59,13,,,"43851",0,true,,,,,,97,PLOT NO.22-1,PLOT NO.20-1,LAKRI BUNDER NORTH ROAD,"PLOT NO.31-1,32-1",400010,5,"41304115",false,,,false,false,5102,,,,,,,,,,false,
5103,42,"413080013",,,,,F/S,BRICK BUNDER,"436/145",PAREL-SEWERI,111.48,,Mahesh Mohite,2020-03-03 16:20:30.300,A,,true,false,,,,,59,13,,,"21-C",0,true,,,,,,97,MbPT LAND,PLOT NO.24-C,PLOT NO.20-C,MbPT LAND,400010,7,"41308118",false,,,false,false,5103,,,,,,,,,,false,
5104,39,"413050001",,,,,E,COAL BUNDER,"1",MAZAGAON,446.86,,Mahesh Mohite,2020-03-03 16:20:30.300,A,,true,false,,,,,59,13,,,"211-1",0,true,,,,,,97,PLOT NO.212-1,MbPT ROAD,PLOT NO.211A-1,MbPT ROAD,400010,5,"41305102",true,,,false,false,5104,,,,,,,,,,false,
5105,39,"413050002",,,,,E,COAL BUNDER,"1",MAZAGAON,68.75,,Mahesh Mohite,2020-03-03 16:20:30.300,A,,true,false,,,,,59,13,,,"211A-1",0,true,,,,,,97,PLOT NO.212A-1,MbPT ROAD,COAL BUNDER ROAD,PLOT NO.211-1,400010,5,"41305303",true,,,false,false,5105,,,,,,,,,,false,
5107,39,"413050004",,,,,E,COAL BUNDER,"1",MAZAGAON,37.16,,Mahesh Mohite,2020-03-03 16:20:30.300,A,,true,false,,,,,59,13,,,"212A-1",0,true,,,,,,97,PLOT NO.213-1,PLOT NO.211-1,COAL BUNDER ROAD,PLOT NO.212-1,400010,5,"41305311",false,,,false,false,5107,,,,,,,,,,false,
5108,39,"413050005",,,,,E,COAL BUNDER,"1",MAZAGAON,495.17,,Mahesh Mohite,2020-03-03 16:20:30.300,A,,true,false,,,,,59,13,,,"213-1",0,true,,,,,,97,PLOT NO.214-1,PLOT NO.212-1,PLOT NO.213A-1,MbPT ROAD,400010,5,"41305103",true,,,false,false,5108,,,,,,,,,,false,
5109,39,"413050006",,,,,E,COAL BUNDER,"1",MAZAGAON,76.18,,Mahesh Mohite,2020-03-03 16:20:30.300,A,,true,false,,,,,59,13,,,"213A-1",0,true,,,,,,97,PLOT NO.214A-1,PLOT NO.212A-1,COAL BUNDER ROAD,PLOT NO.213-1,400010,5,"41305305",false,,,false,false,5109,,,,,,,,,,false,
5110,39,"413050007",,,,,E,COAL BUNDER,"1",MAZAGAON,241.55,,Mahesh Mohite,2020-03-03 16:20:30.300,A,,true,false,,,,,59,13,,,"214-1",0,true,,,,,,97,PLOT NO.215-1,PLOT NO.213-1,PLOT NO.214A-1,MbPT ROAD,400010,5,"41305104",true,,,false,false,5110,,,,,,,,,,false,
5111,39,"413050008",,,,,E,COAL BUNDER,"1",MAZAGAON,37.16,,Mahesh Mohite,2020-03-03 16:20:30.300,A,,true,false,,,,,59,13,,,"214A-1",0,true,,,,,,97,PLOT NO.215A-1,PLOT NO.213A-1,COAL BUNDER ROAD,PLOT NO.214-1,400010,5,"41305312",false,,,false,false,5111,,,,,,,,,,false,
5112,39,"413050009",,,,,E,COAL BUNDER,"1",MAZAGAON,242.94,,Mahesh Mohite,2020-03-03 16:20:30.300,A,,true,false,,,,,59,13,,,"215-1",0,true,,,,,,97,MbPT LAND,PLOT NO.214-1,PLOT NO.215A-1,MbPT ROAD,400010,5,"41305105",true,,,false,false,5112,,,,,,,,,,false,
5113,39,"413050010",,,,,E,COAL BUNDER,"1",MAZAGAON,59.46,,Mahesh Mohite,2020-03-03 16:20:30.300,A,,true,false,,,,,59,13,,,"215A-1",0,true,,,,,,97,MbPT LAND,PLOT NO.214A-1,COAL BUNDER ROAD,PLOT NO.215-1,400010,5,"41305250",false,,,false,false,5113,,,,,,,,,,false,
5114,39,"413050011",,,,,E,COAL BUNDER,"1",MAZAGAON,652.18,,Mahesh Mohite,2020-03-03 16:20:30.300,A,,true,false,,,,,59,13,,,"216-2",0,true,,,,,,97,PLOT NO.217-2,MbPT ROAD,PLOT NO.216A-2,MbPT ROAD,400010,5,"41305106",true,,,false,false,5114,,,,,,,,,,false,
5115,39,"413050012",,,,,E,COAL BUNDER,"1",MAZAGAON,100.34,,Mahesh Mohite,2020-03-03 16:20:30.300,A,,true,false,,,,,59,13,,,"216A-2",0,true,,,,,,97,PLOT NO.217A-2,MbPT ROAD,COAL BUNDER ROAD,PLOT NO.216-2,400010,5,"41305247",true,,,false,false,5115,,,,,,,,,,false,
5116,39,"413050013",,,,,E,COAL BUNDER,"1",MAZAGAON,253.63,,Mahesh Mohite,2020-03-03 16:20:30.300,A,,true,false,,,,,59,13,,,"217-2",0,true,,,,,,97,PLOT NO.218-2,PLOT NO.216-2,PLOT NO.217A-2,MbPT ROAD,400010,5,"41305107",true,,,false,false,5116,,,,,,,,,,false,
8040,40,"413060073","102/F", , , ,E WARD , ,"1 (Part)",MAZGAON,668.90,,Mahesh Mohite,2020-07-15 12:13:57.570,A,,true,false, ,,,,59,13,nihar, , ,0,true, , , ,,,97, , , , ,,,"41306204",false,,,false,false,8040,,,,,,,,,,false,
5117,39,"413050014",,,,,E,COAL BUNDER,"1",MAZAGAON,39.02,,Mahesh Mohite,2020-03-03 16:20:30.300,A,,true,false,,,,,59,13,,,"217A-2",0,true,,,,,,97,PLOT NO.218A-2,PLOT NO.216A-2,COAL BUNDER ROAD,PLOT NO.217-2,400010,5,"41305248",false,,,false,false,5117,,,,,,,,,,false,
5118,39,"413050015",,,,,E,COAL BUNDER,"1",MAZAGAON,285.03,,Mahesh Mohite,2020-03-03 16:20:30.300,A,,true,false,,,,,59,13,,,"218-2",0,true,,,,,,97,MbPT ROAD,PLOT NO.217-2,PLOT NO.218A-2,MbPT ROAD,400010,5,"41305108",true,,,false,false,5118,,,,,,,,,,false,
5119,39,"413050016",,,,,E,COAL BUNDER,"1",MAZAGAON,139.35,,Mahesh Mohite,2020-03-03 16:20:30.300,A,,true,false,,,,,59,13,,,"218A-2",0,true,,,,,,97,MbPT ROAD,PLOT NO.217A-2,COAL BUNDER ROAD,PLOT NO.218-2,400010,5,"41305306",true,,,false,false,5119,,,,,,,,,,false,
5121,39,"413050018",,,,,E,COAL BUNDER,"1",MAZAGAON,278.71,,Mahesh Mohite,2020-03-03 16:20:30.300,A,,true,false,,,,,59,13,,,"219A-3",0,true,,,,,,97,MbPT ROAD,MbPT ROAD,COAL BUNDER ROAD,PLOT NO.219-3,400010,5,"41305302",true,,,false,false,5121,,,,,,,,,,false,
5122,38,"413040109",,,,,E,LAKRI BUNDER,"1",MAZAGAON,76.65,,Mahesh Mohite,2020-03-03 16:20:30.300,A,,true,false,,,,,59,13,,,"43852",0,true,,,,,,97,PLOT NO.22A/1,PLOT NO.21/1,LAKRI BUNDER NORTH ROAD,PLOT NO.32/1,400010,5,"41304116",false,,,false,false,5122,,,,,,,,,,false,
5123,38,"413040110",,,,,E,LAKRI BUNDER,"1",MAZAGAON,26.76,,Mahesh Mohite,2020-03-03 16:20:30.300,A,,true,false,,,,,59,13,,,"44065",0,true,,,,,,97,"PLOT NO.19/8,20/8",PLOT NO.23/8,PLOT NO.21,LAKRI BUNDER SOUTH ROAD,400010,5,"41304414",false,,,false,false,5123,,,,,,,,,,false,
5124,42,"413080014",,,,,F/S,BRICK BUNDER,"436/145",PAREL-SEWERI,174.19,,Mahesh Mohite,2020-03-03 16:20:30.300,A,,true,false,,,,,59,13,,,"22-C",0,true,,,,,,97,"PLOT NO.18A-C,18B-C,19-C",PLOT NO.23-C,P.T. ROAD,PLOT NO.20-C,400010,7,"41308119",true,,,false,false,5124,,,,,,,,,,false,
5126,39,"413050020",,,,,E,COAL BUNDER,"1",MAZAGAON,827.77,,Mahesh Mohite,2020-03-03 16:20:30.300,A,,true,false,,,,,59,13,,,"221-4",0,true,,,,,,97,"PLOT NO.221A-4,PT LAND",PLOT NO.220,PT LAND,PT LAND,400010,5,"41305110",false,,,false,false,5126,,,,,,,,,,false,
5127,39,"413050021",,,,,E,COAL BUNDER,"1",MAZAGAON,78.04,,Mahesh Mohite,2020-03-03 16:20:30.300,A,,true,false,,,,,59,13,,,"221A-4",0,true,,,,,,97,MbPT ROAD,PLOT NO.221-4,PLOT NO.221-4,PT LAND,400010,5,"41305236",true,,,false,false,5127,,,,,,,,,,false,
5128,39,"413050022",,,,,E,COAL BUNDER,"1",MAZAGAON,434.79,,Mahesh Mohite,2020-03-03 16:20:30.300,A,,true,false,,,,,59,13,,,"222-5",0,true,,,,,,97,PLOT NO.223-5,MbPT ROAD,PLOT NO.222A-5,MbPT ROAD,400010,5,"41305231",true,,,false,false,5128,,,,,,,,,,false,
5129,39,"413050023",,,,,E,COAL BUNDER,"1",MAZAGAON,66.89,,Mahesh Mohite,2020-03-03 16:20:30.300,A,,true,false,,,,,59,13,,,"222A-5",0,true,,,,,,97,PLOT NO.223A-5,MbPT ROAD,COAL BUNDER ROAD,PLOT NO.222-5,400010,5,"41305314",true,,,false,false,5129,,,,,,,,,,false,
5130,39,"413050024",,,,,E,COAL BUNDER,"1",MAZAGAON,471.02,,Mahesh Mohite,2020-03-03 16:20:30.300,A,,true,false,,,,,59,13,,,"223-5",0,true,,,,,,97,PLOT NO.224-5,PLOT NO.222-5,PLOT NO.223A-5,MbPT ROAD,400010,5,"41305238",true,,,false,false,5130,,,,,,,,,,false,
5131,39,"413050025",,,,,E,COAL BUNDER,"1",MAZAGAON,72.46,,Mahesh Mohite,2020-03-03 16:20:30.300,A,,true,false,,,,,59,13,,,"223A-5",0,true,,,,,,97,PLOT NO.224A-5,PLOT NO.222A-5,COAL BUNDER ROAD,PLOT NO.223-5,400010,5,"41305315",false,,,false,false,5131,,,,,,,,,,false,
5132,39,"413050026",,,,,E,COAL BUNDER,"1",MAZAGAON,905.80,,Mahesh Mohite,2020-03-03 16:20:30.300,A,,true,false,,,,,59,13,,,"224-5",0,true,,,,,,97,MbPT ROAD,PLOT NO.223-5,PLOT NO.224A-5,MbPT ROAD,400010,5,"41305111",true,,,false,false,5132,,,,,,,,,,false,
5133,39,"413050027",,,,,E,COAL BUNDER,"1",MAZAGAON,139.35,,Mahesh Mohite,2020-03-03 16:20:30.300,A,,true,false,,,,,59,13,,,"224A-5",0,true,,,,,,97,MbPT ROAD,PLOT NO.223A-5,COAL BUNDER ROAD,PLOT NO.224-5,400010,5,"41305310",true,,,false,false,5133,,,,,,,,,,false,
5134,39,"413050028",,,,,E,COAL BUNDER,"1",MAZAGAON,520.26,,Mahesh Mohite,2020-03-03 16:20:30.300,A,,true,false,,,,,59,13,,,"225-6",0,true,,,,,,97,PLOT NO.226-6,MbPT ROAD,PT LAND,PT LAND,400010,5,"41305112",true,,,false,false,5134,,,,,,,,,,false,
5135,39,"413050029",,,,,E,COAL BUNDER,"1",MAZAGAON,455.22,,Mahesh Mohite,2020-03-03 16:20:30.300,A,,true,false,,,,,59,13,,,"226-6",0,true,,,,,,97,PLOT NO.227,PLOT NO.225-6,PT LAND,MbPT ROAD,400010,5,"41305114",false,,,false,false,5135,,,,,,,,,,false,
5137,39,"413050031",,,,,E,COAL BUNDER,"1",MAZAGAON,1040.51,,Mahesh Mohite,2020-03-03 16:20:30.300,A,,true,false,,,,,59,13,,,"229-6",0,true,,,,,,97,MbPT ROAD,PLOT NO.228,"229A-6",MbPT ROAD,400010,5,"41305115",true,,,false,false,5137,,,,,,,,,,false,
5138,39,"413050032",,,,,E,COAL BUNDER,"1",MAZAGAON,148.64,,Mahesh Mohite,2020-03-03 16:20:30.300,A,,true,false,,,,,59,13,,,"229A-6",0,true,,,,,,97,MbPT ROAD,PT LAND,COAL BUNDER ROAD,PLOT NO.229-6,400010,5,"41305308",true,,,false,false,5138,,,,,,,,,,false,
5139,38,"413040111",,,,,E,LAKRI BUNDER,"1",MAZAGAON,51.10,,Mahesh Mohite,2020-03-03 16:20:30.300,A,,true,false,,,,,59,13,,,"22A-1",0,true,,,,,,97,PLOT NO.23-1,PLOT NO.22-1,LAKRI BUNDER NORTH ROAD,"PLOT NO.32-1,33-1",400010,5,"41304117",false,,,false,false,5139,,,,,,,,,,false,
5141,38,"413040112",,,,,E,LAKRI BUNDER,"1",MAZAGAON,51.10,,Mahesh Mohite,2020-03-03 16:20:30.300,A,,true,false,,,,,59,13,,,"43853",0,true,,,,,,97,PLOT NO.24/1,PLOT NO.22A/1,LAKRI BUNDER NORTH ROAD,PLOT NO.33/1,400010,5,"41304118",false,,,false,false,5141,,,,,,,,,,false,
5142,38,"413040113","44066",,,,E,LAKRI BUNDER,"1",MAZAGAON,178.84,,Mahesh Mohite,2020-03-03 16:20:30.300,A,,true,false,,,,,59,13,,,,0,true,,,,,,97,"PLOT NO.22-8,21",PLOT NO.24-8,"PLOT NO.10-8,10B,10C",LAKRI BUNDER SOUTH ROAD,400010,5,"41304415",false,,,false,false,5142,,,,,,,,,,false,
5159,39,"413050044",,,,,E,COAL BUNDER,"1",MAZAGAON,557.42,,Mahesh Mohite,2020-03-03 16:20:30.300,A,,true,false,,,,,59,13,,,"241-3A",0,true,,,,,,97,PLOT NO.248-5A,PT ROAD,WHARF ROAD,COAL BUNDER ROAD,400010,5,"41305124",true,,,false,false,5159,,,,,,,,,,false,
5160,39,"413050045",,,,,E,COAL BUNDER,"1",MAZAGAON,1512.00,,Mahesh Mohite,2020-03-03 16:20:30.300,A,,true,false,,,,,59,13,,,"242-3A",0,true,,,,,,97,PT ROAD,PLOT NO.241-3A,WHARF ROAD,COAL BUNDER ROAD,400010,5,"41305240",true,,,false,false,5160,,,,,,,,,,false,
5162,39,"413050047",,,,,E,COAL BUNDER,"1",MAZAGAON,551.84,,Mahesh Mohite,2020-03-03 16:20:30.300,A,,true,false,,,,,59,13,,,"244-4A",0,true,,,,,,97,PLOT NO.245-4A,PLOT NO.243-4A,WHARF ROAD,COAL BUNDER ROAD,400010,5,"41305126",false,,,false,false,5162,,,,,,,,,,false,
5163,39,"413050048",,,,,E,COAL BUNDER,"1",MAZAGAON,551.84,,Mahesh Mohite,2020-03-03 16:20:30.300,A,,true,false,,,,,59,13,,,"245-4A",0,true,,,,,,97,PLOT NO.246-4A,PLOT NO.244-4A,WHARF ROAD,COAL BUNDER ROAD,400010,5,"41305127",false,,,false,false,5163,,,,,,,,,,false,
5166,39,"413050051",,,,,E,COAL BUNDER,"1",MAZAGAON,1507.82,,Mahesh Mohite,2020-03-03 16:20:30.300,A,,true,false,,,,,59,13,,,"248-5A",0,true,,,,,,97,PT ROAD,PLOT NO.247-5A,WHARF ROAD,COAL BUNDER ROAD,400010,5,"41305129",true,,,false,false,5166,,,,,,,,,,false,
5167,39,"413050052",,,,,E,COAL BUNDER,"1",MAZAGAON,1728.55,,Mahesh Mohite,2020-03-03 16:20:30.300,A,,true,false,,,,,59,13,,,"249-6A",0,true,,,,,,97,PLOT NO.250-6A,PT ROAD,WHARF ROAD,COAL BUNDER ROAD,400010,5,"41305130",true,,,false,false,5167,,,,,,,,,,false,
5168,38,"413040116",,,,,E,LAKRI BUNDER,"1",MAZAGAON,97.08,,Mahesh Mohite,2020-03-03 16:20:30.300,A,,true,false,,,,,59,13,,,"43855",0,true,,,,,,97,PLOT NO.26-1,PLOT NO.24-1,LAKRI BUNDER NORTH ROAD,PLOT NO.34-1,400010,5,"41304120",false,,,false,false,5168,,,,,,,,,,false,
5169,39,"413050053",,,,,E,COAL BUNDER,"1",MAZAGAON,731.61,,Mahesh Mohite,2020-03-03 16:20:30.300,A,,true,false,,,,,59,13,,,"250-6A",0,true,,,,,,97,PLOT NO.251-6A,PLOT NO.249-6A,WHARF ROAD,COAL BUNDER ROAD,400010,5,"41305133",false,,,false,false,5169,,,,,,,,,,false,
5170,39,"413050054",,,,,E,COAL BUNDER,"1",MAZAGAON,975.48,,Mahesh Mohite,2020-03-03 16:20:30.300,A,,true,false,,,,,59,13,,,"251-6A",0,true,,,,,,97,PLOT NO.252-6A,PLOT NO.250-6A,WHARF ROAD,COAL BUNDER ROAD,400010,5,"41305243",false,,,false,false,5170,,,,,,,,,,false,
5171,39,"413050055",,,,,E,COAL BUNDER,"1",MAZAGAON,1138.06,,Mahesh Mohite,2020-03-03 16:20:30.300,A,,true,false,,,,,59,13,,,"252-6A",0,true,,,,,,97,PLOT NO.253-6A,PLOT NO.251-6A,WHARF ROAD,COAL BUNDER ROAD,400010,5,"41305131",false,,,false,false,5171,,,,,,,,,,false,
5172,39,"413050056",,,,,E,COAL BUNDER,"1",MAZAGAON,487.74,,Mahesh Mohite,2020-03-03 16:20:30.300,A,,true,false,,,,,59,13,,,"253-6A",0,true,,,,,,97,PT ROAD,PLOT NO.252-6A,WHARF ROAD,COAL BUNDER ROAD,400010,5,"41305132",true,,,false,false,5172,,,,,,,,,,false,
5173,39,"413050057",,,,,E,COAL BUNDER,"1",MAZAGAON,812.90,,Mahesh Mohite,2020-03-03 16:20:30.300,A,,true,false,,,,,59,13,,,"254-7A",0,true,,,,,,97,PLOT NO.259-7A,PT LAND,WHARF ROAD,COAL BUNDER ROAD,400010,5,"41305134",false,,,false,false,5173,,,,,,,,,,false,
5175,39,"413050059",,,,,E,COAL BUNDER,"1",MAZAGAON,808.26,,Mahesh Mohite,2020-03-03 16:20:30.300,A,,true,false,,,,,59,13,,,"258-7A",0,true,,,,,,97,PLOT NO.259-7A,PLOT NO.257,WHARF ROAD,Coal Bunder Road,400010,5,"41305135",false,,,false,false,5175,,,,,,,,,,false,
5176,39,"413050060",,,,,E,COAL BUNDER,"1",MAZAGAON,808.26,,Mahesh Mohite,2020-03-03 16:20:30.300,A,,true,false,,,,,59,13,,,"259-7A",0,true,,,,,,97,PLOT NO.260,PLOT NO.258-7A,WHARF ROAD,COAL BUNDER ROAD,400010,5,"41305136",false,,,false,false,5176,,,,,,,,,,false,
5177,42,"413080017",,,,,F/S,BRICK BUNDER,"436/145",PAREL-SEWERI,132.85,,Mahesh Mohite,2020-03-03 16:20:30.300,A,,true,false,,,,,59,13,,,"25A-C",0,true,,,,,,97,PLOT NO.24-C,PLOT NO.25B-C,P.T. ROAD,PT LAND,400010,7,"41308122",true,,,false,false,5177,,,,,,,,,,false,
5178,42,"413080018",,,,,F/S,BRICK BUNDER,"436/145",PAREL-SEWERI,51.10,,Mahesh Mohite,2020-03-03 16:20:30.300,A,,true,false,,,,,59,13,,,"25B-C",0,true,,,,,,97,PLOT NO.25A-C,PLOT NO.26A-C,P.T. ROAD,PT LAND,400010,7,"41308123",true,,,false,false,5178,,,,,,,,,,false,
5179,38,"413040117",,,,,E,LAKRI BUNDER,"1",MAZAGAON,102.19,,Mahesh Mohite,2020-03-03 16:20:30.300,A,,true,false,,,,,59,13,,,"43856",0,true,,,,,,97,PLOT NO.27 ,PLOT NO.25 ,LAKRI BUNDER NORTH ROAD,PLOT NO.34 & 35 ,400010,5,"41304121",false,,,false,false,5179,,,,,,,,,,false,
5182,39,"413050062",,,,,E,COAL BUNDER,"1",MAZAGAON,310.02,,Mahesh Mohite,2020-03-03 16:20:30.300,A,,true,false,,,,,59,13,,,"262,263-15",0,true,,,,,,97,MbPT ROAD,"PLOT NO.273,PT LAND",PLOT NO.261,PLOT NO.264,400010,5,"41305232",true,,,false,false,5182,,,,,,,,,,false,
5183,39,"413050063",,,,,E,COAL BUNDER,"1",MAZAGAON,264.03,,Mahesh Mohite,2020-03-03 16:20:30.300,A,,true,false,,,,,59,13,,,"264-15",0,true,,,,,,97,MbPT ROAD,PT LAND,PLOT NO.263-15,MbPT ROAD,400010,5,"41305138",true,,,false,false,5183,,,,,,,,,,false,
5184,39,"413050064",,,,,E,COAL BUNDER,"1",MAZAGAON,107.40,,Mahesh Mohite,2020-03-03 16:20:30.300,A,,true,false,,,,,59,13,,,"265-15",0,true,,,,,,97,PT LAND,PLOT NO.266-15,PLOT NO.270-15,MbPT ROAD,400010,5,"41305249",true,,,false,false,5184,,,,,,,,,,false,
5186,39,"413050066",,,,,E,COAL BUNDER,"1",MAZAGAON,125.05,,Mahesh Mohite,2020-03-03 16:20:30.300,A,,true,false,,,,,59,13,,,"267-15",0,true,,,,,,97,PLOT NO.266-15,PLOT NO.268-15,PLOT NO.270-15,MbPT ROAD,400010,5,"41305234",true,,,false,false,5186,,,,,,,,,,false,
5187,39,"413050067",,,,,E,COAL BUNDER,"1",MAZAGAON,132.39,,Mahesh Mohite,2020-03-03 16:20:30.300,A,,true,false,,,,,59,13,,,"268-15",0,true,,,,,,97,"PLOT NO.267-15,270-15",MbPT ROAD,PLOT NO.269-15,PT LAND,400010,5,"41305140",true,,,false,false,5187,,,,,,,,,,false,
5246,39,"413050108",,,,,E,COAL BUNDER,"1",MAZAGAON,628.49,,Mahesh Mohite,2020-03-03 16:20:30.300,A,,true,false,,,,,59,13,,,"308-19",0,true,,,,,,97,"PLOT NO.307-A,307-C",PLOT NO.309,PT ROAD,PT ROAD,400010,5,"41305228",true,,,false,false,5246,,,,,,,,,,false,
5188,39,"413050068",,,,,E,COAL BUNDER,"1",MAZAGAON,10.03,,Mahesh Mohite,2020-03-03 16:20:30.300,A,,true,false,,,,,59,13,,,"269-15",0,true,,,,,,97,PLOT NO.271-15,MbPT ROAD,PT LAND,PLOT NO.268-15,400010,5,"41305141",true,,,false,false,5188,,,,,,,,,,false,
5189,42,"413080019",,,,,F/S,BRICK BUNDER,"436/145",PAREL-SEWERI,173.73,,Mahesh Mohite,2020-03-03 16:20:30.300,A,,true,false,,,,,59,13,,,"26A-C",0,true,,,,,,97,PLOT NO.25B-C,PLOT NO.26B-C,P.T. ROAD,PT LAND,400010,7,"41308124",true,,,false,false,5189,,,,,,,,,,false,
5190,42,"413080020",,,,,F/S,BRICK BUNDER,"436/145",PAREL-SEWERI,91.97,,Mahesh Mohite,2020-03-03 16:20:30.300,A,,true,false,,,,,59,13,,,"26B-C",0,true,,,,,,97,PLOT NO.26A-C,PLOT NO.27-C,P.T. ROAD,PT LAND,400010,7,"41308125",true,,,false,false,5190,,,,,,,,,,false,
5191,38,"413040118",,,,,E,LAKRI BUNDER,"1",MAZAGAON,51.10,,Mahesh Mohite,2020-03-03 16:20:30.300,A,,true,false,,,,,59,13,,,"43857",0,true,,,,,,97,PLOT NO.27 ,PLOT NO.25 ,MbPT ROAD ,PLOT NO.34&35 ,400010,5,"41304122",true,,,false,false,5191,,,,,,,,,,false,
5192,42,"413080021",,,,,F/S,BRICK BUNDER,"436/145",PAREL-SEWERI,163.51,,Mahesh Mohite,2020-03-03 16:20:30.300,A,,true,false,,,,,59,13,,,"27-C",0,true,,,,,,97,MbPT ROAD,PLOT NO.26-1,LAKRI BUNDER NORTH ROAD,"PLOT NO.35-1,35A-1,35-B",400010,7,"41308126",true,,,false,false,5192,,,,,,,,,,false,
5193,39,"413050069",,,,,E,COAL BUNDER,"1",MAZAGAON,83.61,,Mahesh Mohite,2020-03-03 16:20:30.300,A,,true,false,,,,,59,13,,,"270-15",0,true,,,,,,97,PT LAND,PLOT NO.268-15,"PLOT NO.271-15,272-15,273-15","PLOT NO.267-15,266-15,265-15",400010,5,"41305142",false,,,false,false,5193,,,,,,,,,,false,
5180,39,"413050061",,,,,E,COAL BUNDER,"1",MAZAGAON,204.48,,Mahesh Mohite,2020-03-03 16:20:30.300,A,,true,false,,,,,59,13,,,"261-15",0,true,,,,,,97,MbPT ROAD,PLOT NO.273-15,PT LAND,PLOT NO.262,400010,5,"41305137",true,,,false,false,5180,,,,,,,,,,true,
8041,40,"413060074","91/E", , , ,E WARD , ,"1 (Part)",MAZGAON,66.89,,Mahesh Mohite,2020-07-15 12:13:57.570,A,,true,false, ,,,,59,13,nihar, , ,0,true, , , ,,,97, , , , ,,,"41306207",false,,,false,false,8041,,,,,,,,,,true,
5194,39,"413050070",,,,,E,COAL BUNDER,"1",MAZAGAON,36.23,,Mahesh Mohite,2020-03-03 16:20:30.300,A,,true,false,,,,,59,13,,,"271-15",0,true,,,,,,97,PLOT NO.272-15,PLOT NO.269-15,PT LAND,PLOT NO.270-15,400010,5,"41305143",false,,,false,false,5194,,,,,,,,,,false,
5195,39,"413050071",,,,,E,COAL BUNDER,"1",MAZAGAON,36.34,,Mahesh Mohite,2020-03-03 16:20:30.300,A,,true,false,,,,,59,13,,,"272-15",0,true,,,,,,97,PLOT .273-15,PLOT NO.271-15,PT LAND,PLOT NO.270-15,400010,5,"41305144",false,,,false,false,5195,,,,,,,,,,false,
5196,39,"413050072",,,,,E,COAL BUNDER,"1",MAZAGAON,130.44,,Mahesh Mohite,2020-03-03 16:20:30.300,A,,true,false,,,,,59,13,,,"273-15",0,true,,,,,,97,"PLOT NO.261-15,262",PLOT NO.272-15,PT LAND,PLOT NO.270-15,400010,5,"41305246",false,,,false,false,5196,,,,,,,,,,false,
5198,39,"413050074",,,,,E,COAL BUNDER,"1",MAZAGAON,478.45,,Mahesh Mohite,2020-03-03 16:20:30.300,A,,true,false,,,,,59,13,,,"276-16",0,true,,,,,,97,PLOT NO.277,MbPT ROAD,PT LAND,PLOT NO.275,400010,5,"41305145",true,,,false,false,5198,,,,,,,,,,false,
5200,39,"413050075",,,,,E,COAL BUNDER,"1",MAZAGAON,375.79,,Mahesh Mohite,2020-03-03 16:20:30.300,A,,true,false,,,,,59,13,,,"277,278-16",0,true,,,,,,97,"PLOT NO.279,280",PLOT NO.276,PT LAND,PLOT NO.274,400010,5,"41305146",false,,,false,false,5200,,,,,,,,,,false,
3050,1,"101010008",ADDL.LAND INFRONT OF STALL 3,,OPEN PLOT,,F/N,WADALA,"358",DADAR-NAIGAON,2.04,,Mahesh Mohite,2020-03-03 16:20:30.300,A,,true,false,,,,,56,1,,,,0,true,,,,,,97,LAND WITH MbPT SISTER DEPT.,STALL-3,LAND WITH MbPT SISTER DEPT.,PLOT : ADDL. LAND INFRONT OF STALL-2,400035,6,"10101248",false,,,false,false,3050,,,,,,,,,,false,
8249,21,"310010245",OLD RR 742, , , ,B WARD , ,FP No.136,PRINCESS DOCK,2825.37,,Mahesh Mohite,2020-07-15 12:13:57.570,A,,true,false, ,,,,58,10,nihar, , ,0,true, , , ,,,97, , , , ,,,"31001536",false,,,false,false,8249,,,,,,,,,,false,
3052,1,"101010010",BET NO 32 33 34,,PRIVATE STRUCTURE,,F/N,WADALA,"9/358",DADAR-NAIGAON,334.49,,Mahesh Mohite,2020-03-03 16:20:30.300,A,,true,false,,,,,56,1,,,,0,true,,,,,,97,LAND WITH MbPT SISTER DEPT.,LAND WITH MbPT SISTER DEPT.,LAND WITH MbPT SISTER DEPT.,LAND WITH MbPT SISTER DEPT.,400035,6,"10101241",false,,,false,false,3052,,,,,,,,,,false,
5201,39,"413050076",,,,,E,COAL BUNDER,"1",MAZAGAON,41.81,,Mahesh Mohite,2020-03-03 16:20:30.300,A,,true,false,,,,,59,13,,,"279-16",0,true,,,,,,97,MbPT ROAD,PLOT NO.277,PLOT NO.280-16,PLOT NO.278-16,400010,5,"41305147",true,,,false,false,5201,,,,,,,,,,false,
5202,38,"413040119",,,,,E,LAKRI BUNDER,"1",MAZAGAON,127.74,,Mahesh Mohite,2020-03-03 16:20:30.300,A,,true,false,,,,,59,13,,,"43858",0,true,,,,,,97,PLOT NO.29-1,PLOT NO.16-1,PLOT NO.17-1,LAKRI BUNDER ROAD,400010,5,"41304123",false,,,false,false,5202,,,,,,,,,,false,
5203,40,"413060031",,,,,E,NEW TANK BUNDER,"1",MAZAGAON,62.71,,Mahesh Mohite,2020-03-03 16:20:30.300,A,,true,false,,,,,59,13,,,"28-B",0,true,,,,,,97,PLOT NO.29-B,PLOT NO.27-B,PT ROAD,"PLOT NO.39-B,38",400010,5,"41306115",true,,,false,false,5203,,,,,,,,,,false,
5204,39,"413050077",,,,,E,COAL BUNDER,"1",MAZAGAON,62.71,,Mahesh Mohite,2020-03-03 16:20:30.300,A,,true,false,,,,,59,13,,,"280-16",0,true,,,,,,97,MbPT ROAD,PLOT NO.277,PT PAND,PLOT NO.279,400010,5,"41305148",true,,,false,false,5204,,,,,,,,,,false,
5205,39,"413050078",,,,,E,COAL BUNDER,"1",MAZAGAON,175.59,,Mahesh Mohite,2020-03-03 16:20:30.300,A,,true,false,,,,,59,13,,,"281-17",0,true,,,,,,97,MbPT ROAD,PLOT NO.282-17,PT LAND,MbPT ROAD,400010,5,"41305149",true,,,false,false,5205,,,,,,,,,,false,
5206,39,"413050079",,,,,E,COAL BUNDER,"1",MAZAGAON,702.35,,Mahesh Mohite,2020-03-03 16:20:30.300,A,,true,false,,,,,59,13,,,"282-17",0,true,,,,,,97,PLOT NO.281-17,"PLOT NO.286-17,283",PT LAND,MbPT ROAD,400010,5,"41305150",true,,,false,false,5206,,,,,,,,,,false,
5207,39,"413050080",,,,,E,COAL BUNDER,"1",MAZAGAON,162.58,,Mahesh Mohite,2020-03-03 16:20:30.300,A,,true,false,,,,,59,13,,,"284-17",0,true,,,,,,97,PLOT NO.283,PLOT NO.285-17,PLOT NO.286-17,MbPT ROAD,400010,5,"41305201",true,,,false,false,5207,,,,,,,,,,false,
5208,39,"413050081",,,,,E,COAL BUNDER,"1",MAZAGAON,39.58,,Mahesh Mohite,2020-03-03 16:20:30.300,A,,true,false,,,,,59,13,,,"285-17",0,true,,,,,,97,PLOT NO.284-17,MbPT ROAD,PLOT NO.286-17,MbPT ROAD,400010,5,"41305202",true,,,false,false,5208,,,,,,,,,,false,
5209,39,"413050082",,,,,E,COAL BUNDER,"1",MAZAGAON,130.06,,Mahesh Mohite,2020-03-03 16:20:30.300,A,,true,false,,,,,59,13,,,"286-17",0,true,,,,,,97,PLOT NO.282,MbPT ROAD,PT LAND,"PLOT NO.285-17,284-17,283",400010,5,"41305203",true,,,false,false,5209,,,,,,,,,,false,
5210,39,"413050083",,,,,E,COAL BUNDER,"01-Jan",MAZAGAON,235.97,,Mahesh Mohite,2020-03-03 16:20:30.300,A,,true,false,,,,,59,13,,,"287-18",0,true,,,,,,97,MbPT ROAD,"PLOT NO.288-18,299-08",PT LAND,MbPT ROAD,400010,5,"41305204",true,,,false,false,5210,,,,,,,,,,false,
5211,39,"413050084",,,,,E,COAL BUNDER,"1",MAZAGAON,234.12,,Mahesh Mohite,2020-03-03 16:20:30.300,A,,true,false,,,,,59,13,,,"288-18",0,true,,,,,,97,PLOT NO.287-18,PLOT NO.289-18,"PLOT NO.298-18,299-08",MbPT ROAD,400010,5,"41305205",true,,,false,false,5211,,,,,,,,,,false,
5212,39,"413050085",,,,,E,COAL BUNDER,"1",MAZAGAON,201.60,,Mahesh Mohite,2020-03-03 16:20:30.300,A,,true,false,,,,,59,13,,,"289-18",0,true,,,,,,97,PLOT NO.288-18,PLOT NO.290-18,"PLOT NO.296-18,297-18",MbPT ROAD,400010,5,"41305206",false,,,false,false,5212,,,,,,,,,,false,
5213,42,"413080022",,,,,F/S,BRICK BUNDER,"436/145",PAREL-SEWERI,106.00,,Mahesh Mohite,2020-03-03 16:20:30.300,A,,true,false,,,,,59,13,,,"28A-C",0,true,,,,,,97,PLOT NO.27-C,PT LAND,PLOT NO.28B-C,PT LAND,400010,7,"41308127",false,,,false,false,5213,,,,,,,,,,false,
5214,42,"413080023",,,,,F/S,BRICK BUNDER,"436/145",PAREL-SEWERI,102.19,,Mahesh Mohite,2020-03-03 16:20:30.300,A,,true,false,,,,,59,13,,,"28B-C",0,true,,,,,,97,PLOT NO.27-C,PT LAND,P.T. ROAD,PLOT NO.28A-C,400010,7,"41308128",true,,,false,false,5214,,,,,,,,,,false,
5215,38,"413040120",,,,,E,LAKRI BUNDER,"1",MAZAGAON,61.32,,Mahesh Mohite,2020-03-03 16:20:30.300,A,,true,false,,,,,59,13,,,"43859",0,true,,,,,,97,PLOT NO.30-1,PLOT NO.28-1,"PLOT NO.17-1,18-1",LAKRI BUNDER ROAD,400010,5,"41304124",false,,,false,false,5215,,,,,,,,,,false,
5216,40,"413060032",,,,,E,NEW TANK BUNDER,"1",MAZAGAON,62.71,,Mahesh Mohite,2020-03-03 16:20:30.300,A,,true,false,,,,,59,13,,,"29-B",0,true,,,,,,97,PLOT NO.30-B,PLOT NO.28-B,MbPT ROAD,PLOT NO.39-B,400010,5,"41306116",true,,,false,false,5216,,,,,,,,,,false,
5217,39,"413050086",,,,,E,COAL BUNDER,"1",MAZAGAON,230.40,,Mahesh Mohite,2020-03-03 16:20:30.300,A,,true,false,,,,,59,13,,,"290-18",0,true,,,,,,97,PLOT NO.289-18,PLOT NO.291-18,"PLOT NO.294-18,295-18",BOAT HARD ROAD,400010,5,"41305207",false,,,false,false,5217,,,,,,,,,,false,
5218,39,"413050087",,,,,E,COAL BUNDER,"1",MAZAGAON,489.60,,Mahesh Mohite,2020-03-03 16:20:30.300,A,,true,false,,,,,59,13,,,"291-18",0,true,,,,,,97,PLOT NO.290-18,BOAT HARD ROAD,"PLOT NO.292-18,293-18,294-18",BOAT HARD ROAD,400010,5,"41305208",false,,,false,false,5218,,,,,,,,,,false,
5219,39,"413050088",,,,,E,COAL BUNDER,"1",MAZAGAON,305.19,,Mahesh Mohite,2020-03-03 16:20:30.300,A,,true,false,,,,,59,13,,,"292-18",0,true,,,,,,97,"PLOT NO.293-18,293-A",BOAT HARD ROAD,PLOT NO.300-18,PLOT NO.291-18,400010,5,"41305245",false,,,false,false,5219,,,,,,,,,,false,
5220,39,"413050089",,,,,E,COAL BUNDER,"1",MAZAGAON,271.09,,Mahesh Mohite,2020-03-03 16:20:30.300,A,,true,false,,,,,59,13,,,"293-18",0,true,,,,,,97,PLOT NO.294-18,PLOT NO.292-18,PLOT NO.293-A,PLOT NO.291-18,400010,5,"41305209",false,,,false,false,5220,,,,,,,,,,false,
5221,39,"413050090",,,,,E,COAL BUNDER,"1",MAZAGAON,214.61,,Mahesh Mohite,2020-03-03 16:20:30.300,A,,true,false,,,,,59,13,,,"294-18",0,true,,,,,,97,PLOT NO.295-18,PLOT NO.293-18,PLOT NO.294-A,"PLOT NO.291-18,290-18",400010,5,"41305210",false,,,false,false,5221,,,,,,,,,,false,
5222,39,"413050091",,,,,E,COAL BUNDER,"1",MAZAGAON,130.06,,Mahesh Mohite,2020-03-03 16:20:30.300,A,,true,false,,,,,59,13,,,"295-18",0,true,,,,,,97,PLOT NO.296-18,PLOT NO.294-18,PLOT NO.295-A,PLOT NO.290-18,400010,5,"41305211",false,,,false,false,5222,,,,,,,,,,false,
5223,39,"413050092",,,,,E,COAL BUNDER,"1",MAZAGAON,110.74,,Mahesh Mohite,2020-03-03 16:20:30.300,A,,true,false,,,,,59,13,,,"296-18",0,true,,,,,,97,PLOT NO.297-18,PLOT NO.295-18,PLOT NO.296-A,PLOT NO.289-18,400010,5,"41305212",false,,,false,false,5223,,,,,,,,,,false,
5224,39,"413050093",,,,,E,COAL BUNDER,"1",MAZAGAON,195.10,,Mahesh Mohite,2020-03-03 16:20:30.300,A,,true,false,,,,,59,13,,,"297-18",0,true,,,,,,97,PLOT NO.298-18,PLOT NO.296-18,PT LAND,PLOT NO.289-18,400010,5,"41305213",false,,,false,false,5224,,,,,,,,,,false,
5225,39,"413050094",,,,,E,COAL BUNDER,"1",MAZAGAON,123.56,,Mahesh Mohite,2020-03-03 16:20:30.300,A,,true,false,,,,,59,13,,,"298-18",0,true,,,,,,97,PLOT NO.299-08,PLOT NO.297-18,PT LAND,PLOT NO.288-18,400010,5,"41305214",false,,,false,false,5225,,,,,,,,,,false,
3054,1,"101010012",EXAM.OF ROLLING STOCK,,PRIVATE STRUCTURE,,F/N,WADALA,"8A/358",DADAR-NAIGAON,60.57,,Mahesh Mohite,2020-03-03 16:20:30.300,A,,true,false,,,,,56,1,,,,0,true,,,,,,97,LAND WITH MbPT SISTER DEPT.,LAND WITH MbPT SISTER DEPT.,LAND WITH MbPT SISTER DEPT.,MUNICIPAL SCHOOL,400035,6,"10101220",false,,,false,false,3054,,,,,,,,,,false,
3056,1,"101010014",LEASE FOR SCHOOL,,PRIVATE STRUCTURE,,F/N,WADALA,"8A/358",DADAR-NAIGAON,1047.94,,Mahesh Mohite,2020-03-03 16:20:30.300,A,,true,false,,,,,56,1,,,,0,true,,,,,,97,RAILWAY SIDING,LAND WITH MbPT SISTER DEPT.,PLOT : EXAM. OF ROLLING STOCK,LAND WITH MbPT SISTER DEPT.,400035,6,"10101221",false,,,false,false,3056,,,,,,,,,,false,
3087,1,"101010040",R.R.2011,,PRIVATE STRUCTURE,,F/S,WADALA,"29/358",DADAR-NAIGAON,13591.62,,Mahesh Mohite,2020-03-03 16:20:30.300,A,,true,false,,,,,56,1,,,,0,true,,,,,,97,OPEN LAND & FOOD CORPORATION OF INDIA,RR - 2026,OPEN LAND & RR - 1739,FOOD CORPORATION OF INDIA,400035,7,"10101143",false,,,false,false,3087,,,,,,,,,,false,
3089,1,"101010042",R.R.2087,,PRIVATE STRUCTURE,,F/S,WADALA,"8A/358",DADAR-NAIGAON,113.81,,Mahesh Mohite,2020-03-03 16:20:30.300,A,,true,false,,,,,56,1,,,,0,true,,,,,,97,M.T.,RAILWAY SIDING,RR – 1646,MbPT LAND,400035,7,"10101142",false,,,false,false,3089,,,,,,,,,,false,
3121,5,"101050019",'D' ADJACENT TO PLOT 'C',,OPEN PLOT,,F/S,SEWREE (EAST),"358(PT)",DADAR-NAIGAON,1812.81,,Mahesh Mohite,2020-03-03 16:20:30.300,A,,true,false,,,,,56,1,,,,0,true,,,,,,97,SITE : B,SEWREE FORT ROAD,PETROLEUM GDN.,MbPT LAND,400015,7,"10105212",true,,,false,false,3121,,,,,,,,,,false,
3122,5,"101050020",LAND AT SEWRI FORT HILL,,PRIVATE STRUCTURE,,F/S,SEWREE (EAST),"145",PAREL-SEWERI,6.07,,Mahesh Mohite,2020-03-03 16:20:30.300,A,,true,false,,,,,56,1,,,,0,true,,,,,,97,PUMP,MbPT QUARTERS,ACCESS,MbPT QUARTERS,400015,7,"10105207",false,,,false,false,3122,,,,,,,,,,false,
3182,6,"102010031",RR 1982,,PRIVATE STRUCTURE,,F/S,SEWARI (WEST),"20/147",PAREL-SEWERI,3100.36,,Mahesh Mohite,2020-03-03 16:20:30.300,A,,true,false,,,,,56,2,,,,0,true,,,,,,97,RR – 1982,P.D MELLO ROAD,RR – 1013,RR – 1982,400015,7,"10201115",true,,,false,false,3182,,,,,,,,,,false,
3183,6,"102010032",RR 2043,,PRIVATE STRUCTURE,,F/S,SEWARI (WEST), , ,57.79,,Mahesh Mohite,2020-03-03 16:20:30.300,A,,true,false,,,,,56,2,,,,0,true,,,,,,97,YT – 241,OLD YT NO. 241,OPEN LAND,ACHARYA DONDE MARG (KING EDWARD ROAD),400015,7,"10201131",false,,,false,false,3183,,,,,,,,,,false,
3184,7,"102020001","11",,PRIVATE STRUCTURE,,E,FRERE LAND,"2/671",MAZAGAON,4775.50,,Mahesh Mohite,2020-03-03 16:20:30.300,A,,true,false,,,,,56,2,,,,0,true,,,,,,97,P.D. MELLO ROAD,C.S. NO. 751,RR – 1978,OLD RR – 1614 & PLOT – 135,400033,5,"10202117",true,,,false,false,3184,,,,,,,,,,false,
3212,7,"102020028",RR 1450,,PRIVATE STRUCTURE,,F/S,FRERE LAND,"10/147",PAREL-SEWERI,905.71,,Mahesh Mohite,2020-03-03 16:20:30.300,A,,true,false,,,,,56,2,,,,0,true,,,,,,97,JACKERIA BUNDER ROAD,REAY ROAD,MbPT LAND,JUNCTION OF REAY ROAD AND JACKERIA BUNDER ROAD,400033,7,"10202123",true,,,false,false,3212,,,,,,,,,,false,
3242,8,"102030019",OLD RR 1963,,PRIVATE STRUCTURE,,F/S,MAZGAON SEWREE RECLAMATION (J.B.),"36/147",PAREL-SEWERI,321.06,,Mahesh Mohite,2020-03-03 16:20:30.300,A,,true,false,,,,,56,2,,,,0,true,,,,,,97,COTTON GREEN RAILWAY STATION,P.D MELLO ROAD,PLOT : 14,PLOT : 25,400010,7,"10203114",true,,,false,false,3242,,,,,,,,,,false,
3292,9,"103010045",N O P R S T & T 1,,PRIVATE STRUCTURE,,F/S,MAZGAON SEWREE RECLAMATION (COTTON DEPOT),"145",PAREL-SEWERI,70124.44,,Mahesh Mohite,2020-03-03 16:20:30.300,A,,true,false,,,,,56,3,,,,0,true,,,,,,97,RAILWAY SIDING,MbPT PASSAGE,MbPT PASSAGE,"4th AVENUE",400033,7,"10301620",false,,,false,false,3292,,,,,,,,,,false,
5226,39,"413050095",,,,,E,COAL BUNDER,"1",MAZAGAON,79.25,,Mahesh Mohite,2020-03-03 16:20:30.300,A,,true,false,,,,,59,13,,,"299-08",0,true,,,,,,97,PLOT NO.287-18,PLOT NO.298-18,PT LAND,PLOT NO.288-18,400010,5,"41305215",false,,,false,false,5226,,,,,,,,,,false,
5227,38,"413040121",,,,,E,LAKRI BUNDER,"1",MAZAGAON,18.21,,Mahesh Mohite,2020-03-03 16:20:30.300,A,,true,false,,,,,59,13,,,"2A/8",0,true,,,,,,97,PLOT NO.3/8,BPT REV OFFICE,PLOT NO.1/8,PLOT NO.2/8,400010,5,"41304345",false,,,false,false,5227,,,,,,,,,,false,
5229,38,"413040122",,,,,E,LAKRI BUNDER,"1",MAZAGAON,122.63,,Mahesh Mohite,2020-03-03 16:20:30.300,A,,true,false,,,,,59,13,,,"43833",0,true,,,,,,97,PLOT NO.4/1,PLOT NO.2/1,LAKRI BUNDER NORTH ROAD,LAKRI BUNDER ROAD,400010,5,"41304206",false,,,false,false,5229,,,,,,,,,,false,
5230,38,"413040123",,,,,E,LAKRI BUNDER,"1",MAZAGAON,255.48,,Mahesh Mohite,2020-03-03 16:20:30.300,A,,true,false,,,,,59,13,,,"44046",0,true,,,,,,97,PLOT NO.4/8,"PLOT NO.1/8,2A/8,2/8",LAKRI BUNDER ROAD,LAKRI BUNDER SOUTH ROAD,400010,5,"41304346",false,,,false,false,5230,,,,,,,,,,false,
5231,42,"413080024",,,,,F/S,BRICK BUNDER,"435/145",PAREL-SEWERI,150.78,,Mahesh Mohite,2020-03-03 16:20:30.300,A,,true,false,,,,,59,13,,,"3-D",0,true,,,,,,97,"PLOT NO.12-D,2-D","PLOT NO.4-D,5-D",P.T. ROAD,PLOT NO.12-D,400010,7,"41308103",true,,,false,false,5231,,,,,,,,,,false,
5232,38,"413040124",,,,,E,LAKRI BUNDER,"1",MAZAGAON,127.74,,Mahesh Mohite,2020-03-03 16:20:30.300,A,,true,false,,,,,59,13,,,"43860",0,true,,,,,,97,PLOT NO.31/1,PLOT NO.29/1,"PLOT NO.18/1,19/1,20/1",LAKRI BUNDER ROAD,400010,5,"41304125",false,,,false,false,5232,,,,,,,,,,false,
5233,40,"413060033",,,,,E,NEW TANK BUNDER,"1",MAZAGAON,62.71,,Mahesh Mohite,2020-03-03 16:20:30.300,A,,true,false,,,,,59,13,,,"30-B",0,true,,,,,,97,PLOT NO.31,PLOT NO.29-B,MbPT ROAD ,PLOT NO.40-B,400010,5,"41306117",true,,,false,false,5233,,,,,,,,,,false,
5234,39,"413050096",,,,,E,COAL BUNDER,"1",MAZAGAON,157.56,,Mahesh Mohite,2020-03-03 16:20:30.300,A,,true,false,,,,,59,13,,,"300-18",0,true,,,,,,97,PLOT NO.293-18,BOAT HARD ROAD,PT LAND,PLOT NO.292-18,400010,5,"41305216",false,,,false,false,5234,,,,,,,,,,false,
5235,39,"413050097",,,,,E,COAL BUNDER,"1",MAZAGAON,131.92,,Mahesh Mohite,2020-03-03 16:20:30.300,A,,true,false,,,,,59,13,,,"301-19",0,true,,,,,,97,COAL BUNDER,PLOT NO.302-19,PLOT NO.301A-19,PLOT NO.302-19,400010,5,"41305219",false,,,false,false,5235,,,,,,,,,,false,
5236,39,"413050098",,,,,E,COAL BUNDER,"1",MAZAGAON,141.86,,Mahesh Mohite,2020-03-03 16:20:30.300,A,,true,false,,,,,59,13,,,"301-19",0,true,,,,,,97,COAL BUNDER,PLOT NO.302-19,MbPT ROAD,PLOT NO.301A-19,400010,5,"41305217",true,,,false,false,5236,,,,,,,,,,false,
5237,39,"413050099",,,,,E,COAL BUNDER,"1",MAZAGAON,155.06,,Mahesh Mohite,2020-03-03 16:20:30.300,A,,true,false,,,,,59,13,,,"301A-19",0,true,,,,,,97,COAL BUNDER,PLOT NO.302-19,PLOT NO.301-19,PLOT NO.302-19,400010,5,"41305218",false,,,false,false,5237,,,,,,,,,,false,
4397,24,"311020020","9 KRAWAR STREET",,,,A,MODY BAY,"1170",FORT,148.64,,Mahesh Mohite,2020-03-03 16:20:30.300,A,,true,false,,,,,58,11,,,,0,true,,,,,,97,RR NO. 1853,RR NO. 1088 & RR NO. 1300,VAJU KOTAK MARG (KARWAR STREET),R.R.1609,400001,1,"31102204",false,,,false,false,4397,,,,,,,,,,false,
5238,39,"413050100",,,,,E,COAL BUNDER,"1",MAZAGAON,1519.99,,Mahesh Mohite,2020-03-03 16:20:30.300,A,,true,false,,,,,59,13,,,"302-19",0,true,,,,,,97,COAL BUNDER,MbPT ROAD,"301-19",COAL BUNDER,400010,5,"41305220",true,,,false,false,5238,,,,,,,,,,false,
5239,39,"413050101",,,,,E,COAL BUNDER,"1",MAZAGAON,448.44,,Mahesh Mohite,2020-03-03 16:20:30.300,A,,true,false,,,,,59,13,,,"303-19",0,true,,,,,,97,MbPT ROAD,"PLOT NO.304-19,305-19",MbPT ROAD,MbPT ROAD,400010,5,"41305221",true,,,false,false,5239,,,,,,,,,,false,
5240,39,"413050102",,,,,E,COAL BUNDER,"1",MAZAGAON,219.72,,Mahesh Mohite,2020-03-03 16:20:30.300,A,,true,false,,,,,59,13,,,"304-19",0,true,,,,,,97,PLOT NO.303-19,PLOT NO.306-19,MbPT ROAD,PLOT NO.305-19,400010,5,"41305222",true,,,false,false,5240,,,,,,,,,,false,
5241,39,"413050103",,,,,E,COAL BUNDER,"1",MAZAGAON,275.92,,Mahesh Mohite,2020-03-03 16:20:30.300,A,,true,false,,,,,59,13,,,"305-19",0,true,,,,,,97,PLOT NO.303-19,PLOT NO.306-19,PLOT NO.304-19,MbPT ROAD,400010,5,"41305223",true,,,false,false,5241,,,,,,,,,,false,
5242,39,"413050104",,,,,E,COAL BUNDER,"1",MAZAGAON,613.16,,Mahesh Mohite,2020-03-03 16:20:30.300,A,,true,false,,,,,59,13,,,"306-19",0,true,,,,,,97,"PLOT NO.305-19,304-19","PLOT NO.307B-19,307A-19",MbPT ROAD,MbPT ROAD,400010,5,"41305224",true,,,false,false,5242,,,,,,,,,,false,
5243,39,"413050105",,,,,E,COAL BUNDER,"1",MAZAGAON,229.94,,Mahesh Mohite,2020-03-03 16:20:30.300,A,,true,false,,,,,59,13,,,"307A-19",0,true,,,,,,97,PLOT NO.306-19,PLOT NO.308-19,MbPT ROAD,"PLOT NO.307B-19,307C-19",400010,5,"41305225",true,,,false,false,5243,,,,,,,,,,false,
5244,39,"413050106",,,,,E,COAL BUNDER,"1",MAZAGAON,153.29,,Mahesh Mohite,2020-03-03 16:20:30.300,A,,true,false,,,,,59,13,,,"307B-19",0,true,,,,,,97,PLOT NO.306-19,PLOT NO.307C-19,PLOT NO.307A-19,MbPT ROAD,400010,5,"41305226",true,,,false,false,5244,,,,,,,,,,false,
5245,39,"413050107",,,,,E,COAL BUNDER,"1",MAZAGAON,153.79,,Mahesh Mohite,2020-03-03 16:20:30.300,A,,true,false,,,,,59,13,,,"307C-19",0,true,,,,,,97,PLOT NO.307B-19,PLOT NO.308-19,PLOT NO.307A-19,MbPT ROAD,400010,5,"41305227",true,,,false,false,5245,,,,,,,,,,false,
3090,1,"101010043",RR 1735,,PRIVATE STRUCTURE,,F/S,WADALA,"4/358",DADAR-NAIGAON,34245.16,,Mahesh Mohite,2020-03-03 16:20:30.300,A,,true,false,,,,,56,1,,,,0,true,,,,,,97,MbPT LAND,MbPT LAND & BEYOND THAT I.B.P.C INSTALLATION,MbPT LAND & TROMBAY ROAD,MbPT LAND & HARBOUR,400035,7,"10101202",true,,,false,false,3090,,,,,,,,,,true,
3289,9,"103010042","JETHA F 73,79,80,& 86 TO 104",,PRIVATE STRUCTURE,,E,MAZGAON SEWREE RECLAMATION (COTTON DEPOT), 228/1,MAZAGAON,9529.76,,Mahesh Mohite,2020-03-03 16:20:30.300,A,,true,false,,,,,56,3,,,,0,true,,,,,,97,"7TH STREET","6TH STREET",FRAMJI AVENUE,MbPT LAND,400033,5,"10301102",false,,,false,false,3289,,,,,,,,,,true,
5247,39,"413050109",,,,,E,COAL BUNDER,"1",MAZAGAON,1287.64,,Mahesh Mohite,2020-03-03 16:20:30.300,A,,true,false,,,,,59,13,,,"309-19",0,true,,,,,,97,PLOT NO.308-19,PLOT NO.310,MbPT ROAD,MbPT ROAD,400010,5,"41305229",true,,,false,false,5247,,,,,,,,,,false,
5248,38,"413040125",,,,,E,LAKRI BUNDER,"1",MAZAGAON,127.74,,Mahesh Mohite,2020-03-03 16:20:30.300,A,,true,false,,,,,59,13,,,"43861",0,true,,,,,,97,PLOT NO.32-1,PLOT NO.30-1,"PLOT NO.20-1,21-1",LAKRI BUNDER ROAD,400010,5,"41304126",false,,,false,false,5248,,,,,,,,,,false,
5249,42,"413080025",,,,,F/S,BRICK BUNDER,"437/145",PAREL-SEWERI,139.35,,Mahesh Mohite,2020-03-03 16:20:30.300,A,,true,false,,,,,59,13,,,"31-B",0,true,,,,,,97,MbPT ROAD,"PLOT NO.35-B,34-1",PLOT NO.30,PLOT NO.32-B,400010,7,"41308131",false,,,false,false,5249,,,,,,,,,,false,
5251,40,"413060035",,,,,E,NEW TANK BUNDER,"1",MAZAGAON,869.20,,Mahesh Mohite,2020-03-03 16:20:30.300,A,,true,false,,,,,59,13,,,"319-B",0,true,,,,,,97,PLOT NO.319-C,PLOT NO.319-A,PT LAND,MbPT ROAD,400010,5,"41306214",true,,,false,false,5251,,,,,,,,,,false,
8235,19,"309010150",OLD R R 1607, , , ,B WARD , ,"14-Jan",PRINCESS DOCK,143.54,,Mahesh Mohite,2020-07-15 12:13:57.570,A,,true,false, ,,,,58,9,nihar, , ,0,true, , , ,,,97, , , , ,,,"30901147",false,,,false,false,8235,,,,,,,,,,false,
3405,10,"104010048","19A COAL DEPOT",,OPEN PLOT,,F/S,MAZGAON SEWREE RECLAMATION (GRAIN & COTTON DEPOT),"145",PAREL-SEWERI,241.55,,Mahesh Mohite,2020-03-03 16:20:30.300,A,,true,false,,,,,56,4,,,,0,true,,,,,,97,PLOT : 19-D,MbPT ROAD,PLOT : 20-B,MbPT PASSAGE,400015,7,"10401326",true,,,false,false,3405,,,,,,,,,,false,
8236,19,"309010151",OLD R R 1824, , , ,B WARD , ,"56/1",PRINCESS DOCK,260.96,,Mahesh Mohite,2020-07-15 12:13:57.570,A,,true,false, ,,,,58,9,nihar, , ,0,true, , , ,,,97, , , , ,,,"30901220",false,,,false,false,8236,,,,,,,,,,false,
3526,10,"104010159",F-3 C,,OPEN PLOT,,F/S,MAZGAON SEWREE RECLAMATION (GRAIN & COTTON DEPOT),"145",PAREL-SEWERI,278.71,,Mahesh Mohite,2020-03-03 16:20:30.300,A,,true,false,,,,,56,4,,,,0,true,,,,,,97,MbPT ROAD,PLOT : F-2,MbPT PASSAGE,PLOT : F-4,400015,7,"10401625",true,,,false,false,3526,,,,,,,,,,false,
3554,10,"104010187",OLD R R 1788,,PRIVATE STRUCTURE,,F/S,MAZGAON SEWREE RECLAMATION (GRAIN & COTTON DEPOT),"366/145",PAREL-SEWERI,3808.28,,Mahesh Mohite,2020-03-03 16:20:30.300,A,,true,false,,,,,56,4,,,,0,true,,,,,,97,RAILWAY SIDING,RAILWAY SIDING,RAILWAY SIDING,RR – 2068 (OLD RR – 1850),400015,7,"10401202",false,,,false,false,3554,,,,,,,,,,false,
3555,10,"104010188",OLD R R 1929,,PRIVATE STRUCTURE,,F/S,MAZGAON SEWREE RECLAMATION (GRAIN & COTTON DEPOT),"428/145",PAREL-SEWERI,4916.24,,Mahesh Mohite,2020-03-03 16:20:30.300,A,,true,false,,,,,56,4,,,,0,true,,,,,,97,LAND WITH MbPT SISTER DEPT.,MbPT ROAD,RR – 1972,MbPT ROAD & RR – 1582,400015,7,"10401205",true,,,false,false,3555,,,,,,,,,,false,
3581,10,"104010214",RR 2068(OLD R R 1850),,PRIVATE STRUCTURE,,F/S,MAZGAON SEWREE RECLAMATION (GRAIN & COTTON DEPOT),"366/145",PAREL-SEWERI,4020.19,,Mahesh Mohite,2020-03-03 16:20:30.300,A,,true,false,,,,,56,4,,,,0,true,,,,,,97,RAILWAY SIDING,RAILWAY SIDING,PLOT : R (NORTH) OR MbPT LAND LEASED TO AGRI-ORIENT INDUSTRIES LTD.,MbPT ROAD,400015,7,"10401201",true,,,false,false,3581,,,,,,,,,,false,
3582,10,"104010215",RR-1582,,PRIVATE STRUCTURE,,F/S,MAZGAON SEWREE RECLAMATION (GRAIN & COTTON DEPOT),"428/145",PAREL-SEWERI,42.74,,Mahesh Mohite,2020-03-03 16:20:30.300,A,,true,false,,,,,56,4,,,,0,true,,,,,,97,RR – 1929,RR – 1929,RR – 1929,MbPT ROAD,400015,7,"10401204",true,,,false,false,3582,,,,,,,,,,false,
3588,10,"104010221",G SHED GRAIN DEPOT M S R,,MbPT STRUCTURE ,,F/S,MAZGAON SEWREE RECLAMATION (GRAIN & COTTON DEPOT),"290/145",PAREL-SEWERI,5109.67,,Mahesh Mohite,2020-03-03 16:20:30.300,A,,true,false,,,,,56,4,,,,0,true,,,,,,97,RAILWAY SIDING,RAILWAY SIDING,MbPT ROAD,MbPT ROAD,400015,7,"10401140",true,,,false,false,3588,,,,,,,,,,false,
3590,10,"104010223",SHED T (BAYS 1 TO 69)GRAIN DEP,,MbPT STRUCTURE,,F/S,MAZGAON SEWREE RECLAMATION (GRAIN & COTTON DEPOT),"304/145",PAREL-SEWERI,10629.97,,Mahesh Mohite,2020-03-03 16:20:30.300,A,,true,false,,,,,56,4,,,,0,true,,,,,,97,RAILWAY SIDING,RAILWAY SIDING,PLOT -1 & 2,MbPT VACANT PLOT - ROAD,400015,7,"10401125",true,,,false,false,3590,,,,,,,,,,false,
3623,17,"208010007","169 4TH CROSS STREET",,,,F/S,MAZGAON RECLAMATION (SOUTH),"1/234",MAZGAON,136.75,,Mahesh Mohite,2020-03-03 16:20:30.300,A,,true,false,,,,,57,8,,,,0,true,,,,,,97,Plot No.168,Plot NO.170,"4TH CROSS STREET",Plot No.131FML,400010,5,"20801407
",false,,,false,false,3623,,,,,,,,,,false,
3627,11,"205010004","16A(SEWREE GADI ADDA)",,,,F/S,MAZGAON SEWREE RECLAMATION (EAST),"145",PAREL-SEWERI,36.23,,Mahesh Mohite,2020-03-03 16:20:30.300,A,,true,false,,,,,57,5,,,,0,true,,,,,,97,P T ROAD,Plot No. 16,P T ROAD,Plot No.7-A,400033,7,"20501147
",true,,,false,false,3627,,,,,,,,,,false,
3635,17,"208010008","17,18,19,20&30 OFF MAGAZINE ST",,,,F/S,MAZGAON RECLAMATION (SOUTH),"1",MAZAGAON,1250.96,,Mahesh Mohite,2020-03-03 16:20:30.300,A,,true,false,,,,,57,8,,,,0,true,,,,,,97,Magazine Street,Link Road,Passage,Plot No.29 & 21-A,400010,5,"20801101
",false,,,false,false,3635,,,,,,,,,,false,
3639,17,"208010009","170 4TH CROSS STREET",,,,F/S,MAZGAON RECLAMATION (SOUTH),"1/234",MAZAGAON,328.32,,Mahesh Mohite,2020-03-03 16:20:30.300,A,,true,false,,,,,57,8,,,,0,true,,,,,,97,Plot No.169,Plot No.171F,"4TH CROSS STREET",Plot No.130,400010,5,"20801408
",false,,,false,false,3639,,,,,,,,,,false,
3713,17,"208010035","192 QUAY STREET",,,,E,MAZGAON RECLAMATION (SOUTH),"1",MAZGAON,196.21,,Mahesh Mohite,2020-03-03 16:20:30.300,A,,true,false,,,,,57,8,,,,0,true,,,,,,97,Passage,Plot No.190,Plot No.193,"1st Cross Street",400010,5,"20801438
",false,,,false,false,3713,,,,,,,,,,false,
3819,17,"208010048","23 AT MAGAZINE STREET",,,,E,MAZGAON RECLAMATION (SOUTH),"1",MAZAGAON,314.01,,Mahesh Mohite,2020-03-03 16:20:30.300,A,,true,false,,,,,57,8,,,,0,true,,,,,,97,Magazine Street,Plot No.22,Plot No.24,Plot No.31 & RR No.2017,400010,5,"20801106
",false,,,false,false,3819,,,,,,,,,,false,
3822,11,"205010011","23 SEWRI GADI ADDA",,,,E,MAZGAON RECLAMATION (NORTH),"422/145",PAREL-SEWERI,576.56,,Mahesh Mohite,2020-03-03 16:20:30.300,A,,true,false,,,,,57,5,,,,0,true,,,,,,97,P.T Road,Plot No.E,Plot No.22,Plot No.E,400033,5,"20501202
",true,,,false,false,3822,,,,,,,,,,false,
3827,16,"207010019","269(JUNCTION PLOT)",,,,E,MAZGAON RECLAMATION (NORTH),"1/155",MAZGAON,180.98,,Mahesh Mohite,2020-03-03 16:20:30.300,A,,true,false,,,,,57,7,,,,0,true,,,,,,97,Quay Street,ROAD,Signal Hill Avenue,Plot No.270,400010,5,"20701241
",true,,,false,false,3827,,,,,,,,,,false,
3829,16,"207010020","270",,,,E,MAZGAON RECLAMATION (NORTH),"1/155",MAZAGAON,185.81,,Mahesh Mohite,2020-03-03 16:20:30.300,A,,true,false,,,,,57,7,,,,0,true,,,,,,97,STREET,Road,Plot No.269,Plot No.271,400010,5,"20701242
",true,,,false,false,3829,,,,,,,,,,false,
8238,19,"309010153",OLD R R 1833, , , ,B WARD , ,"63/1",PRINCESS DOCK,260.96,,Mahesh Mohite,2020-07-15 12:13:57.570,A,,true,false, ,,,,58,9,nihar, , ,0,true, , , ,,,97, , , , ,,,"30901226",false,,,false,false,8238,,,,,,,,,,false,
3969,17,"208010055","29 MAGAZINE STREET",,,,E,MAZGAON RECLAMATION (SOUTH),"1",MAZGAON,167.50,,Mahesh Mohite,2020-03-03 16:20:30.300,A,,true,false,,,,,57,8,,,,0,true,,,,,,97,Magazine Street,Plot no.21-A,Plot No.30,Plot No.28,400010,5,"20801113
",false,,,false,false,3969,,,,,,,,,,false,
3971,11,"205010012","29/A LAND ADJ.RR NO.1629",,,,E,MAZGAON RECLAMATION (SOUTH),"145",PAREL-SEWERI,25.50,,Mahesh Mohite,2020-03-03 16:20:30.300,A,,true,false,,,,,57,5,,,,0,true,,,,,,97,RR No.1629,Road,Road,Road,400033,5,"20501216
",false,,,false,false,3971,,,,,,,,,,false,
3977,16,"207010038","287",,,,E,MAZGAON RECLAMATION (NORTH),"1/155",MAZAGAON,293.85,,Mahesh Mohite,2020-03-03 16:20:30.300,A,,true,false,,,,,57,7,,,,0,true,,,,,,97,Plot No.286,Plot No.288,Signal Hill Avenue,Victoria Road,400010,5,"20701308
",false,,,false,false,3977,,,,,,,,,,false,
3978,16,"207010039","288",,,,E,MAZGAON RECLAMATION (NORTH),"1/155",MAZGAON,303.51,,Mahesh Mohite,2020-03-03 16:20:30.300,A,,true,false,,,,,57,7,,,,0,true,,,,,,97,Plot No.287,Plot No.289,Signal Hill Avenue,Victoria Road,400010,5,"20701309
",false,,,false,false,3978,,,,,,,,,,false,
5250,40,"413060034",,,,,E,NEW TANK BUNDER,"1",MAZAGAON,482.32,,Mahesh Mohite,2020-03-03 16:20:30.300,A,,true,false,,,,,59,13,,,"319-A",0,true,,,,,,97,PLOT NO.319-B,MbPT ROAD,PT LAND,MbPT ROAD,400010,5,"41306221",true,,,false,false,5250,,,,,,,,,,true,
3589,10,"104010222",SHED ON R R 1715  M S R,,MbPT STRUCTURE,,F/S,MAZGAON SEWREE RECLAMATION (GRAIN & COTTON DEPOT),"311/145",PAREL-SEWERI,7332.19,,Mahesh Mohite,2020-03-03 16:20:30.300,A,,true,false,,,,,56,4,,,,0,true,,,,,,97,RAILWAY SIDING,RAILWAY SIDING,MbPT ROAD,MbPT ROAD,400015,7,"10401150",true,,,false,false,3589,,,,,,,,,,true,
4096,17,"208010080","37,38&PART OF 34 AT PANTON BUN",,,,E,MAZGAON RECLAMATION (SOUTH),"1",MAZAGAON,206.34,,Mahesh Mohite,2020-03-03 16:20:30.300,A,,true,false,,,,,57,8,,,,0,true,,,,,,97,Magazine Street,Link Road,Plot No. 39 & 33,Plot No. 36,400010,5,"20801121
",false,,,false,false,4096,,,,,,,,,,false,
4106,17,"208010082","39 AT PANTON BUNDER",,,,E,MAZGAON RECLAMATION (SOUTH),"1/247",MAZGAON,54.26,,Mahesh Mohite,2020-03-03 16:20:30.300,A,,true,false,,,,,57,8,,,,0,true,,,,,,97,Plot No.33FML,Plot No.38-A & 40-A,Plot No.39-A,Plot No.38,400010,5,"20801122
",false,,,false,false,4106,,,,,,,,,,false,
4112,17,"208010083","39A AT PANTON  BUNDER",,,,E,MAZGAON RECLAMATION (SOUTH),"244/1",MAZGAON,80.64,,Mahesh Mohite,2020-03-03 16:20:30.300,A,,true,false,,,,,57,8,,,,0,true,,,,,,97,Plot No.33FML,Plot No.40-A & Plot No.38-A,Plot No.40,Plot No.39,400010,5,"20801123
",false,,,false,false,4112,,,,,,,,,,false,
7992,24,"311020119",BPORTION OF OLD R.R.1768, , , ,A WARD , ,"1112",FORT,1131.56,,Mahesh Mohite,2020-07-15 12:13:57.570,A,,true,false, ,,,,58,11,nihar, , ,0,true, , , ,,,97, , , , ,,,"31102239",false,,,false,false,7992,,,,,,,,,,true,
4117,16,"207010044",OLD R R 1741,,,,E,MAZGAON RECLAMATION (NORTH),"155A/1",MAZGAON,843.74,,Mahesh Mohite,2020-03-03 16:20:30.300,A,,true,false,,,,,57,7,,,,0,true,,,,,,97,Plot No.292,Signal Hill Avenue,Signal Hill Avenue,Victoria Road,400010,5,"20701314
",false,,,false,false,4117,,,,,,,,,,false,
4119,16,"207010045","294",,,,E,MAZGAON RECLAMATION (NORTH),"1",MAZGAON,112.60,,Mahesh Mohite,2020-03-03 16:20:30.300,A,,true,false,,,,,57,7,,,,0,true,,,,,,97,Hindu Burning & Burial Ground,Signal Hill Avenue,Plot No. 294-B,Signal Hill Avenue,400010,5,"20701315
",false,,,false,false,4119,,,,,,,,,,false,
4210,26,"312020001","7",,,,A,SASSOON DOCK,"17/67",COLABA,55.74,,Mahesh Mohite,2020-03-03 16:20:30.300,A,mbpt_no,true,false, Date: 17-12-2019 User: mbpt_no <br>Remark: For sample<br> <br> Date: 17-12-2019 User: mbpt_hod <br>Remark: For sample<br>,,mbpt_hod,,58,12,mbpt_hod,,,0,true,,,,,,97,"15.25 M ROAD",PLOT-8,RR NO. 1727,PLOT -6,400005,1,"31202105",false,,,false,false,4210,,,,,,,,,,false,
4211,26,"312020002","8",,,,A,SASSOON DOCK,"17/67 ",COLABA,47.83,,Mahesh Mohite,2020-03-03 16:20:30.300,A,mbpt_no,true,false, Date: 17-12-2019 User: mbpt_no <br>Remark: For sample<br> <br> Date: 17-12-2019 User: mbpt_hod <br>Remark: For sample<br>,,mbpt_hod,,58,12,mbpt_hod,,,0,true,,,,,,97,P.T PASSAGE,DUMYANE ROAD,RR NO. 1727,PLOT NO. 9-A,400005,1,"31202249",false,,,false,false,4211,,,,,,,,,,false,
4220,26,"312020010","52",,,,A,SASSOON DOCK,"67",COLABA,57.60,,Mahesh Mohite,2020-03-03 16:20:30.300,A,mbpt_no,true,false, Date: 18-12-2019 User: mbpt_no <br>Remark: For sample<br> <br> Date: 18-12-2019 User: mbpt_hod <br>Remark: For sample<br>,,mbpt_hod,,58,12,mbpt_hod,,,0,true,,,,,,97,"12.2 M ROAD",PLOT NO-51,"15.25 M ROAD",RR NO. 1732,400005,1,"31202126",false,,,false,false,4220,,,,,,,,,,false,
4237,24,"311020001","162",,,,A,MODY BAY,"1106",FORT,226.68,,Mahesh Mohite,2020-03-03 16:20:30.300,A,,true,false,,,,,58,11,,,,0,true,,,,,,97,RR NO- 1525,RR NO - 1246 & RR NO - 1772 & RR NO - 1364,PLOT - 15-ML 6 & plot no 15-ML 5,CALICUT STREET,400001,1,"31102235",false,,,false,false,4237,,,,,,,,,,false,
4238,21,"310010005","164",,,,B,ELPHINSTON (WEST),"177",PRINCESS DOCK,113.34,,Mahesh Mohite,2020-03-03 16:20:30.300,A,,true,false,,,,,58,10,,,,0,true,,,,,,97,RR NO. 2050,F.P 133A,RAICHURE STREET,NARANDAS RAJARAM CO.,400009,2,"31001530",false,,,false,false,4238,,,,,,,,,,false,
4239,23,"311010001","947",,,,A,BALLARD ESTATE ,"41/1187",FORT,891.87,,Mahesh Mohite,2020-03-03 16:20:30.300,A,,true,false,,,,,58,11,,,,0,true,,,,,,97,P.T PASSAGE,NICOL ROAD,P.T PASSAGE,CURIMBHOY ROAD,400001,1,"31101224",false,,,false,false,4239,,,,,,,,,,false,
4240,24,"311020002","1066",,,,A,MODY BAY,"1/1208",FORT,496.47,,Mahesh Mohite,2020-03-03 16:20:30.300,A,,true,false,,,,,58,11,,,,0,true,,,,,,97,RR NO. 1959,SHAHID BHAGAT SING ROAD,OLD RR NO. 19,RR NO. 1295,400001,1,"31102128",false,,,false,false,4240,,,,,,,,,,false,
4241,29,"312050001","1272",,,,A,APPOLO RECLAMATION ,"6/384",COLABA,661.47,,Mahesh Mohite,2020-03-03 16:20:30.300,A,mbpt_no,true,false, Date: 18-12-2019 User: mbpt_no <br>Remark: For sample<br> <br> Date: 18-12-2019 User: mbpt_hod <br>Remark: For sample<br>,,mbpt_hod,,58,12,mbpt_hod,,,0,true,,,,,,97,MEREWETHER ROAD,RR NO. 1230,GARDEN ROAD,RR NO. 1251,400001,1,"31205234",false,,,false,false,4241,,,,,,,,,,false,
4242,24,"311020003","1371",,,,A,MODY BAY,"1157",FORT,270.16,,Mahesh Mohite,2020-03-03 16:20:30.300,A,,true,false,,,,,58,11,,,,0,true,,,,,,97,B.P.T RAILWAY MANAGERS OFFICE,YASIF BUILDING RR NO. 2082,GOA STREET,RR NO. 1377,400001,1,"31102138",false,,,false,false,4242,,,,,,,,,,false,
4243,24,"311020004","1411",,,,A,MODY BAY,"1193",FORT,1663.24,,Mahesh Mohite,2020-03-03 16:20:30.300,A,,true,false,,,,,58,11,,,,0,true,,,,,,97,RR NO. 2031 & RR NO.1322,RR NO. 1626 & RR NO. 1664,WALCHAND HIRACHAND MARG,GOA STREET,400001,1,"31102123",false,,,false,false,4243,,,,,,,,,,false,
4262,26,"312020013", COMPT G SAGAR P.GDN.B314A308:D314M307C308:D309,,,,A,SASSOON DOCK,"24838",COLABA,662.89,,Mahesh Mohite,2020-03-03 16:20:30.300,A,mbpt_no,true,false, Date: 16-12-2019 User: mbpt_no <br>Remark: for sample<br> <br> Date: 16-12-2019 User: mbpt_hod <br>Remark: For sample<br>,,mbpt_hod,,58,12,mbpt_hod,,,0,true,,,,,,97,H RR NO.1773,"15.25 M ROAD",P.T PASSAGE,F RR NO.1773,400005,1,"31202120, 31202121",false,,,false,false,4262,,,,,,,,,,false,
5276,38,"413040135","43834",,,,E,LAKRI BUNDER,"1",MAZAGAON,204.37,,Mahesh Mohite,2020-03-03 16:20:30.300,A,,true,false,,,,,59,13,,,,0,true,,,,,,97,PLOT NO.5-1,PLOT NO.3-1,LAKRI BUNDER NORTH ROAD,LAKRI BUNDER ROAD,400010,5,"41304523",false,,,false,false,5276,,,,,,,,,,false,
4263,24,"311020017",A(PORTION OF OLD RR 1768),,,,A,MODY BAY,"1112",FORT,1010.32,,Mahesh Mohite,2020-03-03 16:20:30.300,A,,true,false,,,,,58,11,,,,0,true,,,,,,97,INDIAN MERCANTILE CHAMBERS VULCAN HOUSE,MUNCIPAL PRIMARY SCHOOL,ADI MARZBON PATH (MANGLORE STREET),CULICUT STREET,400001,1,"31102224",false,,,false,false,4263,,,,,,,,,,false,
4264,21,"310010006","01 RR 1576",,,,B,ELPHINSTON (WEST),"50",PRINCESS DOCK,279.54,,Mahesh Mohite,2020-03-03 16:20:30.300,A,,true,false,,,,,58,10,,,,0,true,,,,,,97,RR NO. 1589,RR NO. 1570,BROACH STREET,FP-59-E,400009,2,"31001222",false,,,false,false,4264,,,,,,,,,,false,
4265,23,"311010002","1 2&6 BEARING R R NO 970",,,,A,BALLARD ESTATE ,"6/1187",FORT,2245.37,,Mahesh Mohite,2020-03-03 16:20:30.300,A,,true,false,,,,,58,11,,,,0,true,,,,,,97,WALCHAN HIRAACHAND MARG,J.N HAREDIA MARG,P.T. PASSAGE,SHOORJI VALLABHDAS MARG,400001,1,"31101101",false,,,false,false,4265,,,,,,,,,,false,
4299,23,"311010009","15 BEARING R R NO 923",,,,A,BALLARD ESTATE ,"15/1187",FORT,1041.62,,Mahesh Mohite,2020-03-03 16:20:30.300,A,,true,false,,,,,58,11,,,,0,true,,,,,,97,P.T. PAASAGE,P.T. PAASAGE,P.T. PAASAGE,NAROTTAM MORARJI MARG,400001,1,"31101116",false,,,false,false,4299,,,,,,,,,,false,
4300,21,"310010025","155 (OLD Y.T)",,,,B,ELPHINSTON (WEST),"167",PRINCESS DOCK,1270.91,,Mahesh Mohite,2020-03-03 16:20:30.300,A,,true,false,,,,,58,10,,,,0,true,,,,,,97,ADAM TRADING O.P 159-D ,CLIVE ROAD,POONA STREET,KALYAN STREET,400009,2,"31001517",false,,,false,false,4300,,,,,,,,,,false,
4334,23,"311010026","27 BEARING R R NO 955",,,,A,BALLARD ESTATE ,"27/1187",FORT,594.21,,Mahesh Mohite,2020-03-03 16:20:30.300,A,,true,false,,,,,58,11,,,,0,true,,,,,,97,WALCHAND HIRACHAND MARG,P.T. PASSAGE,P.T. PASSAGE,P.T. PASSAGE,400001,1,"31101133",false,,,false,false,4334,,,,,,,,,,false,
4359,26,"312020031","36 C/D",,,,A,SASSOON DOCK,"67",COLABA,2.23,,Mahesh Mohite,2020-03-03 16:20:30.300,A,mbpt_no,true,false, Date: 18-12-2019 User: mbpt_no <br>Remark: For sample<br> <br> Date: 18-12-2019 User: mbpt_hod <br>Remark: For sample<br>,,mbpt_hod,,58,12,mbpt_hod,,,0,true,,,,,,97,P.T PASSAGE,P.T PASSAGE,PLOT NO-36C-e,PLOT NO-36C-c,400005,1,"31202210",false,,,false,false,4359,,,,,,,,,,false,
4364,23,"311010035","38 BEARING RR 918",,,,A,BALLARD ESTATE ,"38/1187",FORT,1373.11,,Mahesh Mohite,2020-03-03 16:20:30.300,A,,true,false,,,,,58,11,,,,0,true,,,,,,97,P.T. PASSAGE,KAMANI MARG,CURRIMBHOY ROAD,J.N. HERADIA MARG,400001,1,"31101218",false,,,false,false,4364,,,,,,,,,,false,
4388,21,"310010042","78 ARGYLE ROAD",,,,B,ELPHINSTON (WEST),FP No.71,PRINCESS DOCK,13.94,,Mahesh Mohite,2020-03-03 16:20:30.300,A,,true,false,,,,,58,10,,,,0,true,,,,,,97,SANT TUKKARAM ROAD,CENTRAL RAILWAY,"73-2",LOKMANYA TILAK ROAD,400009,2,"31001338",false,,,false,false,4388,,,,,,,,,,false,
4389,21,"310010043","78/2 ARGYLE ROAD",,,,B,ELPHINSTON (WEST),FP No.71,PRINCESS DOCK,6.13,,Mahesh Mohite,2020-03-03 16:20:30.300,A,,true,false,,,,,58,10,,,,0,true,,,,,,97,SANT TUKKARAM ROAD,CENTRAL RAILWAY,Y.T-49,MT-78,400009,2,"31001335",false,,,false,false,4389,,,,,,,,,,false,
4390,23,"311010045","8 BEARING R R NO 922",,,,A,BALLARD ESTATE ,"8/1187",FORT,520.44,,Mahesh Mohite,2020-03-03 16:20:30.300,A,,true,false,,,,,58,11,,,,0,true,,,,,,97,J.N HERADIA MARG,P.T PASSAGE,P.T PASSAGE,P.T PASSAGE,400001,1,"31101109",false,,,false,false,4390,,,,,,,,,,false,
4396,23,"311010046","9 BEARING R R NO 877",,,,A,BALLARD ESTATE ,"9/1187",FORT,478.26,,Mahesh Mohite,2020-03-03 16:20:30.300,A,,true,false,,,,,58,11,,,,0,true,,,,,,97,J.N HERADIA MARG,P.T. PASSAGE,P.T. PASSAGE,P.T. PASSAGE,400001,1,"31101110",false,,,false,false,4396,,,,,,,,,,false,
4404,27,"312030002",AT VICTORIA BASIN,,,,A,VICTORIA BUNDER,"67",COLABA,13985.34,,Mahesh Mohite,2020-03-03 16:20:30.300,A,mbpt_no,true,false, Date: 18-12-2019 User: mbpt_no <br>Remark: For sample<br> <br> Date: 18-12-2019 User: mbpt_hod <br>Remark: For sample<br>,,mbpt_hod,,58,12,mbpt_hod,,,0,true,,,,,,97,WHARF,WHARF,SITE,P.T PASSAGE,400005,1,"31203329",false,,,false,false,4404,,,,,,,,,,false,
4405,23,"311010048",B EAST OF R.R.947,,,,A,BALLARD ESTATE , , ,11.71,,Mahesh Mohite,2020-03-03 16:20:30.300,A,,true,false,,,,,58,11,,,,0,true,,,,,,97,P.T. PASSAGE,NICOL ROAD,BHARAT PETROLEUM CORPORATION LTD.,CUMRIMBHOY ROAD,400001,1,"31101225",false,,,false,false,4405,,,,,,,,,,false,
4406,23,"311010049",BEHIND R R 874,,,,A,BALLARD ESTATE , ,FORT,20.31,,Mahesh Mohite,2020-03-03 16:20:30.300,A,,true,false,,,,,58,11,,,,0,true,,,,,,97,P.T PASSAGE,SPROTT ROAD,P.T PASSAGE,P.T PASSAGE,400001,1,"31101236",false,,,false,false,4406,,,,,,,,,,false,
4439,21,"310010079",F.P.94,,,,B,ELPHINSTON (WEST),"87",PRINCESS DOCK,470.55,,Mahesh Mohite,2020-03-03 16:20:30.300,A,,true,false,,,,,58,10,,,,0,true,,,,,,97,RR NO. 1166,RR NO. 1046,F.P 95,SURAT STREET,400009,2,"31001431",false,,,false,false,4439,,,,,,,,,,false,
4420,21,"310010062",F P NO 127A,,,,B,ELPHINSTON (WEST),"170",PRINCESS DOCK,579.62,,Mahesh Mohite,2020-03-03 16:20:30.300,A,,true,false,,,,,58,10,,,,0,true,,,,,,97,JANI ROAD,F.P 127B,POPAT,KALYAN STREET,400009,2,"31001513",false,,,false,false,4420,,,,,,,,,,false,
4421,21,"310010063",F P NO 127-C,,,,B,ELPHINSTON (WEST),"168",PRINCESS DOCK,544.97,,Mahesh Mohite,2020-03-03 16:20:30.300,A,,true,false,,,,,58,10,,,,0,true,,,,,,97,PURUSHOTTAM CHATURBHUJI & ORS O.P 160,F.P 127D,F.P 128C ADAMJI TRADING,KALYAN STREET,400009,2,"31001515",false,,,false,false,4421,,,,,,,,,,false,
4454,21,"310010093",FP NO 29 JUN'ON PLOT POONA ST.,,,,B,ELPHINSTON (WEST),"124",PRINCESS DOCK,899.67,,Mahesh Mohite,2020-03-03 16:20:30.300,A,,true,false,,,,,58,10,,,,0,true,,,,,,97,PLOT NO. 13 MT,NANDLAL JANI ROAD,SHOLAPUR STREET,POONA STREET,400009,2,"31001140",false,,,false,false,4454,,,,,,,,,,false,
4455,21,"310010094",FP NO67 F JUNCTION OF SANT TDK,,,,B,ELPHINSTON (WEST),FP No.67,PRINCESS DOCK,422.43,,Mahesh Mohite,2020-03-03 16:20:30.300,A,,true,false,,,,,58,10,,,,0,true,,,,,,97,F.P 67E,SANT TUKARAM ROAD,F.P 66F,YT 71,400009,2,"31001322",false,,,false,false,4455,,,,,,,,,,false,
4456,21,"310010095",FP64E AHMEDABAD ST.,,,,B,ELPHINSTON (WEST),FP No.64,PRINCESS DOCK,492.01,,Mahesh Mohite,2020-03-03 16:20:30.300,A,,true,false,,,,,58,10,,,,0,true,,,,,,97,YT 108,YT 109 LEASE,F.P 61 Y.T 111,AHEMDABAD STREET,400009,2,"31001247",false,,,false,false,4456,,,,,,,,,,false,
4459,26,"312020038",GDN NO 168,,,,A,SASSOON DOCK,"67",COLABA,46.66,,Mahesh Mohite,2020-03-03 16:20:30.300,A,mbpt_no,true,false, Date: 21-12-2019 User: mbpt_no <br>Remark: For sample<br> <br> Date: 27-12-2019 User: mbpt_hod <br>Remark: For sample<br>,,mbpt_hod,,58,12,mbpt_hod,,,0,true,,,,,,97,F RR NO. 1773,CORN PRODUCTS CO. (INDIA) LTD.,PLOT NO-58,"12.2 M ROAD",400005,1,"31202122, 31202123",false,,,false,false,4459,,,,,,,,,,false,
4468,19,"309010020",HOUSE GALLY TO SOUTH OF RR 974,,,,A,ELPHINSTON (EAST), , ,46.59,,Mahesh Mohite,2020-03-03 16:20:30.300,A,,true,false,,,,,58,9,,,,0,true,,,,,,97,ENGINE HOUSE,EAST ISLAND FREE WAY,RR NO. 974,P.T PASSAGE,400009,1,"30901419",false,,,false,false,4468,,,,,,,,,,false,
4481,24,"311020022",LEASE OF PLOT AT KHALASIS QRTS,,,,A,MODY BAY,"1154",FORT,311.54,,Mahesh Mohite,2020-03-03 16:20:30.300,A,,true,false,,,,,58,11,,,,0,true,,,,,,97,RR NO. 1337,HARBOUR PLOICE STAION GOV.LAND,RR NO. 639,VAJU KOTAK MARG (KARWAR STREET),400001,1,"31102326",false,,,false,false,4481,,,,,,,,,,false,
4484,21,"310010103",M T 160 (OLD Y.T.),"","","",B,ELPHINSTON (WEST),FP No.52,PRINCESS DOCK,576.83,,Mahesh Mohite,2020-03-03 16:20:30.300,A,mmahesh_no,true,false,,,ksache_hod,,58,10,ksache_hod,"","",0,true,"","",,,,104,Trustee's land no oldrr no1336,Trustee's land ,Trustee's land Bearingno FP52C,Trustee's land no FP53&54,400009,2,"31001218",false,1873-01-01,,false,false,4484,,,,,,,,,,false,
4487,29,"312050007",MILK BOOTH N'R.GAT'Y OF INDIA.,,,,A,APPOLO RECLAMATION ,"385", COLABA,28.44,,Mahesh Mohite,2020-03-03 16:20:30.300,A,mbpt_no,true,false, Date: 21-12-2019 User: mbpt_no <br>Remark: For sample<br> <br> Date: 21-12-2019 User: mbpt_hod <br>Remark: For sample<br>,,mbpt_hod,,58,12,mbpt_hod,,,0,true,,,,,,97,CHATRAPATI SHAVAJI MAHARAJ MARG.,P.T PASSAGE,ADAM STREET,P.T PASSAGE,400005,1,"31205314",false,,,false,false,4487,,,,,,,,,,false,
4508,21,"310010126",MT PLOTNO 210 AHAMADABAD ST.,,,,B,ELPHINSTON (WEST),FP No.66,PRINCESS DOCK,122.91,,Mahesh Mohite,2020-03-03 16:20:30.300,A,,true,false,,,,,58,10,,,,0,true,,,,,,97,Y.T-55,Y.T-202,AHEMDABAD STREET,Y.T 59,400009,2,"31001301",false,,,false,false,4508,,,,,,,,,,false,
4509,21,"310010127",MT-120 (OLD Y.T.)BARODA ST,,,,B,ELPHINSTON (WEST),FP No.64,PRINCESS DOCK,466.74,,Mahesh Mohite,2020-03-03 16:20:30.300,A,,true,false,,,,,58,10,,,,0,true,,,,,,97,Y.T- 118,RR NO. 1282,BARODA STREET,FP-64C,400009,2,"31001240",false,,,false,false,4509,,,,,,,,,,false,
8207,19,"309010131",OLD RR 1512 AT GAMADIA  ROAD, , , ,A WARD , ,,FORT,134.71,,Mahesh Mohite,2020-07-15 12:13:57.570,A,,true,false, ,,,,58,9,nihar, , ,0,true, , , ,,,97, , , , ,,,"30901133",false,,,false,false,8207,,,,,,,,,,false,
5289,42,"413080038",,,,,F/S,BRICK BUNDER,"145",PAREL-SEWERI,160.26,,Mahesh Mohite,2020-03-03 16:20:30.300,A,,true,false,,,,,59,13,,,"43-A",0,true,,,,,,97,PLOT NO.42-A,PLOT NO.44-A,P.T. ROAD,PLOT NO.52-A,400010,7,"41308145",true,,,false,false,5289,,,,,,,,,,false,
4510,23,"311010053",N P T BEHIND R R 900,,,,A,BALLARD ESTATE ,"21/1187",FORT,18.03,,Mahesh Mohite,2020-03-03 16:20:30.300,A,,true,false,,,,,58,11,,,,0,true,,,,,,97,MERCANTILE CHAMBER ," 21, FELTHAM HOUSE",P.T PASSAGE,J.N HERADIA MARG,400001,1,"31101240",false,,,false,false,4510,,,,,,,,,,false,
4511,29,"312050008",NEAR GATEWAY OF INDIA,,,,A,APPOLO RECLAMATION ,"385",COLABA,26.01,,Mahesh Mohite,2020-03-03 16:20:30.300,A,mbpt_no,true,false, Date: 20-12-2019 User: mbpt_no <br>Remark: For sample<br> <br> Date: 20-12-2019 User: mbpt_hod <br>Remark: For sample<br>,,mbpt_hod,,58,12,mbpt_hod,,,0,true,,,,,,97,P.T PASSAGE,P.T PASSAGE,CHATRAPATI SHAVAJI MAHARAJ MARG.,P.T PASSAGE,400005,1,"31205312",false,,,false,false,4511,,,,,,,,,,false,
4512,24,"311020023",NEW R.R. 2093,,,,A,MODY BAY,"1097",FORT,489.13,,Mahesh Mohite,2020-03-03 16:20:30.300,A,,true,false,,,,,58,11,,,,0,true,,,,,,97,Y.T NO. 13,RR NO. 1252 & RR NO. 1150,CALICUT STREET,COACHIN STREET,400001,1,"31102248",false,,,false,false,4512,,,,,,,,,,false,
4513,29,"312050009",NEW R.R.2100 (OLD RR 1312),,,,A,APPOLO RECLAMATION ,"458",COLABA,1456.99,,Mahesh Mohite,2020-03-03 16:20:30.300,A,mbpt_no,true,false, Date: 20-12-2019 User: mbpt_no <br>Remark: For sample<br> <br> Date: 20-12-2019 User: mbpt_hod <br>Remark: For sample<br>,,mbpt_hod,,58,12,mbpt_hod,,,0,true,,,,,,97,RR NO. 1399,SHAHID BHAGAT SINGH ROAD,LANSDOWN ROAD,RR NO. 1677,400005,1,"31205121",false,,,false,false,4513,,,,,,,,,,false,
4514,21,"310010128",NO 1226 MASJID SIDING RD,,,,B,ELPHINSTON (WEST),"109",PRINCESS DOCK,1107.87,,Mahesh Mohite,2020-03-03 16:20:30.300,A,,true,false,,,,,58,10,,,,0,true,,,,,,97,RR NO. 1362,FP-34,MATERNITY HOME,RR NO. 1084,400009,2,"31001131",false,,,false,false,4514,,,,,,,,,,false,
4515,19,"309010023",OLD 1628,,,,B,ELPHINSTON (EAST),"43854",PRINCESS DOCK,218.79,,Mahesh Mohite,2020-03-03 16:20:30.300,A,,true,false,,,,,58,9,,,,0,true,,,,,,97,P.T PASSAGE,MANSION ROAD,RR NO. 1619,RR NO. 1599,400009,2,"30901209",false,,,false,false,4515,,,,,,,,,,false,
4522,19,"309010027",OLD R R 1617 MANSON RD,,,,B,ELPHINSTON (EAST),"33/1",PRINCESS DOCK,129.60,,Mahesh Mohite,2020-03-03 16:20:30.300,A,,true,false,,,,,58,9,,,,0,true,,,,,,97,FLY OVER,MANSION ROAD,RR NO. 1611,RR NO. 1633,400009,2,"30901217",false,,,false,false,4522,,,,,,,,,,false,
4523,19,"309010028",OLD R R 1619,,,,B,ELPHINSTON (EAST),"43856",PRINCESS DOCK,207.64,,Mahesh Mohite,2020-03-03 16:20:30.300,A,,true,false,,,,,58,9,,,,0,true,,,,,,97,FLY OVER ,MANSION ROAD,RR NO. 1652,RR NO. 1599,400009,2,"30901212",false,,,false,false,4523,,,,,,,,,,false,
4553,24,"311020039",OLD R.R.1394,,,,A,MODY BAY,"1145",FORT,193.24,,Mahesh Mohite,2020-03-03 16:20:30.300,A,,true,false,,,,,58,11,,,,0,true,,,,,,97,SHAHID BHAGATSING ROAD,P.T PASSAGE,RR NO. 1354,RR NO. 2032,400001,1,"31102305",false,,,false,false,4553,,,,,,,,,,false,
4555,24,"311020040",OLD R.R.1871,,private structure ,,A,MODY BAY,"1135",FORT,321.91,,Mahesh Mohite,2020-03-03 16:20:30.300,A,,true,false,,,,,58,11,,,,0,true,,,,,,97,P.T PASSAGE,SHAHID BHAGAT SINGH ROAD,P.T PASSAGE,RR NO. 1308,400001,1,"31102307",false,,,false,false,4555,,,,,,,,,,false,
5487,14,"206010030","33",,,,,MAZGAON TANK BUNDER,"26/671",MAZGAON,58.06,,Mahesh Mohite,2020-03-03 16:20:30.300,A,,true,false,,,,,57,6,do_CD_shreyas,,,0,true,,,,,,97,Ghorupdeao Cross Road  No 3,PLOT NO.36,PLOT NO.32,PLOT NO.34,400010,5,"20601131
",false,,,false,false,5487,,,,,,,,,,false,
4649,23,"311010057",PLOT OF LAND BEHIND RR942 &955,,,,A,BALLARD ESTATE ,"28/1187",FORT,10.68,,Mahesh Mohite,2020-03-03 16:20:30.300,A,,true,false,,,,,58,11,,,,0,true,,,,,,97,WALCHAND HIRACHAND MARG,P.T PASSAGE,"27 R.P.L HOUSE",UDYOUG BHAVAN,400001,1,"31101247",false,,,false,false,4649,,,,,,,,,,false,
4652,21,"310010160",PORTION OF F P 59E,,,,B,ELPHINSTON (WEST),"40",PRINCESS DOCK,364.97,,Mahesh Mohite,2020-03-03 16:20:30.300,A,,true,false,,,,,58,10,,,,0,true,,,,,,97,FP-52A,FP-59D  ,RR NO. 1576 & RR NO.1570,BARODA STREET,400009,2,"31001230",false,,,false,false,4652,,,,,,,,,,false,
4704,21,"310010171",R R NO 1190 CORNER OF MASJID,,,,B,ELPHINSTON (WEST),"129",PRINCESS DOCK,724.74,,Mahesh Mohite,2020-03-03 16:20:30.300,A,,true,false,,,,,58,10,,,,0,true,,,,,,97,RR NO. 1191,NANDAL JANI ROAD,RR NO. 1086 & RR NO. 1087,MASJID SIDING ROAD,400009,2,"31001204",false,,,false,false,4704,,,,,,,,,,false,
8239,19,"309010154",OLD R R 1828, , , ,B WARD , ,"62/1",PRINCESS DOCK,194.26,,Mahesh Mohite,2020-07-15 12:13:57.570,A,,true,false, ,,,,58,9,nihar, , ,0,true, , , ,,,97, , , , ,,,"30901227",false,,,false,false,8239,,,,,,,,,,false,
4742,24,"311020060",R R NO 1664,,,,A,MODY BAY,"1200_1201",FORT,759.02,,Mahesh Mohite,2020-03-03 16:20:30.300,A,,true,false,,,,,58,11,,,,0,true,,,,,,97,REX CHAMBERS RR NO. 1411,RR NO. 1400,RR NO. 1626,GOA STREET,400001,1,"31102133",false,,,false,false,4742,,,,,,,,,,false,
4760,24,"311020062",R R NO 1977,,,,A,MODY BAY,"1/1190",FORT,395.95,,Mahesh Mohite,2020-03-03 16:20:30.300,A,,true,false,,,,,58,11,,,,0,true,,,,,,97,RR NO. 1704,RR NO. 1322,JAHAZ BHAVAN GOVT. LAND,GOA STREET,400001,1,"31102135",false,,,false,false,4760,,,,,,,,,,false,
4790,24,"311020070",R.R.1198,,,,A,MODY BAY,"1130",FORT,208.56,,Mahesh Mohite,2020-03-03 16:20:30.300,A,,true,false,,,,,58,11,,,,0,true,,,,,,97,P.T PASSAGE,RR NO. 1969,P.T PASSAGE,RR NO. 1344,400001,1,"31102312",false,,,false,false,4790,,,,,,,,,,false,
4814,24,"311020092",R.R.1996,,,,A,MODY BAY,"1111",FORT,480.12,,Mahesh Mohite,2020-03-03 16:20:30.300,A,,true,false,,,,,58,11,,,,0,true,,,,,,97,OLD RR NO. 1768,MBPT. GWSD CHOWKEY,MUNCIPAL PRIMARY SCHOOL,CULICUT STREET,400001,1,"31102238",false,,,false,false,4814,,,,,,,,,,false,
8240,19,"309010155",OLD R R 1887, , , ,B WARD , ,"55/1",PRINCESS DOCK,261.73,,Mahesh Mohite,2020-07-15 12:13:57.570,A,,true,false, ,,,,58,9,nihar, , ,0,true, , , ,,,97, , , , ,,,"30901230",false,,,false,false,8240,,,,,,,,,,false,
4895,21,"310010196",RR940 BET'N RAICHUR ST.&SHOLAP,,,,B,ELPHINSTON (WEST),FP No.9,PRINCESS DOCK,3692.90,,Mahesh Mohite,2020-03-03 16:20:30.300,A,,true,false,,,,,58,10,,,,0,true,,,,,,97,F.E 08,PLOT F.E 10C & F.E 11C NO. 08MT,RAICHUR STREET,SHOLAPUR STREET,400009,2,"31001110",false,,,false,false,4895,,,,,,,,,,false,
4896,26,"312020070",SHED ON PLOT NO 24 A,,,,A,SASSOON DOCK,"67",COLABA,8.50,,Mahesh Mohite,2020-03-03 16:20:30.300,A,mbpt_no,true,false, Date: 17-12-2019 User: mbpt_no <br>Remark: For sample<br> <br> Date: 17-12-2019 User: mbpt_hod <br>Remark: For sample<br>,,mbpt_hod,,58,12,mbpt_hod,,,0,true,,,,,,97,P.T PASSAGE,MBPT GODOWN MT-162.,P.T PASSAGE,P.T PASSAGE,400005,1,"31202141",false,,,false,false,4896,,,,,,,,,,false,
4898,23,"311010062",SOUTH OF R R NO 935,,,,A,BALLARD ESTATE ,"1187",FORT,79.90,,Mahesh Mohite,2020-03-03 16:20:30.300,A,,true,false,,,,,58,11,,,,0,true,,,,,,97,J.N HERADIA MARG,P.T. PASSAGE,NAROTTAM MORARJI MARG,P.T. PASSAGE,400001,1,"31101114",false,,,false,false,4898,,,,,,,,,,false,
4900,23,"311010063",SUBSTATION ON TRIANGULAR PLOT,,,,A,BALLARD ESTATE , ,FORT,58.37,,Mahesh Mohite,2020-03-03 16:20:30.300,A,,true,false,,,,,58,11,,,,0,true,,,,,,97,P.T PASSAGE,P.T PASSAGE,R.G,P.T PASSAGE,400001,1,"31101303",false,,,false,false,4900,,,,,,,,,,false,
4902,21,"310010198",UNIT NO2 COMPTTB CLIVE RD,,,,B,ELPHINSTON (WEST),#N/A,#N-A,11.61,,Mahesh Mohite,2020-03-03 16:20:30.300,A,,true,false,,,,,58,10,,,,0,true,,,,,,97,FP-08 & MT-06,PLOT No. 8-MT,RAICHUR STREET,SHOLAPUR STREET,400009,2,"31001611",false,,,false,false,4902,,,,,,,,,,false,
4904,26,"312020071",WEST OF GODOWN NO 166,,,,A,SASSOON DOCK,"67",COLABA,48.12,,Mahesh Mohite,2020-03-03 16:20:30.300,A,mbpt_no,true,false, Date: 17-12-2019 User: mbpt_no <br>Remark: For sample<br> <br> Date: 17-12-2019 User: mbpt_hod <br>Remark: For sample<br>,,mbpt_hod,,58,12,mbpt_hod,,,0,true,,,,,,97,"15.25 M ROAD",DUMYANE ROAD,B.P.T OFFICE,RR NO.1919,400005,1,"31202112",false,,,false,false,4904,,,,,,,,,,false,
4905,21,"310010199",Y T 166,,,,B,ELPHINSTON (WEST),FP No.75,PRINCESS DOCK,24.90,,Mahesh Mohite,2020-03-03 16:20:30.300,A,,true,false,,,,,58,10,,,,0,true,,,,,,97,P.T PASSAGE,OLD RR NO. 562,Y.T 33,Y.T-156,400009,2,"31001348",false,,,false,false,4905,,,,,,,,,,false,
4906,21,"310010200",Y T 230,,,,B,ELPHINSTON (WEST),FP-6,PRINCESS DOCK,918.53,,Mahesh Mohite,2020-03-03 16:20:30.300,A,no_dilip,true,false, Date: 28-11-2019 User: no_dilip <br>Remark: <br> <br> Date: 28-11-2019 User: mbpt_hod <br>Remark: <br>,,mbpt_hod,,58,10,mbpt_hod,,,0,true,,,,,,97,M.T-04,NANDLAL JANI ROAD,P. T. ROAD,RAICHUR STREET,400009,2,"31001107",false,,,false,false,4906,,,,,,,,,,false,
4942,40,"413060010",,,,,E,NEW TANK BUNDER,"1",MAZAGAON,1373.67,,Mahesh Mohite,2020-03-03 16:20:30.300,A,,true,false,,,,,59,13,,,"325",0,true,,,,,,97,PLOT NO.326-A,MbPT LAND,TANK BUNDER ROAD,MbPT LAND,400010,5,"41306225",false,,,false,false,4942,,,,,,,,,,false,
4947,38,"413040001",,,,,E,LAKRI BUNDER,"1",MAZAGAON,275.92,,Mahesh Mohite,2020-03-03 16:20:30.300,A,,true,false,,,,,59,13,,,"43831",0,true,,,,,,97,LAKRI BUNDER,PLOT NO.2/1,LAKRI BUNDER NORTH ROAD,LAKRI BUNDER ROAD,400010,5,"41304502",false,,,false,false,4947,,,,,,,,,,false,
4948,37,"413030001",,,,,E,LAKRI BUNDER,"1", MAZAGAON,60.00,,Mahesh Mohite,2020-03-03 16:20:30.300,A,,true,false,,,,,59,13,,,"43832",0,true,,,,,,97,PLOT NO.3-1,PLOT NO.1-1,LAKRI BUNDER NORTH ROAD,LAKRI BUNDER ROAD,400010,5,"41303101",false,,,false,false,4948,,,,,,,,,,false,
8242,19,"309010157",OLD R R 1827, , , ,B WARD , ,"49/1",PRINCESS DOCK,194.72,,Mahesh Mohite,2020-07-15 12:13:57.570,A,,true,false, ,,,,58,9,nihar, , ,0,true, , , ,,,97, , , , ,,,"30901237",false,,,false,false,8242,,,,,,,,,,false,
4980,40,"413060019",,,,,E,NEW TANK BUNDER,"1",MAZAGAON,642.15,,Mahesh Mohite,2020-03-03 16:20:30.300,A,,true,false,,,,,59,13,,,"113-8",0,true,,,,,,97,PLOT NO.112-8,PLOT NO.114-8,PLOT NO.113A-8,MbPT ROAD,400010,5,"41306205",false,,,false,false,4980,,,,,,,,,,false,
5016,38,"413040044",,,,,E,LAKRI BUNDER,"1",MAZAGAON,127.74,,Mahesh Mohite,2020-03-03 16:20:30.300,A,,true,false,,,,,59,13,,,"139-7",0,true,,,,,,97,PLOT NO.140-7,PLOT NO.138-7,LAKRI BUNDER ROAD,PLOT NO.149-7,400010,5,"41304322",false,,,false,false,5016,,,,,,,,,,false,
5051,38,"413040072",,,,,E,LAKRI BUNDER,"1",MAZAGAON,46.45,,Mahesh Mohite,2020-03-03 16:20:30.300,A,,true,false,,,,,59,13,,,"162-9",0,true,,,,,,97,PLOT NO.163-9,PLOT NO.161B-9,LAKRI BUNDER SOUTH ROAD,PT LAND,400010,5,"41304421",false,,,false,false,5051,,,,,,,,,,false,
5052,38,"413040073",,,,,E,LAKRI BUNDER,"1",MAZAGAON,46.45,,Mahesh Mohite,2020-03-03 16:20:30.300,A,,true,false,,,,,59,13,,,"163-9",0,true,,,,,,97,PLOT NO.164-9,PLOT NO.162-9,LAKRI BUNDER SOUTH ROAD,PT LAND,400010,5,"41304515",false,,,false,false,5052,,,,,,,,,,false,
5089,42,"413080008",,,,,F/S,BRICK BUNDER,"436/145",PAREL-SEWERI,92.90,,Mahesh Mohite,2020-03-03 16:20:30.300,A,,true,false,,,,,59,13,,,"18A-C",0,true,,,,,,97,PT LAND,PLOT NO.22-C,P.T. ROAD,PLOT NO.18B-C,400010,7,"41308115",true,,,false,false,5089,,,,,,,,,,false,
5125,39,"413050019",,,,,E,COAL BUNDER,"1",MAZAGAON,139.35,,Mahesh Mohite,2020-03-03 16:20:30.300,A,,true,false,,,,,59,13,,,"220A-4",0,true,,,,,,97,PT LAND,MbPT ROAD,COAL BUNDER ROAD,PLOT NO.220,400010,5,"41305307",true,,,false,false,5125,,,,,,,,,,false,
5161,39,"413050046",,,,,E,COAL BUNDER,"1",MAZAGAON,551.84,,Mahesh Mohite,2020-03-03 16:20:30.300,A,,true,false,,,,,59,13,,,"243-4A",0,true,,,,,,97,PLOT NO.244-4A,PT ROAD,WHARF ROAD,COAL BUNDER ROAD,400010,5,"41305125",true,,,false,false,5161,,,,,,,,,,false,
5197,39,"413050073",,,,,E,COAL BUNDER,"1",MAZAGAON,102.19,,Mahesh Mohite,2020-03-03 16:20:30.300,A,,true,false,,,,,59,13,,,"274-16",0,true,,,,,,97,MbPT ROAD,PLOT NO.275,"PLOT NO.277,278-16",MbPT ROAD,400010,5,"41305239",true,,,false,false,5197,,,,,,,,,,false,
5252,38,"413040126","32/1",,,,E,LAKRI BUNDER,"1",MAZAGAON,143.07,,Mahesh Mohite,2020-03-03 16:20:30.300,A,,true,false,,,,,59,13,,,,0,true,,,,,,97,PLOT NO.33-1,PLOT NO.31-1,"PLOT NO.21-1,22-1,22A-1",LAKRI BUNDER ROAD,400010,5,"41304528",false,,,false,false,5252,,,,,,,,,,false,
5253,42,"413080026",,,,,F/S,BRICK BUNDER,"437/145",PAREL-SEWERI,232.26,,Mahesh Mohite,2020-03-03 16:20:30.300,A,,true,false,,,,,59,13,,,"32-B",0,true,,,,,,97,MbPT ROAD,"PLOT NO.35A-B,35-B",PLOT NO.31-B,PLOT NO.32A-B,400010,7,"41308132",true,,,false,false,5253,,,,,,,,,,false,
5254,40,"413060036",,,,,E,NEW TANK BUNDER,"1",MAZAGAON,242.10,,Mahesh Mohite,2020-03-03 16:20:30.300,A,,true,false,,,,,59,13,,,"320-A",0,true,,,,,,97,PLOT NO.321-A,MbPT ROAD,PT LAND,PLOT NO.320-B,400010,5,"41306222",true,,,false,false,5254,,,,,,,,,,false,
5377,38,"413040186","78/4",,,,E,LAKRI BUNDER,"1",MAZAGAON,81.29,,Mahesh Mohite,2020-03-03 16:20:30.300,A,,true,false,,,,,59,13,,,,0,true,,,,,,97,plot no.80-4,PT LAND,plot no.77-4,"plot no.79-4,83-4",400010,5,"41304228",false,,,false,false,5377,,,,,,,,,,false,
5255,40,"413060037",,,,,E,NEW TANK BUNDER,"1",MAZAGAON,344.95,,Mahesh Mohite,2020-03-03 16:20:30.300,A,,true,false,,,,,59,13,,,"321-A",0,true,,,,,,97,PLOT NO.321-B,"PLOT NO.320-A,320-B,320-C",PT LAND,MbPT ROAD,400010,5,"41306223",true,,,false,false,5255,,,,,,,,,,false,
5256,40,"413060038",,,,,E,NEW TANK BUNDER,"1",MAZAGAON,800.18,,Mahesh Mohite,2020-03-03 16:20:30.300,A,,true,false,,,,,59,13,,,"326-A",0,true,,,,,,97,PLOT NO.326-B,PLOT NO.325,PT LAND,MbPT ROAD,400010,5,"41306216",true,,,false,false,5256,,,,,,,,,,false,
5257,40,"413060039",,,,,E,NEW TANK BUNDER,"1",MAZAGAON,579.53,,Mahesh Mohite,2020-03-03 16:20:30.300,A,,true,false,,,,,59,13,,,"326-B",0,true,,,,,,97,MbPT ROAD,PLOT NO.326-A,PT LAND,MbPT ROAD,400010,5,"41306217",true,,,false,false,5257,,,,,,,,,,false,
5258,42,"413080027",,,,,F/S,BRICK BUNDER,"437/145",PAREL-SEWERI,117.15,,Mahesh Mohite,2020-03-03 16:20:30.300,A,,true,false,,,,,59,13,,,"32A-B",0,true,,,,,,97,MbPT ROAD,PLOT NO.35A-B,PLOT NO.32-B,MbPT ROAD,400010,7,"41308133",true,,,false,false,5258,,,,,,,,,,false,
5259,38,"413040127","33/1",,,,E,LAKRI BUNDER,"1",MAZAGAON,107.30,,Mahesh Mohite,2020-03-03 16:20:30.300,A,,true,false,,,,,59,13,,,,0,true,,,,,,97,PLOT NO.34-1,PLOT NO.32-1,"PLOT NO.22A-1,23-1,24-1",LAKRI BUNDER ROAD,400010,5,"41304127",false,,,false,false,5259,,,,,,,,,,false,
5260,42,"413080028",,,,,F/S,BRICK BUNDER,"438/145",PAREL-SEWERI,46.45,,Mahesh Mohite,2020-03-03 16:20:30.300,A,,true,false,,,,,59,13,,,"33-B",0,true,,,,,,97,PLOT NO.34,MbPT ROAD,P.T.ROAD,PLOT NO.34,400010,7,"41308134",true,,,false,false,5260,,,,,,,,,,false,
5261,38,"413040128","34/1",,,,E,LAKRI BUNDER,"1",MAZAGAON,132.85,,Mahesh Mohite,2020-03-03 16:20:30.300,A,,true,false,,,,,59,13,,,,0,true,,,,,,97,PLOT NO.35-1,PLOT NO.33-1,"PLOT NO.25-1,26-1",LAKRI BUNDER ROAD,400010,5,"41304128",false,,,false,false,5261,,,,,,,,,,false,
5262,40,"413060040","34/B",,,,E,NEW TANK BUNDER,"1",MAZAGAON,62.71,,Mahesh Mohite,2020-03-03 16:20:30.300,A,,true,false,,,,,59,13,,,,0,true,,,,,,97,PLOT NO.35,PLOT NO.33,PT LAND,"PLOT NO.46-B,47-B,48-B",400010,5,"41306118",false,,,false,false,5262,,,,,,,,,,false,
5263,38,"413040129","35/1",,,,E,LAKRI BUNDER,"1",MAZAGAON,107.30,,Mahesh Mohite,2020-03-03 16:20:30.300,A,,true,false,,,,,59,13,,,,0,true,,,,,,97,PLOT NO.35A-1,PLOT NO.34-1,PLOT NO.27-1,LAKRI BUNDER ROAD,400010,5,"41304529",false,,,false,false,5263,,,,,,,,,,false,
5264,42,"413080029","35/B",,,,F/S,BRICK BUNDER,"437/145",PAREL-SEWERI,83.61,,Mahesh Mohite,2020-03-03 16:20:30.300,A,,true,false,,,,,59,13,,,,0,true,,,,,,97,"PLOT NO.31-B,32-B",PLOT NO.36-B,PLOT NO.33-B,PLOT NO.35A-B,400010,7,"41308136",false,,,false,false,5264,,,,,,,,,,false,
5265,38,"413040130","35A/1",,,,E,LAKRI BUNDER,"1",MAZAGAON,24.53,,Mahesh Mohite,2020-03-03 16:20:30.300,A,,true,false,,,,,59,13,,,,0,true,,,,,,97,PLOT NO.35-B,PLOT NO.35-1,PLOT NO.27-1,LAKRI BUNDER ROAD,400010,5,"41304129",false,,,false,false,5265,,,,,,,,,,false,
5266,42,"413080030","35A/B",,,,F/S,BRICK BUNDER,"437/145",PAREL-SEWERI,30.67,,Mahesh Mohite,2020-03-03 16:20:30.300,A,,true,false,,,,,59,13,,,,0,true,,,,,,97,"PLOT NO.32-B,32A-B",PLOT NO.36-A    ,PLOT NO.35-B,MbPT ROAD,400010,7,"41308137",true,,,false,false,5266,,,,,,,,,,false,
5267,38,"413040131","36/2",,,,E,LAKRI BUNDER,"1",MAZAGAON,76.65,,Mahesh Mohite,2020-03-03 16:20:30.300,A,,true,false,,,,,59,13,,,,0,true,,,,,,97,PLOT NO.39-2,MbPT LAND,LAKRI BUNDER NORTH ROAD,PLOT NO.37-2,400010,5,"41304132",false,,,false,false,5267,,,,,,,,,,false,
5268,42,"413080031","36/B",,,,F/S,BRICK BUNDER,"437/145",PAREL-SEWERI,195.10,,Mahesh Mohite,2020-03-03 16:20:30.300,A,,true,false,,,,,59,13,,,,0,true,,,,,,97,PLOT NO.35-B,MbPT ROAD,PLOT NO.33-B,PLOT NO.36-A,400010,7,"41308138",false,,,false,false,5268,,,,,,,,,,false,
5269,42,"413080032","36A BLOCK 'B' AT BRICK BUNDER",,,,F/S,BRICK BUNDER,"437/145",PAREL-SEWERI,118.08,,Mahesh Mohite,2020-03-03 16:20:30.300,A,,true,false,,,,,59,13,,,,0,true,,,,,,97,PLOT NO.35A-B,MbPT ROAD,PLOT NO.36-B,MbPT ROAD,400010,7,"41308139",true,,,false,false,5269,,,,,,,,,,false,
5270,38,"413040132","37/2",,,,E,LAKRI BUNDER,"1",MAZAGAON,76.65,,Mahesh Mohite,2020-03-03 16:20:30.300,A,,true,false,,,,,59,13,,,,0,true,,,,,,97,PLOT NO.38-2,MbPT ROAD,PLOT NO.36-2,LAKRI BUNDER ROAD,400010,5,"41304131",true,,,false,false,5270,,,,,,,,,,false,
5271,38,"413040133","38/2",,,,E,LAKRI BUNDER,"1",MAZAGAON,137.96,,Mahesh Mohite,2020-03-03 16:20:30.300,A,,true,false,,,,,59,13,,,,0,true,,,,,,97,PLOT NO.42-2,PLOT NO.37-2,"PLOT NO.39-2,40-2",LAKRI BUNDER ROAD,400010,5,"41304133",false,,,false,false,5271,,,,,,,,,,false,
5366,38,"413040179","71/3",,,,E,LAKRI BUNDER,"1",MAZAGAON,153.29,,Mahesh Mohite,2020-03-03 16:20:30.300,A,,true,false,,,,,59,13,,,,0,true,,,,,,97,plot no. 71A-3,plot no.70-3,LAKRI BUNDER NORTH ROAD,plot no.69-3,400010,5,"41304221",false,,,false,false,5366,,,,,,,,,,false,
5272,42,"413080033",,,,,F/S,BRICK BUNDER,"145",PAREL-SEWERI,116.13,,Mahesh Mohite,2020-03-03 16:20:30.300,A,,true,false,,,,,59,13,,,"38-A",0,true,,,,,,97,MbPT ROAD,PLOT NO.39-A,PLOT NO.37-A,PLOT NO.46&47 REV.OFFICE,400010,7,"41308140",true,,,false,false,5272,,,,,,,,,,false,
5273,38,"413040134","39/2",,,,E,LAKRI BUNDER,"1",MAZAGAON,61.32,,Mahesh Mohite,2020-03-03 16:20:30.300,A,,true,false,,,,,59,13,,,,0,true,,,,,,97,PLOT NO.40-2,PLOT NO.36-2,LAKRI BUNDER NORTH ROAD,PLOT NO.38-2,400010,5,"41304134",false,,,false,false,5273,,,,,,,,,,false,
5274,42,"413080034",,,,,F/S,BRICK BUNDER,"145",PAREL-SEWERI,139.35,,Mahesh Mohite,2020-03-03 16:20:30.300,A,,true,false,,,,,59,13,,,"39-A",0,true,,,,,,97,"PLOT NO.38-A,37-A",PLOT NO.40-A,P.T. ROAD,PLOT NO.46&47 REV.OFFICE,400010,7,"41308141",true,,,false,false,5274,,,,,,,,,,false,
5275,40,"413060041",,,,,E,NEW TANK BUNDER,"1",MAZAGAON,62.71,,Mahesh Mohite,2020-03-03 16:20:30.300,A,,true,false,,,,,59,13,,,"39-B",0,true,,,,,,97,PLOT NO.40-B,PLOT NO.38-B,"PLOT NO.28-B,29-B",MbPT ROAD,400010,5,"41306119",true,,,false,false,5275,,,,,,,,,,false,
5277,38,"413040136",,,,,E,LAKRI BUNDER,"1",MAZAGAON,128.21,,Mahesh Mohite,2020-03-03 16:20:30.300,A,,true,false,,,,,59,13,,,"44047",0,true,,,,,,97,"PLOT NO.5A/8,5/8",PLOT NO.3/8,LAKRI BUNDER ROAD,LAKRI BUNDER SOUTH ROAD,400010,5,"41304347",false,,,false,false,5277,,,,,,,,,,false,
5278,40,"413060042",,,,,E,NEW TANK BUNDER,"1",MAZAGAON,62.71,,Mahesh Mohite,2020-03-03 16:20:30.300,A,,true,false,,,,,59,13,,,"4-A",0,true,,,,,,97,PLOT NO.5,PLOT NO.3,PT LAND,PLOT NO.17-A,400010,5,"41306102",false,,,false,false,5278,,,,,,,,,,false,
5279,42,"413080035",,,,,F/S,BRICK BUNDER,"435/145",PAREL-SEWERI,422.71,,Mahesh Mohite,2020-03-03 16:20:30.300,A,,true,false,,,,,59,13,,,"4-D",0,true,,,,,,97,PLOT NO.3-D,PT LAND,P.T. ROAD,PLOT NO.5-D,400010,7,"41308104",true,,,false,false,5279,,,,,,,,,,false,
5280,38,"413040137",,,,,E,LAKRI BUNDER,"1",MAZAGAON,102.19,,Mahesh Mohite,2020-03-03 16:20:30.300,A,,true,false,,,,,59,13,,,"40-2",0,true,,,,,,97,PLOT NO.41-2,PLOT NO.39-2,LAKRI BUNDER NORTH ROAD,"PLOT NO.38-2,42-2",400010,5,"41304135",false,,,false,false,5280,,,,,,,,,,false,
5281,42,"413080036",,,,,F/S,BRICK BUNDER,"145",PAREL-SEWERI,139.35,,Mahesh Mohite,2020-03-03 16:20:30.300,A,,true,false,,,,,59,13,,,"40-A",0,true,,,,,,97,PLOT NO.39-A,PLOT NO.41-A,P.T. ROAD,PLOT NO.48-A,400010,7,"41308142",true,,,false,false,5281,,,,,,,,,,false,
5282,40,"413060043",,,,,E,NEW TANK BUNDER,"1",MAZAGAON,62.71,,Mahesh Mohite,2020-03-03 16:20:30.300,A,,true,false,,,,,59,13,,,"40-B",0,true,,,,,,97,PLOT NO.41-A,PLOT NO.39-B,PLOT NO.30-B,MbPT ROAD,400010,5,"41306120",true,,,false,false,5282,,,,,,,,,,false,
5283,38,"413040138",,,,,E,LAKRI BUNDER,"1",MAZAGAON,61.32,,Mahesh Mohite,2020-03-03 16:20:30.300,A,,true,false,,,,,59,13,,,"41-2",0,true,,,,,,97,PLOT NO.44-2,PLOT NO.40-2,LAKRI BUNDER NORTH ROAD,PLOT NO.42-2,400010,5,"41304136",false,,,false,false,5283,,,,,,,,,,false,
5284,40,"413060044",,,,,E,NEW TANK BUNDER,"1",MAZAGAON,62.71,,Mahesh Mohite,2020-03-03 16:20:30.300,A,,true,false,,,,,59,13,,,"41-A",0,true,,,,,,97,PLOT NO.41-B,PLOT NO.40-B,PLOT NO.31,MbPT ROAD,400010,5,"41306101",true,,,false,false,5284,,,,,,,,,,false,
5285,40,"413060045",,,,,E,NEW TANK BUNDER,"1",MAZAGAON,62.71,,Mahesh Mohite,2020-03-03 16:20:30.300,A,,true,false,,,,,59,13,,,"41-B",0,true,,,,,,97,PLOT NO.42,PLOT NO.41-A,PLOT NO.31,MbPT ROAD,400010,5,"41306121",true,,,false,false,5285,,,,,,,,,,false,
5286,38,"413040139",,,,,E,LAKRI BUNDER,"1",MAZAGAON,76.65,,Mahesh Mohite,2020-03-03 16:20:30.300,A,,true,false,,,,,59,13,,,"42-2",0,true,,,,,,97,PLOT NO.43-2,PLOT NO.38-2,"PLOT NO.40-2,41-2,44-2",LAKRI BUNDER ROAD,400010,5,"41304140",false,,,false,false,5286,,,,,,,,,,false,
5287,42,"413080037",,,,,F/S,BRICK BUNDER,"145",PAREL-SEWERI,250.84,,Mahesh Mohite,2020-03-03 16:20:30.300,A,,true,false,,,,,59,13,,,"42-A",0,true,,,,,,97,PLOT NO.41,PLOT NO.43-A,P.T. ROAD,"PLOT NO.50-A,51",400010,7,"41308144",false,,,false,false,5287,,,,,,,,,,false,
5288,38,"413040140","43/2",,,,E,LAKRI BUNDER,"1",MAZAGAON,76.65,,Mahesh Mohite,2020-03-03 16:20:30.300,A,,true,false,,,,,59,13,,,,0,true,,,,,,97,PLOT NO.45-2,PLOT NO.42-2,PLOT NO.44-2,LAKRI BUNDER ROAD,400010,5,"41304137",false,,,false,false,5288,,,,,,,,,,false,
5290,38,"413040141",,,,,E,LAKRI BUNDER,"1",MAZAGAON,153.29,,Mahesh Mohite,2020-03-03 16:20:30.300,A,,true,false,,,,,59,13,,,"44-2",0,true,,,,,,97,PLOT NO.47,PLOT NO.41-2,LAKRI BUNDER NORTH ROAD,"PLOT NO.42-2,43-2,45-2",400010,5,"41304139",false,,,false,false,5290,,,,,,,,,,false,
5291,42,"413080039",,,,,F/S,BRICK BUNDER,"145",PAREL-SEWERI,188.13,,Mahesh Mohite,2020-03-03 16:20:30.300,A,,true,false,,,,,59,13,,,"44-A",0,true,,,,,,97,PLOT NO.43-A,PLOT NO.45-A,P.T. ROAD,"PLOT NO.54-A,53-A",400010,7,"41308146",true,,,false,false,5291,,,,,,,,,,false,
5292,38,"413040142",,,,,E,LAKRI BUNDER,"1",MAZAGAON,76.65,,Mahesh Mohite,2020-03-03 16:20:30.300,A,,true,false,,,,,59,13,,,"45-2",0,true,,,,,,97,PLOT NO.46-2,PLOT NO.43-2,"PLOT NO.44-2,47",LAKRI BUNDER ROAD,400010,5,"41304138",false,,,false,false,5292,,,,,,,,,,false,
5293,42,"413080040",,,,,F/S,BRICK BUNDER,"406/145",PAREL-SEWERI,486.07,,Mahesh Mohite,2020-03-03 16:20:30.300,A,,true,false,,,,,59,13,,,"45-A",0,true,,,,,,97,PLOT NO.44,PT ROAD,PT ROAD,"PLOT NO.58,57,56,55,54",400010,7,"41308210",true,,,false,false,5293,,,,,,,,,,false,
5294,38,"413040143",,,,,E,LAKRI BUNDER,"1",MAZAGAON,76.65,,Mahesh Mohite,2020-03-03 16:20:30.300,A,,true,false,,,,,59,13,,,"46-2",0,true,,,,,,97,PLOT NO.49-2,PLOT NO.45-2,"PLOT NO.47,48",LAKRI BUNDER ROAD,400010,5,"41304141",false,,,false,false,5294,,,,,,,,,,false,
5295,40,"413060046",,,,,E,NEW TANK BUNDER,"1",MAZAGAON,62.71,,Mahesh Mohite,2020-03-03 16:20:30.300,A,,true,false,,,,,59,13,,,"46-B",0,true,,,,,,97,PLOT NO.47-B,PLOT NO.45,"PLOT NO.33,34",PT ROAD,400010,5,"41306123",true,,,false,false,5295,,,,,,,,,,false,
5297,40,"413060047",,,,,E,NEW TANK BUNDER,"1",MAZAGAON,94.11,,Mahesh Mohite,2020-03-03 16:20:30.300,A,,true,false,,,,,59,13,,,"47-B",0,true,,,,,,97,PLOT NO.48-B,PLOT NO.46-B,PLOT NO.34-B,PT ROAD,400010,5,"41306124",true,,,false,false,5297,,,,,,,,,,false,
5299,42,"413080041",,,,,F/S,BRICK BUNDER,"145",PAREL-SEWERI,78.41,,Mahesh Mohite,2020-03-03 16:20:30.300,A,,true,false,,,,,59,13,,,"48-A",0,true,,,,,,97,PLOT NO.46&47 REV. OFFICE,PLOT NO.49-A,PLOT NO.40-A,PT LAND,400010,7,"41308147",false,,,false,false,5299,,,,,,,,,,false,
5300,38,"413040144","49/2",,,,E,LAKRI BUNDER,"1",MAZAGAON,337.24,,Mahesh Mohite,2020-03-03 16:20:30.300,A,,true,false,,,,,59,13,,,,0,true,,,,,,97,PLOT NO. 54-2,PLOT NO.46-2,"PLOT NO.48,50-2,51-2,52-2",LAKRI BUNDER ROAD,400010,5,"41304143",false,,,false,false,5300,,,,,,,,,,false,
5301,42,"413080042",,,,,F/S,BRICK BUNDER,"145",PAREL-SEWERI,139.35,,Mahesh Mohite,2020-03-03 16:20:30.300,A,,true,false,,,,,59,13,,,"49-A",0,true,,,,,,97,PLOT NO.48-A,PLOT NO.50-A,PLOT NO.40-A,PT LAND,400010,7,"41308148",false,,,false,false,5301,,,,,,,,,,false,
5302,38,"413040145",,,,,E,LAKRI BUNDER,"1",MAZAGAON,91.97,,Mahesh Mohite,2020-03-03 16:20:30.300,A,,true,false,,,,,59,13,,,"43835",0,true,,,,,,97,PLOT NO.6/1,PLOT NO.4/1,LAKRI BUNDER NORTH ROAD,LAKRI BUNDER ROAD,400010,5,"41304102",false,,,false,false,5302,,,,,,,,,,false,
5303,38,"413040146",,,,,E,LAKRI BUNDER,"1",MAZAGAON,106.84,,Mahesh Mohite,2020-03-03 16:20:30.300,A,,true,false,,,,,59,13,,,"44048",0,true,,,,,,97,PLOT NO.6/8,PLOT NO.4/8,LAKRI BUNDER ROAD,PLOT NO.5A/8,400010,5,"41304348",false,,,false,false,5303,,,,,,,,,,false,
5304,42,"413080043",,,,,F/S,BRICK BUNDER,"435/145",PAREL-SEWERI,200.67,,Mahesh Mohite,2020-03-03 16:20:30.300,A,,true,false,,,,,59,13,,,"5-D",0,true,,,,,,97,PLOT NO.3-D,PT LAND,PLOT NO.4-D,"PLOT NO.6-D,7-D,8-D,9-D,10-D",400010,7,"41308211",false,,,false,false,5304,,,,,,,,,,false,
5305,38,"413040147","50-2",,,,E,LAKRI BUNDER,"1",MAZAGAON,209.50,,Mahesh Mohite,2020-03-03 16:20:30.300,A,,true,false,,,,,59,13,,,,0,true,,,,,,97,PLOT NO.50-2,PLOT NO.47,LAKRI BUNDER NORTH ROAD,"PLOT NO.46-2,49-2",400010,5,"41304142",false,,,false,false,5305,,,,,,,,,,false,
5306,42,"413080044",,,,,F/S,BRICK BUNDER,"145",PAREL-SEWERI,139.35,,Mahesh Mohite,2020-03-03 16:20:30.300,A,,true,false,,,,,59,13,,,"50-A",0,true,,,,,,97,PLOT NO.49-A,PLOT NO.51-A,"PLOT NO.42-A,41",PT LAND,400010,7,"41308149",false,,,false,false,5306,,,,,,,,,,false,
5307,40,"413060048",,,,,E,NEW TANK BUNDER,"1",MAZAGAON,200.67,,Mahesh Mohite,2020-03-03 16:20:30.300,A,,true,false,,,,,59,13,,,"50-C",0,true,,,,,,97,PLOT NO.51-C,MbPT ROAD,MbPT ROAD,PLOT NO.57-C,400010,5,"41306125",true,,,false,false,5307,,,,,,,,,,false,
5308,38,"413040148","51/2",,,,E,LAKRI BUNDER,"1",MAZAGAON,81.75,,Mahesh Mohite,2020-03-03 16:20:30.300,A,,true,false,,,,,59,13,,,,0,true,,,,,,97,PLOT NO.52-2,PLOT NO.50-2,LAKRI BUNDER NORTH ROAD,PLOT NO.49-2,400010,5,"41304144",false,,,false,false,5308,,,,,,,,,,false,
5309,40,"413060049",,,,,E,NEW TANK BUNDER,"1",MAZAGAON,133.78,,Mahesh Mohite,2020-03-03 16:20:30.300,A,,true,false,,,,,59,13,,,"51-C",0,true,,,,,,97,PLOT NO.52,PLOT NO.50-C,MbPT ROAD,PLOT NO.58-C,400010,5,"41306126",true,,,false,false,5309,,,,,,,,,,false,
5310,38,"413040149","52/2",,,,E,LAKRI BUNDER,"1",MAZAGAON,102.19,,Mahesh Mohite,2020-03-03 16:20:30.300,A,,true,false,,,,,59,13,,,,0,true,,,,,,97,PLOT NO.53-2,PLOT NO.51-2,LAKRI BUNDER NORTH ROAD,"PLOT NO.49-2,54-2",400010,5,"41304145",false,,,false,false,5310,,,,,,,,,,false,
5311,42,"413080045",,,,,F/S,BRICK BUNDER,"145",PAREL-SEWERI,160.26,,Mahesh Mohite,2020-03-03 16:20:30.300,A,,true,false,,,,,59,13,,,"52-A",0,true,,,,,,97,PLOT NO.51-A,PLOT NO.53-A,PLOT NO.43-A,PT LAND,400010,7,"41308201",false,,,false,false,5311,,,,,,,,,,false,
5312,38,"413040150","53/2",,,,E,LAKRI BUNDER,"1",MAZAGAON,255.48,,Mahesh Mohite,2020-03-03 16:20:30.300,A,,true,false,,,,,59,13,,,,0,true,,,,,,97,PLOT NO.56-2,PLOT NO.52-2,LAKRI BUNDER NORTH ROAD,PLOT NO.54-2,400010,5,"41304530",false,,,false,false,5312,,,,,,,,,,false,
5313,42,"413080046",,,,,F/S,BRICK BUNDER,"145",PAREL-SEWERI,120.40,,Mahesh Mohite,2020-03-03 16:20:30.300,A,,true,false,,,,,59,13,,,"53-A",0,true,,,,,,97,PLOT NO.52-A,PLOT NO.54-A,PLOT NO.44-A,PT LAND,400010,7,"41308202",false,,,false,false,5313,,,,,,,,,,false,
5314,38,"413040151","54/2",,,,E,LAKRI BUNDER,"1",MAZAGAON,255.48,,Mahesh Mohite,2020-03-03 16:20:30.300,A,,true,false,,,,,59,13,,,,0,true,,,,,,97,PLOT NO.55-2,PLOT NO.49-2,"PLOT NO.52-2,53-2",LAKRI BUNDER ROAD,400010,5,"41304146",false,,,false,false,5314,,,,,,,,,,false,
5315,42,"413080047",,,,,F/S,BRICK BUNDER,"145",PAREL-SEWERI,104.53,,Mahesh Mohite,2020-03-03 16:20:30.300,A,,true,false,,,,,59,13,,,"54-A",0,true,,,,,,97,PLOT NO.53-A,PLOT NO.55-A,"PLOT NO.45-A,44-A",PT LAND,400010,7,"41308203",false,,,false,false,5315,,,,,,,,,,false,
5316,38,"413040152","55/2",,,,E,LAKRI BUNDER,"1",MAZAGAON,173.73,,Mahesh Mohite,2020-03-03 16:20:30.300,A,,true,false,,,,,59,13,,,,0,true,,,,,,97,PLOT NO.58-2,PLOT NO.54-2,"PLOT NO.56-2,56A-2,57-2",LAKRI BUNDER ROAD,400010,5,"41304147",false,,,false,false,5316,,,,,,,,,,false,
5318,38,"413040153","56/2",,,,E,LAKRI BUNDER,"1",MAZAGAON,76.65,,Mahesh Mohite,2020-03-03 16:20:30.300,A,,true,false,,,,,59,13,,,,0,true,,,,,,97,PLOT NO.56A-2,PLOT NO.53-2,LAKRI BUNDER NORTH ROAD,PLOT NO.55-2,400010,5,"41304149",false,,,false,false,5318,,,,,,,,,,false,
5319,42,"413080049",,,,,F/S,BRICK BUNDER,"145",PAREL-SEWERI,139.35,,Mahesh Mohite,2020-03-03 16:20:30.300,A,,true,false,,,,,59,13,,,"56-A",0,true,,,,,,97,PLOT NO.55-A,PLOT NO.57-A,PLOT NO.45-A,PT LAND,400010,7,"41308205",false,,,false,false,5319,,,,,,,,,,false,
5320,38,"413040154","56A/2",,,,E,LAKRI BUNDER,"1",MAZAGAON,51.10,,Mahesh Mohite,2020-03-03 16:20:30.300,A,,true,false,,,,,59,13,,,,0,true,,,,,,97,PLOT NO.57-2,PLOT NO.56-2,LAKRI BUNDER NORTH ROAD,PLOT NO.55-2,400010,5,"41304148",false,,,false,false,5320,,,,,,,,,,false,
5321,38,"413040155","57/2",,,,E,LAKRI BUNDER,"1",MAZAGAON,102.19,,Mahesh Mohite,2020-03-03 16:20:30.300,A,,true,false,,,,,59,13,,,,0,true,,,,,,97,PLOT NO.57A-2,PLOT NO.56A-2,LAKRI BUNDER NORTH ROAD,PLOT NO.55-2,400010,5,"41304150",false,,,false,false,5321,,,,,,,,,,false,
5322,42,"413080050",,,,,F/S,BRICK BUNDER,"145",PAREL-SEWERI,104.52,,Mahesh Mohite,2020-03-03 16:20:30.300,A,,true,false,,,,,59,13,,,"57-A",0,true,,,,,,97,PLOT NO.56-A,PLOT NO.58-A,PLOT NO.45-A,PT LAND,400010,7,"41308206",false,,,false,false,5322,,,,,,,,,,false,
5323,40,"413060050",,,,,E,NEW TANK BUNDER,"1",MAZAGAON,167.23,,Mahesh Mohite,2020-03-03 16:20:30.300,A,,true,false,,,,,59,13,,,"57-C",0,true,,,,,,97,PLOT NO.58-C,MbPT ROAD,PLOT NO.50-C,MbPT ROAD,400010,5,"41306127",true,,,false,false,5323,,,,,,,,,,false,
5324,38,"413040156","57A/2",,,,E,LAKRI BUNDER,"1",MAZAGAON,25.55,,Mahesh Mohite,2020-03-03 16:20:30.300,A,,true,false,,,,,59,13,,,,0,true,,,,,,97,PLOT NO.59-2,PLOT NO.57-2,LAKRI BUNDER NORTH ROAD,PLOT NO.58-2,400010,5,"41304205",false,,,false,false,5324,,,,,,,,,,false,
5325,38,"413040157","58/2",,,,E,LAKRI BUNDER,"1",MAZAGAON,153.29,,Mahesh Mohite,2020-03-03 16:20:30.300,A,,true,false,,,,,59,13,,,,0,true,,,,,,97,PLOT NO.61-2,PLOT NO.55-2,"PLOT NO.57A-2,59-2,60-2",LAKRI BUNDER ROAD,400010,5,"41304201",false,,,false,false,5325,,,,,,,,,,false,
5326,42,"413080051",,,,,F/S,BRICK BUNDER,"145",PAREL-SEWERI,278.71,,Mahesh Mohite,2020-03-03 16:20:30.300,A,,true,false,,,,,59,13,,,"58-A",0,true,,,,,,97,PLOT NO.57-A,PLOT NO.59,PLOT NO.45-A,PT LAND,400010,7,"41308208",false,,,false,false,5326,,,,,,,,,,false,
5327,40,"413060051",,,,,E,NEW TANK BUNDER,"1",MAZAGAON,167.23,,Mahesh Mohite,2020-03-03 16:20:30.300,A,,true,false,,,,,59,13,,,"58-C",0,true,,,,,,97,PLOT NO.59,PLOT NO.57-C,"PLOT NO.51-C,52",MbPT ROAD,400010,5,"41306128",true,,,false,false,5327,,,,,,,,,,false,
5329,38,"413040158","59/2",,,,E,LAKRI BUNDER,"1",MAZAGAON,56.21,,Mahesh Mohite,2020-03-03 16:20:30.300,A,,true,false,,,,,59,13,,,,0,true,,,,,,97,PLOT NO.60-2,PLOT NO.57A-2,LAKRI BUNDER NORTH ROAD,PLOT NO.58-2,400010,5,"41304202",false,,,false,false,5329,,,,,,,,,,false,
5331,38,"413040159","5A/8",,,,E,LAKRI BUNDER,"1",MAZAGAON,106.84,,Mahesh Mohite,2020-03-03 16:20:30.300,A,,true,false,,,,,59,13,,,,0,true,,,,,,97,PLOT NO.6-8,PLOT NO.4-8,PLOT NO.5-8,LAKRI BUNDER SOUTH ROAD,400010,5,"41304520",false,,,false,false,5331,,,,,,,,,,false,
5332,38,"413040160","43836",,,,E,LAKRI BUNDER,"1",MAZAGAON,214.61,,Mahesh Mohite,2020-03-03 16:20:30.300,A,,true,false,,,,,59,13,,,,0,true,,,,,,97,PLOT NO.7-1,PLOT NO.5-1,LAKRI BUNDER NORTH ROAD,LAKRI BUNDER ROAD,400010,5,"41304524",false,,,false,false,5332,,,,,,,,,,false,
5333,38,"413040161","44049",,,,E,LAKRI BUNDER,"1",MAZAGAON,608.98,,Mahesh Mohite,2020-03-03 16:20:30.300,A,,true,false,,,,,59,13,,,,0,true,,,,,,97,PLOT NO.7-8,"PLOT NO.5A-8,5-8",LAKRI BUNDER ROAD,LAKRI BUNDER SOUTH ROAD,400010,5,"41304416",false,,,false,false,5333,,,,,,,,,,false,
5334,40,"413060052",,,,,E,NEW TANK BUNDER,"1",MAZAGAON,62.71,,Mahesh Mohite,2020-03-03 16:20:30.300,A,,true,false,,,,,59,13,,,"6/A",0,true,,,,,,97,PLOT NO.7/A,PLOT NO.5/A,PT LAND,PLOT NO.19/A,400010,5,"41306103",false,,,false,false,5334,,,,,,,,,,false,
5335,42,"413080052",,,,,F/S,BRICK BUNDER,"435/145",PAREL-SEWERI,111.48,,Mahesh Mohite,2020-03-03 16:20:30.300,A,,true,false,,,,,59,13,,,"6/D",0,true,,,,,,97,PLOT NO.7/D,PT LAND,PLOT NO.5/D,PT LAND,400010,7,"41308114",false,,,false,false,5335,,,,,,,,,,false,
5337,38,"413040162","60/2",,,,E,LAKRI BUNDER,"1",MAZAGAON,109.90,,Mahesh Mohite,2020-03-03 16:20:30.300,A,,true,false,,,,,59,13,,,,0,true,,,,,,97,MbPT ROAD,PLOT NO.59-2,LAKRI BUNDER NORTH ROAD,"PLOT NO.58-2,61-2",400010,5,"41304203",true,,,false,false,5337,,,,,,,,,,false,
5338,38,"413040163","61/2",,,,E,LAKRI BUNDER,"1",MAZAGAON,76.65,,Mahesh Mohite,2020-03-03 16:20:30.300,A,,true,false,,,,,59,13,,,,0,true,,,,,,97,MbPT ROAD,PLOT NO.58-2,PLOT NO.60-2,LAKRI BUNDER ROAD,400010,5,"41304204",true,,,false,false,5338,,,,,,,,,,false,
5339,42,"413080053",,,,,F/S,BRICK BUNDER,"145",PAREL-SEWERI,142.51,,Mahesh Mohite,2020-03-03 16:20:30.300,A,,true,false,,,,,59,13,,,"60,61-A",0,true,,,,,,97,"PLOT NO.62,59",PT ROAD,PT ROAD,PT LAND,400010,7,"41308209",false,,,false,false,5339,,,,,,,,,,false,
5340,38,"413040164",,,,,E,LAKRI BUNDER,"1",MAZAGAON,83.06,,Mahesh Mohite,2020-03-03 16:20:30.300,A,,true,false,,,,,59,13,,,"62-3",0,true,,,,,,97,PLOT NO.64,MbPT ROAD,LAKRI BUNDER NORTH ROAD,PLOT NO.63,400010,5,"41304207",true,,,false,false,5340,,,,,,,,,,false,
5341,42,"413080054",,,,,F/S,BRICK BUNDER,"145",PAREL-SEWERI,254.28,,Mahesh Mohite,2020-03-03 16:20:30.300,A,,true,false,,,,,59,13,,,"59,62-A",0,true,,,,,,97,PLOT NO.58,PLOT NO.60,PT ROAD,PT LAND,400010,7,"41308207",true,,,false,false,5341,,,,,,,,,,false,
5343,38,"413040165","63/3",,,,E,LAKRI BUNDER,"1",MAZAGAON,108.60,,Mahesh Mohite,2020-03-03 16:20:30.300,A,,true,false,,,,,59,13,,,,0,true,,,,,,97,PLOT NO.67-3,MbPT ROAD,"PLOT NO.62-3,64-3",LAKRI BUNDER ROAD,400010,5,"41304208",true,,,false,false,5343,,,,,,,,,,false,
5344,40,"413060054","63/C",,,,E,NEW TANK BUNDER,"1",MAZAGAON,133.78,,Mahesh Mohite,2020-03-03 16:20:30.300,A,,true,false,,,,,59,13,,,,0,true,,,,,,97,MbPT ROAD,PLOT NO.62-C,"PLOT NO.55,56",MbPT ROAD,400010,5,"41306130",true,,,false,false,5344,,,,,,,,,,false,
5345,38,"413040166","64/3",,,,E,LAKRI BUNDER,"1",MAZAGAON,102.19,,Mahesh Mohite,2020-03-03 16:20:30.300,A,,true,false,,,,,59,13,,,,0,true,,,,,,97,PLOT NO-65-3,PLOT NO.62-3,LAKRI BUNDER NORTH ROAD,"PLOT NO.63-3,67-3",400010,5,"41304209",false,,,false,false,5345,,,,,,,,,,false,
5346,38,"413040167","65/3",,,,E,LAKRI BUNDER,"1",MAZAGAON,127.74,,Mahesh Mohite,2020-03-03 16:20:30.300,A,,true,false,,,,,59,13,,,,0,true,,,,,,97,PLOT NO.66-3,PLOT NO.64-3,LAKRI BUNDER NORTH ROAD,PLOT NO.67-3,400010,5,"41304210",false,,,false,false,5346,,,,,,,,,,false,
5347,40,"413060055","65/D",,,,E,NEW TANK BUNDER,"1",MAZAGAON,66.89,,Mahesh Mohite,2020-03-03 16:20:30.300,A,,true,false,,,,,59,13,,,,0,true,,,,,,97,PLOT NO.66-D,PLOT NO.64,MbPT ROAD ,PLOT NO.77-D,400010,5,"41306131",true,,,false,false,5347,,,,,,,,,,false,
5348,38,"413040168","66/3",,,,E,LAKRI BUNDER,"1",MAZAGAON,51.10,,Mahesh Mohite,2020-03-03 16:20:30.300,A,,true,false,,,,,59,13,,,,0,true,,,,,,97,PLOT NO.66-3,PLOT NO.65-3,LAKRI BUNDER NORTH ROAD,PLOT NO.67-3,400010,5,"41304211",false,,,false,false,5348,,,,,,,,,,false,
5349,40,"413060056",,,,,E,NEW TANK BUNDER,"1",MAZAGAON,66.89,,Mahesh Mohite,2020-03-03 16:20:30.300,A,,true,false,,,,,59,13,,,"66-D",0,true,,,,,,97,PLOT NO.67,PLOT NO.65-D,MbPT ROAD ,PLOT NO.78-D,400010,5,"41306132",false,,,false,false,5349,,,,,,,,,,false,
5350,38,"413040169","67/3",,,,E,LAKRI BUNDER,"1",MAZAGAON,613.16,,Mahesh Mohite,2020-03-03 16:20:30.300,A,,true,false,,,,,59,13,,,,0,true,,,,,,97,PLOT NO.69-3,"63-3","PLOT NO.64-3,65-3,66-3,68-3,68A-3",LAKRI BUNDER ROAD,400010,5,"41304334",false,,,false,false,5350,,,,,,,,,,false,
5351,38,"413040170","68/3",,,,E,LAKRI BUNDER,"1",MAZAGAON,255.48,,Mahesh Mohite,2020-03-03 16:20:30.300,A,,true,false,,,,,59,13,,,,0,true,,,,,,97,PLOT NO.68A-3,PLOT NO.66-3,LAKRI BUNDER NORTH ROAD,PLOT NO.67-3,400010,5,"41304212",false,,,false,false,5351,,,,,,,,,,false,
5352,40,"413060057",,,,,E,NEW TANK BUNDER,"1",MAZAGAON,66.89,,Mahesh Mohite,2020-03-03 16:20:30.300,A,,true,false,,,,,59,13,,,"68-D",0,true,,,,,,97,PLOT NO.69-D,PLOT NO.67,MbPT ROAD ,PLOT NO.80,400010,5,"41306133",false,,,false,false,5352,,,,,,,,,,false,
5353,38,"413040171","68A/3",,,,E,LAKRI BUNDER,"1",MAZAGAON,51.10,,Mahesh Mohite,2020-03-03 16:20:30.300,A,,true,false,,,,,59,13,,,,0,true,,,,,,97,"68B-3","68-3",LAKRI BUNDER NORTH ROAD,"PLOT NO.67-3,69-3",400010,5,"41304213",false,,,false,false,5353,,,,,,,,,,false,
5354,38,"413040172","68B/3",,,,E,LAKRI BUNDER,"1",MAZAGAON,51.10,,Mahesh Mohite,2020-03-03 16:20:30.300,A,,true,false,,,,,59,13,,,,0,true,,,,,,97,PLOT NO.68C-3,PLOT NO.68A-3,LAKRI BUNDER NORTH ROAD,PLOT NO.69-3,400010,5,"41304215",false,,,false,false,5354,,,,,,,,,,false,
5355,38,"413040173",,,,,E,LAKRI BUNDER,"1",MAZAGAON,51.10,,Mahesh Mohite,2020-03-03 16:20:30.300,A,,true,false,,,,,59,13,,,"68C-3",0,true,,,,,,97,PLOT NO.68-C,PLOT NO.68B-3,LAKRI BUNDER NORTH ROAD,PLOT NO.69-3,400010,5,"41304214",false,,,false,false,5355,,,,,,,,,,false,
5356,38,"413040174",,,,,E,LAKRI BUNDER,"1",MAZAGAON,102.19,,Mahesh Mohite,2020-03-03 16:20:30.300,A,,true,false,,,,,59,13,,,"68D-3",0,true,,,,,,97,PLOT NO.68-E,PLOT NO.68-D,LAKRI BUNDER ROAD,PLOT NO.69-3,400010,5,"41304217",false,,,false,false,5356,,,,,,,,,,false,
5357,38,"413040175","69/3",,,,E,LAKRI BUNDER,"1",MAZAGAON,613.16,,Mahesh Mohite,2020-03-03 16:20:30.300,A,,true,false,,,,,59,13,,,,0,true,,,,,,97,PT LAND,PLOT NO.119-6,LAKRI BUNDER ROAD,"PLOT NO.130-6,131-6,132-6,133-6,133A-6,134-6,135,136-6",400010,5,"41304219",false,,,false,false,5357,,,,,,,,,,false,
5358,40,"413060058",,,,,E,NEW TANK BUNDER,"1",MAZAGAON,66.89,,Mahesh Mohite,2020-03-03 16:20:30.300,A,,true,false,,,,,59,13,,,"69/D",0,true,,,,,,97,PLOT NO.70/D,PLOT NO.68/D,MbPT ROAD,"PLOT NO.80,81",400010,5,"41306134",true,,,false,false,5358,,,,,,,,,,false,
5486,14,"206010029","32",,,,,MAZGAON TANK BUNDER,"28/671",MAZGAON,136.85,,Mahesh Mohite,2020-03-03 16:20:30.300,A,,true,false,,,,,57,6,do_CD_shreyas,,,0,true,,,,,,97,Ghorupdeao Cross Road  No 3,PLOT NO.37,PLOT NO.31,PLOT NO.33,400010,5,"20601130
",false,,,false,false,5486,,,,,,,,,,true,
5360,38,"413040176","44013",,,,E,LAKRI BUNDER,"1",MAZAGAON,91.97,,Mahesh Mohite,2020-03-03 16:20:30.300,A,,true,false,,,,,59,13,,,,0,true,,,,,,97,plot no.8-1,plot no.6-1,LAKRI BUNDER NORTH ROAD,LAKRI BUNDER ROAD,400010,5,"41304103",false,,,false,false,5360,,,,,,,,,,false,
5361,38,"413040177","44020",,,,E,LAKRI BUNDER,"1",MAZAGAON,101.45,,Mahesh Mohite,2020-03-03 16:20:30.300,A,,true,false,,,,,59,13,,,,0,true,,,,,,97,plot no.8-8,plot no.6-8,LAKRI BUNDER ROAD,LAKRI BUNDER SOUTH ROAD,400010,5,"41304349",false,,,false,false,5361,,,,,,,,,,false,
5362,40,"413060059",,,,,E,NEW TANK BUNDER,"1",MAZAGAON,62.71,,Mahesh Mohite,2020-03-03 16:20:30.300,A,,true,false,,,,,59,13,,,"7-A",0,true,,,,,,97,PLOT NO.8,PLOT NO.6-A,PT LAND,PLOT NO.20-A,400010,5,"41306104",false,,,false,false,5362,,,,,,,,,,false,
5363,42,"413080055","7/D",,,,F/S,BRICK BUNDER,"435/145",PAREL-SEWERI,55.74,,Mahesh Mohite,2020-03-03 16:20:30.300,A,,true,false,,,,,59,13,,,,0,true,,,,,,97,PLOT NO.8-D,PLOT NO.6-D,PLOT NO.5-D,PT LAND,400010,7,"41308105",false,,,false,false,5363,,,,,,,,,,false,
5364,38,"413040178","70/3",,,,E,LAKRI BUNDER,"1",MAZAGAON,102.19,,Mahesh Mohite,2020-03-03 16:20:30.300,A,,true,false,,,,,59,13,,,,0,true,,,,,,97,plot no.71-3,plot no.68-E,LAKRI BUNDER NORTH ROAD,plot no.69-3,400010,5,"41304220",false,,,false,false,5364,,,,,,,,,,false,
5365,40,"413060060","70/D",,,,E,NEW TANK BUNDER,"1",MAZAGAON,66.89,,Mahesh Mohite,2020-03-03 16:20:30.300,A,,true,false,,,,,59,13,,,,0,true,,,,,,97,PLOT NO.71-D,PLOT NO.69-D,MbPT ROAD,"PLOT NO 81,82",400010,5,"41306135",true,,,false,false,5365,,,,,,,,,,false,
5367,40,"413060061",,,,,E,NEW TANK BUNDER,"1",MAZAGAON,66.89,,Mahesh Mohite,2020-03-03 16:20:30.300,A,,true,false,,,,,59,13,,,"71-D",0,true,,,,,,97,PLOT NO.72-A,PLOT NO.70-D,MbPT ROAD,PLOT NO.82,400010,5,"41306136",true,,,false,false,5367,,,,,,,,,,false,
5368,38,"413040180","71A/3",,,,E,LAKRI BUNDER,"1",MAZAGAON,51.10,,Mahesh Mohite,2020-03-03 16:20:30.300,A,,true,false,,,,,59,13,,,,0,true,,,,,,97,plot no.72-3,plot no.71-3,LAKRI BUNDER NORTH ROAD,plot no.69-3,400010,5,"41304222",false,,,false,false,5368,,,,,,,,,,false,
5369,38,"413040181","72/3",,,,E,LAKRI BUNDER,"1",MAZAGAON,46.45,,Mahesh Mohite,2020-03-03 16:20:30.300,A,,true,false,,,,,59,13,,,,0,true,,,,,,97,"plot no.74,73-3,72-A","71A-3",LAKRI BUNDER NORTH ROAD,plot no.75-3,400010,5,"41304223",false,,,false,false,5369,,,,,,,,,,false,
8243,19,"309010158",OLD R R 1830, , , ,B WARD , ,"51/1",PRINCESS DOCK,194.73,,Mahesh Mohite,2020-07-15 12:13:57.570,A,,true,false, ,,,,58,9,nihar, , ,0,true, , , ,,,97, , , , ,,,"30901239",false,,,false,false,8243,,,,,,,,,,false,
5370,38,"413040182","73/3",,,,E,LAKRI BUNDER,"1",MAZAGAON,27.87,,Mahesh Mohite,2020-03-03 16:20:30.300,A,,true,false,,,,,59,13,,,,0,true,,,,,,97,PT LAND,plot no.72-3,plot no.72-A,plot no.74,400010,5,"41304224",false,,,false,false,5370,,,,,,,,,,false,
5371,38,"413040183",,,,,E,LAKRI BUNDER,"1",MAZAGAON,130.07,,Mahesh Mohite,2020-03-03 16:20:30.300,A,,true,false,,,,,59,13,,,"74 & 76-3",0,true,,,,,,97,PT LAND,PLOT NO.75-3,PLOT NO.74,LAKRI BUNDER ROAD,400010,5,"41304226",false,,,false,false,5371,,,,,,,,,,false,
5373,38,"413040184","75/3",,,,E,LAKRI BUNDER,"1",MAZAGAON,102.19,,Mahesh Mohite,2020-03-03 16:20:30.300,A,,true,false,,,,,59,13,,,,0,true,,,,,,97,plot no.76,plot no.69-3,"plot no.72-3,74",LAKRI BUNDER ROAD,400010,5,"41304225",false,,,false,false,5373,,,,,,,,,,false,
5374,40,"413060062",,,,,E,NEW TANK BUNDER,"1",MAZAGAON,59.37,,Mahesh Mohite,2020-03-03 16:20:30.300,A,,true,false,,,,,59,13,,,"76-D",0,true,,,,,,97,PLOT NO.77-D,MbPT ROAD,PLOT NO.64,TANK BUNDER ROAD,400010,5,"41306137",true,,,false,false,5374,,,,,,,,,,false,
5375,38,"413040185","77/4",,,,E,LAKRI BUNDER,"1",MAZAGAON,46.45,,Mahesh Mohite,2020-03-03 16:20:30.300,A,,true,false,,,,,59,13,,,,0,true,,,,,,97,plot no.80-4,PT LAND,LAKRI BUNDER NORTH ROAD,plot no.78-4,400010,5,"41304227",false,,,false,false,5375,,,,,,,,,,false,
5376,40,"413060063",,,,,E,NEW TANK BUNDER,"1",MAZAGAON,66.89,,Mahesh Mohite,2020-03-03 16:20:30.300,A,,true,false,,,,,59,13,,,"77-D",0,true,,,,,,97,PLOT NO.78-D,PLOT NO.76-D,PLOT NO.65-D,TANK BUNDER ROAD,400010,5,"41306138",false,,,false,false,5376,,,,,,,,,,false,
5378,40,"413060064",,,,,E,NEW TANK BUNDER,"1",MAZAGAON,66.89,,Mahesh Mohite,2020-03-03 16:20:30.300,A,,true,false,,,,,59,13,,,"78-D",0,true,,,,,,97,PLOT NO.79,PLOT NO.77-D,"PLOT NO.66-D,67",TANK BUNDER ROAD,400010,5,"41306139",false,,,false,false,5378,,,,,,,,,,false,
5379,38,"413040187","79/4",,,,E,LAKRI BUNDER,"1",MAZAGAON,117.52,,Mahesh Mohite,2020-03-03 16:20:30.300,A,,true,false,,,,,59,13,,,,0,true,,,,,,97,plot no.83-4,plot no.228,plot no.78-4,LAKRI BUNDER ROAD,400010,5,"41304229",false,,,false,false,5379,,,,,,,,,,false,
5380,38,"413040188","44044",,,,E,LAKRI BUNDER,"1",MAZAGAON,153.29,,Mahesh Mohite,2020-03-03 16:20:30.300,A,,true,false,,,,,59,13,,,,0,true,,,,,,97,"plot no.9-1,9A-1,3-A",plot no .7-1,LAKRI BUNDER NORTH ROAD,LAKRI BUNDER ROAD,400010,5,"41304525",false,,,false,false,5380,,,,,,,,,,false,
5381,38,"413040189","44051",,,,E,LAKRI BUNDER,"1",MAZAGAON,275.92,,Mahesh Mohite,2020-03-03 16:20:30.300,A,,true,false,,,,,59,13,,,,0,true,,,,,,97,"plot no.9-8,9A-8",plot no.7-8,LAKRI BUNDER ROAD,LAKRI BUNDER SOUTH ROAD,400010,5,"41304350",false,,,false,false,5381,,,,,,,,,,false,
7967,26,"312020088",MUNICIPAL BOTANICAL GARDEN, , , ,A WARD , ,`1/600,Colaba,11100.00,,Mahesh Mohite,2020-07-15 12:13:57.570,A,,true,false, ,,,,58,12,nihar, , ,0,true, , , ,,,97, , , , ,,,"31202321",false,,,false,false,7967,,,,,,,,,,false,
5382,42,"413080056",,,,,F/S,BRICK BUNDER,"435/145",PAREL-SEWERI,74.32,,Mahesh Mohite,2020-03-03 16:20:30.300,A,,true,false,,,,,59,13,,,"8-D",0,true,,,,,,97,PLOT NO.9-D,PLOT NO.7-D,PLOT NO.5-D,PT LAND,400010,7,"41308106",false,,,false,false,5382,,,,,,,,,,false,
5383,38,"413040190","80/4",,,,E,LAKRI BUNDER,"1",MAZAGAON,102.19,,Mahesh Mohite,2020-03-03 16:20:30.300,A,,true,false,,,,,59,13,,,,0,true,,,,,,97,PLOT NO.81-4,"PLOT NO.78-4,77-4",LAKRI BUNDER NORTH ROAD,PLOT NO.83-4,400010,5,"41304230",false,,,false,false,5383,,,,,,,,,,false,
5384,38,"413040191","81/4",,,,E,LAKRI BUNDER,"1",MAZAGAON,61.32,,Mahesh Mohite,2020-03-03 16:20:30.300,A,,true,false,,,,,59,13,,,,0,true,,,,,,97,PT LAND,PLOT NO.80-4,LAKRI BUNDER NORTH ROAD,PLOT NO.83-4,400010,5,"41304231",false,,,false,false,5384,,,,,,,,,,false,
5385,38,"413040192","82/4",,,,E,LAKRI BUNDER,"1",MAZAGAON,424.10,,Mahesh Mohite,2020-03-03 16:20:30.300,A,,true,false,,,,,59,13,,,,0,true,,,,,,97,PLOT NO.84-4,PT LAND,LAKRI BUNDER NORTH ROAD,"PLOT NO.83-4,85-4,88",400010,5,"41304232",false,,,false,false,5385,,,,,,,,,,false,
5386,38,"413040193","83/4",,,,E,LAKRI BUNDER,"1",MAZAGAON,740.90,,Mahesh Mohite,2020-03-03 16:20:30.300,A,,true,false,,,,,59,13,,,,0,true,,,,,,97,PLOT NO.85-4,PLOT NO.79-4,"PLOT NO.78-4,80-4,81-4,PT LAND,82-4",LAKRI BUNDER ROAD,400010,5,"41304233",false,,,false,false,5386,,,,,,,,,,false,
5387,38,"413040194","84/4",,,,E,LAKRI BUNDER,"1",MAZAGAON,281.03,,Mahesh Mohite,2020-03-03 16:20:30.300,A,,true,false,,,,,59,13,,,,0,true,,,,,,97,PLOT NO.86-4,PLOT NO.82-4,LAKRI BUNDER NORTH ROAD,PLOT NO.88,400010,5,"41304234",false,,,false,false,5387,,,,,,,,,,false,
5388,38,"413040195","85/4",,,,E,LAKRI BUNDER,"1",MAZAGAON,112.41,,Mahesh Mohite,2020-03-03 16:20:30.300,A,,true,false,,,,,59,13,,,,0,true,,,,,,97,PLOT NO.88,PLOT NO.83-4,PLOT NO.82-4,LAKRI BUNDER ROAD,400010,5,"41304235",false,,,false,false,5388,,,,,,,,,,false,
5389,38,"413040196","86/4",,,,E,LAKRI BUNDER,"1",MAZAGAON,255.48,,Mahesh Mohite,2020-03-03 16:20:30.300,A,,true,false,,,,,59,13,,,,0,true,,,,,,97,PLOT NO.87-4,PLOT NO.84-4,LAKRI BUNDER NORTH ROAD,"PLOT NO.88,89-4,89A-4",400010,5,"41304236",false,,,false,false,5389,,,,,,,,,,false,
5390,38,"413040197","87/4",,,,E,LAKRI BUNDER,"1",MAZAGAON,127.74,,Mahesh Mohite,2020-03-03 16:20:30.300,A,,true,false,,,,,59,13,,,,0,true,,,,,,97,PLOT NO.87A-4,PLOT NO.86-4,LAKRI BUNDER NORTH ROAD,PLOT NO.89A-4,400010,5,"41304237",false,,,false,false,5390,,,,,,,,,,false,
5391,38,"413040198","87A/4",,,,E,LAKRI BUNDER,"1",MAZAGAON,153.29,,Mahesh Mohite,2020-03-03 16:20:30.300,A,,true,false,,,,,59,13,,,,0,true,,,,,,97,PT LAND,PLOT NO.87-4,LAKRI BUNDER NORTH ROAD,PLOT NO.89A-4,400010,5,"41304238",false,,,false,false,5391,,,,,,,,,,false,
5393,38,"413040199",,,,,E,LAKRI BUNDER,"1",MAZAGAON,562.06,,Mahesh Mohite,2020-03-03 16:20:30.300,A,,true,false,,,,,59,13,,,"88,89-4",0,true,,,,,,97,PLOT NO.89-A,PLOT NO.85,"PLOT NO.82,84,86",LAKRI BUNDER ROAD,400010,5,"41304531",false,,,false,false,5393,,,,,,,,,,false,
5394,38,"413040200","89A/4",,,,E,LAKRI BUNDER,"1",MAZAGAON,58.53,,Mahesh Mohite,2020-03-03 16:20:30.300,A,,true,false,,,,,59,13,,,,0,true,,,,,,97,PT LAND,PLOT NO.89-4,"PLOT NO.86-4,87-4,87A-4",LAKRI BUNDER ROAD,400010,5,"41304239",false,,,false,false,5394,,,,,,,,,,false,
5395,38,"413040201",,,,,E,LAKRI BUNDER,"1",MAZAGAON,51.28,,Mahesh Mohite,2020-03-03 16:20:30.300,A,,true,false,,,,,59,13,,,"43839",0,true,,,,,,97,"PLOT NO.10/1,13/1",PLOT NO.8/1,PLOT NO.9A/1,LAKRI BUNDER ROAD,400010,5,"41304104",false,,,false,false,5395,,,,,,,,,,false,
5396,38,"413040202",,,,,E,LAKRI BUNDER,"1",MAZAGAON,229.93,,Mahesh Mohite,2020-03-03 16:20:30.300,A,,true,false,,,,,59,13,,,"44052",0,true,,,,,,97,PLOT NO.24/8,PLOT NO.8/8,"PLOT NO.9A/8,10A/8",LAKRI BUNDER SOUTH ROAD,400010,5,"41304401",false,,,false,false,5396,,,,,,,,,,false,
5397,42,"413080057","9/D",,,,F/S,BRICK BUNDER,"435/145",PAREL-SEWERI,37.16,,Mahesh Mohite,2020-03-03 16:20:30.300,A,,true,false,,,,,59,13,,,,0,true,,,,,,97,PLOT NO.10-D,PLOT NO.8-D,PLOT NO.5-D,PT LAND,400010,7,"41308107",false,,,false,false,5397,,,,,,,,,,false,
5398,38,"413040203","90/5",,,,E,LAKRI BUNDER,"1",MAZAGAON,75.25,,Mahesh Mohite,2020-03-03 16:20:30.300,A,,true,false,,,,,59,13,,,,0,true,,,,,,97,PLOT NO.91-5,PT LAND,LAKRI BUNDER ROAD,PLOT NO.98-5,400010,5,"41304240",false,,,false,false,5398,,,,,,,,,,false,
5399,38,"413040204","91/5",,,,E,LAKRI BUNDER,"1",MAZAGAON,383.23,,Mahesh Mohite,2020-03-03 16:20:30.300,A,,true,false,,,,,59,13,,,,0,true,,,,,,97,"92-5","90-5",LAKRI BUNDER ROAD,"PLOT NO.98-5,99-5,100,101-5,104-5",400010,5,"41304241",false,,,false,false,5399,,,,,,,,,,false,
5400,38,"413040205","92/5",,,,E,LAKRI BUNDER,"1",MAZAGAON,102.19,,Mahesh Mohite,2020-03-03 16:20:30.300,A,,true,false,,,,,59,13,,,,0,true,,,,,,97,PLOT NO.93-5,PLOT NO.91-5,LAKRI BUNDER ROAD,"PLOT NO.104-5,105-5",400010,5,"41304242",false,,,false,false,5400,,,,,,,,,,false,
5401,40,"413060065","92/E",,,,E,NEW TANK BUNDER,"1",MAZAGAON,1605.36,,Mahesh Mohite,2020-03-03 16:20:30.300,A,,true,false,,,,,59,13,,,,0,true,,,,,,97,"PLOT NO.93,94&PT ROAD","PLOT NO.98,91",MbPT ROAD,TANK BUNDER ROAD,400010,5,"41306140",false,,,false,false,5401,,,,,,,,,,false,
5402,38,"413040206","93/5",,,,E,LAKRI BUNDER,"1",MAZAGAON,102.19,,Mahesh Mohite,2020-03-03 16:20:30.300,A,,true,false,,,,,59,13,,,,0,true,,,,,,97,PLOT NO.94-5,PLOT NO.92-5,LAKRI BUNDER ROAD,PLOT NO.104-5,400010,5,"41304243",false,,,false,false,5402,,,,,,,,,,false,
5403,38,"413040207","94/5",,,,E,LAKRI BUNDER,"1",MAZAGAON,127.74,,Mahesh Mohite,2020-03-03 16:20:30.300,A,,true,false,,,,,59,13,,,,0,true,,,,,,97,PLOT NO.95-5,PLOT NO.93-5,LAKRI BUNDER ROAD,"PLOT NO.104-5,105-5",400010,5,"41304532",false,,,false,false,5403,,,,,,,,,,false,
5404,40,"413060066","95,96/E",,,,E,NEW TANK BUNDER,"1",MAZAGAON,211.82,,Mahesh Mohite,2020-03-03 16:20:30.300,A,,true,false,,,,,59,13,,,,0,true,,,,,,97,PLOT NO.98,"PLOT NO.97A-E,95,96-E",PLOT NO.90,TANK BUNDER ROAD,400010,5,"41306141",false,,,false,false,5404,,,,,,,,,,false,
5405,38,"413040208","95/5",,,,E,LAKRI BUNDER,"1",MAZAGAON,153.29,,Mahesh Mohite,2020-03-03 16:20:30.300,A,,true,false,,,,,59,13,,,,0,true,,,,,,97,PLOT NO.96-5,PLOT NO.94-5,LAKRI BUNDER ROAD,"PLOT NO.105-5,105A-5,106-5",400010,5,"41304244",false,,,false,false,5405,,,,,,,,,,false,
5406,38,"413040209","96/5",,,,E,LAKRI BUNDER,"1",MAZAGAON,219.72,,Mahesh Mohite,2020-03-03 16:20:30.300,A,,true,false,,,,,59,13,,,,0,true,,,,,,97,PLOT NO.97-5,PLOT NO.95-5,LAKRI BUNDER ROAD,"PLOT NO.106-5,107-5,108",400010,5,"41304245",false,,,false,false,5406,,,,,,,,,,false,
5407,38,"413040210","97/5",,,,E,LAKRI BUNDER,"1",MAZAGAON,317.27,,Mahesh Mohite,2020-03-03 16:20:30.300,A,,true,false,,,,,59,13,,,,0,true,,,,,,97,"PLOT NO.97A-5,PT LAND",PLOT NO.96-5,LAKRI BUNDER ROAD,"PLOT NO.108,109-5,110-5",400010,5,"41304535",false,,,false,false,5407,,,,,,,,,,false,
5408,38,"413040211","97A/5",,,,E,LAKRI BUNDER,"1",MAZAGAON,55.74,,Mahesh Mohite,2020-03-03 16:20:30.300,A,,true,false,,,,,59,13,,,,0,true,,,,,,97,PT LAND,PLOT NO.97-5,LAKRI BUNDER ROAD,PLOT NO.97-5,400010,5,"41304519",false,,,false,false,5408,,,,,,,,,,false,
5409,40,"413060067","97A/E",,,,E,NEW TANK BUNDER,"1",MAZAGAON,52.12,,Mahesh Mohite,2020-03-03 16:20:30.300,A,,true,false,,,,,59,13,,,,0,true,,,,,,97,"PLOT NO.95,96-E",MbPT ROAD,"PLOT NO.95,96-E",TANK BUNDER ROAD,400010,5,"41306142",true,,,false,false,5409,,,,,,,,,,false,
5410,38,"413040212","98/5",,,,E,LAKRI BUNDER,"1",MAZAGAON,124.49,,Mahesh Mohite,2020-03-03 16:20:30.300,A,,true,false,,,,,59,13,,,,0,true,,,,,,97,PLOT NO.99-5,PT LAND,"PLOT NO.90-5,91-5",LAKRI BUNDER SOUTH ROAD,400010,5,"41304246",false,,,false,false,5410,,,,,,,,,,false,
5411,38,"413040213","99/5",,,,E,LAKRI BUNDER,"1",MAZAGAON,111.48,,Mahesh Mohite,2020-03-03 16:20:30.300,A,,true,false,,,,,59,13,,,,0,true,,,,,,97,PLOT NO.100,PLOT NO.98-5,PLOT NO.91-5,LAKRI BUNDER SOUTH ROAD,400010,5,"41304331",false,,,false,false,5411,,,,,,,,,,false,
5412,40,"413060068","99/F",,,,E,NEW TANK BUNDER,"1",MAZAGAON,147.53,,Mahesh Mohite,2020-03-03 16:20:30.300,A,,true,false,,,,,59,13,,,,0,true,,,,,,97,PLOT NO.101,MbPT ROAD,MbPT ROAD,PLOT NO.100-F,400010,5,"41306143",true,,,false,false,5412,,,,,,,,,,false,
5413,38,"413040214","9A/1",,,,E,LAKRI BUNDER,"1",MAZAGAON,19.51,,Mahesh Mohite,2020-03-03 16:20:30.300,A,,true,false,,,,,59,13,,,,0,true,,,,,,97,PLOT NO.10-1,PLOT NO.8-1,PLOT NO.3-A,PLOT NO.9-1,400010,5,"41304105",false,,,false,false,5413,,,,,,,,,,false,
5414,38,"413040215","9A/8",,,,E,LAKRI BUNDER,"1",MAZAGAON,183.95,,Mahesh Mohite,2020-03-03 16:20:30.300,A,,true,false,,,,,59,13,,,,0,true,,,,,,97,PLOT NO.10A-8,PLOT NO.8-8,LAKRI BUNDER ROAD,PLOT NO.9-8,400010,5,"41304450",false,,,false,false,5414,,,,,,,,,,false,
8012,16,"207010156","327 SUPPL. TO RR 1935", , , ,E WARD , ,"169/1",MAZGAON,85.56,,Mahesh Mohite,2020-07-15 12:13:57.570,A,,true,false, ,,,,57,7,nihar, , ,0,true, , , ,,,97, , , , ,,,"20701347",false,,,false,false,8012,,,,,,,,,,false,
5415,38,"413040216",,,,,E,LAKRI BUNDER,"1",MAZAGAON,9.29,,Mahesh Mohite,2020-03-03 16:20:30.300,A,,true,false,,,,,59,13,,,ADJ PLOT NO 12,0,true,,,,,,97,PLOT NO.17B-1,PLOT NO.11-1,LAKRI BUNDER NORTH ROAD,PLOT NO.12-1,400010,5,"41304521",false,,,false,false,5415,,,,,,,,,,false,
5416,57,"414100001",Admn Block 2,,,,B,NEW FERRY WHARF,#N/A,#N/A,51.78,,Mahesh Mohite,2020-03-03 16:20:30.300,A,,true,false,,,,,59,14,,,,0,true,,,"4",,,97,,,,,400010,2,"41410242",false,,,false,false,5416,,,,,,,,,,false,
5417,57,"414100002",Admn Block 3,,,,B,NEW FERRY WHARF,#N/A,#N/A,51.78,,Mahesh Mohite,2020-03-03 16:20:30.300,A,,true,false,,,,,59,14,,,,0,true,,,"4",,,97,,,,,400010,2,"41410243",false,,,false,false,5417,,,,,,,,,,false,
5468,11,"205010015",SITE NORTH OF FIRESTONE FACTOR,,OPEN PLOT,,,PAREL-SEWERI,"289/145",MAZGAON,33784.19,,Mahesh Mohite,2020-03-03 16:20:30.300,A,,true,false,,,,,57,5,do_ND_satya,,,0,true,,,,,,97,MbPT PASSAGE,MbPT ROAD,NEW PLOT NO. 25,RR - 1613,400033,7,"20501116",true,,,false,false,5468,,,,,,,,,,false,
5469,11,"205010016",KAT HAJI BUNDER,,,,,MAZGAON SEWREE RECLAMATION (EAST),"145",PAREL-SEWERI,2235.15,,Mahesh Mohite,2020-03-03 16:20:30.300,A,mbpt_no,true,false, Date: 26-12-2019 User: mbpt_no <br>Remark: Unit-7<br>,,,,57,5,mbpt_no,,,0,true,,,,,,97,PT PASSAGE,PT PASSAGE,PT ROAD,LEASES TO HINDUSTAN LEVER LTD. RR NO.1537,400033,7,"20501143
",true,,,false,false,5469,,,,,,,,,,false,
5471,16,"207010049","8",,,,,MAZGAON RECLAMATION (NORTH),"1/173",MAZAGAON,14956.64,,Mahesh Mohite,2020-03-03 16:20:30.300,A,,true,false,,,,,57,7,do_CD_shreyas,,,0,true,,,,,,97,SIGNAL HILL AVENUE,TRAFFIC QUARTERS,RR NO.2009,M.T,400010,5,"20701331
",false,,,false,false,5471,,,,,,,,,,false,
5472,16,"207010050","11",,,,,MAZGAON RECLAMATION (NORTH),"1",MAZGAON,115.57,,Mahesh Mohite,2020-03-03 16:20:30.300,A,,true,false,,,,,57,7,do_CD_shreyas,,,0,true,,,,,,97,ROAD,PANTHON BUNDER WHARF,PLOT NO.7 & 8 ,PLOT NO.12,400010,5,"20701113
",false,,,false,false,5472,,,,,,,,,,false,
5474,14,"206010017","17",,,,, MAZGAON TANK BUNDER,"10/671",MAZGAON,660.17,,Mahesh Mohite,2020-03-03 16:20:30.300,A,,true,false,,,,,57,6,do_CD_shreyas,,,0,true,,,,,,97,PLOT NO.16,PLOT NO.18,GHORUPDEO CROSS ROAD NO.2,PLOT NO.23 & 22,400010,5,"20601113
",false,,,false,false,5474,,,,,,,,,,false,
5475,14,"206010018","18",,,,, MAZGAON TANK BUNDER,"10/671",MAZGAON,271.09,,Mahesh Mohite,2020-03-03 16:20:30.300,A,,true,false,,,,,57,6,do_CD_shreyas,,,0,true,,,,,,97,PLOT NO.17,PLOT NO.19,GHORUPDEO CROSS ROAD NO.2 ,PLOT NO.22,400010,5,"20601114
",false,,,false,false,5475,,,,,,,,,,false,
5476,14,"206010019","19",,,,, MAZGAON TANK BUNDER,"10/671",MAZGAON,376.07,,Mahesh Mohite,2020-03-03 16:20:30.300,A,,true,false,,,,,57,6,do_CD_shreyas,,,0,true,,,,,,97,PLOT NO.18,GHORUPDEO CROSS ROAD NO.3,GHORUPDEO CROSS ROAD NO.2,PLOT NO.21 & 20,400010,5,"20601115
",false,,,false,false,5476,,,,,,,,,,false,
5477,14,"206010020","20",,,,, MAZGAON TANK BUNDER,"10/671",MAZGAON,181.63,,Mahesh Mohite,2020-03-03 16:20:30.300,A,,true,false,,,,,57,6,do_CD_shreyas,,,0,true,,,,,,97,PLOT NO.21,Ghorupdeo Cross Road No.3,PLOT NO.19,Ghorupdeo Cross Road No.1,400010,5,"20601116
",false,,,false,false,5477,,,,,,,,,,false,
5473,16,"207010051","12",,,,,MAZGAON RECLAMATION (NORTH),"1",MAZGAON,810.76,,Mahesh Mohite,2020-03-03 16:20:30.300,A,,true,false,,,,,57,7,do_CD_shreyas,,,0,true,,,,,,97,ROAD,PANTHON BUNDER WHARF,PLOT NO.11,ROAD,400010,5,"20701114
",true,,,false,false,5473,,,,,,,,,,true,
5479,14,"206010022","22",,,,, MAZGAON TANK BUNDER,"19/671",MAZGAON,942.97,,Mahesh Mohite,2020-03-03 16:20:30.300,A,,true,false,,,,,57,6,do_CD_shreyas,,,0,true,,,,,,97,PLOT NO.23,PLOT NO.21,PLOT NO.17 & 18,Ghorupdeo Cross Road No.1,400010,5,"20601118
",false,,,false,false,5479,,,,,,,,,,false,
5480,14,"206010023","25",,,,, MAZGAON TANK BUNDER,"26/671",MAZGAON,222.31,,Mahesh Mohite,2020-03-03 16:20:30.300,A,,true,false,,,,,57,6,do_CD_shreyas,,,0,true,,,,,,97,PLOT NO.26,GHORUPDEO ROAD,PT PASSAGE,PLOT NO.27,400010,5,"20601120",false,,,false,false,5480,,,,,,,,,,false,
8244,19,"309010159",OLD  RR 1839, , , ,B WARD , ,"52/1",PRINCESS DOCK,255.58,,Mahesh Mohite,2020-07-15 12:13:57.570,A,,true,false, ,,,,58,9,nihar, , ,0,true, , , ,,,97, , , , ,,,"30901240",false,,,false,false,8244,,,,,,,,,,false,
5482,14,"206010025","28",,,,, MAZGAON TANK BUNDER,"24/671",MAZGAON,246.66,,Mahesh Mohite,2020-03-03 16:20:30.300,A,,true,false,,,,,57,6,do_CD_shreyas,,,0,true,,,,,,97,Ghorupdeao Cross Road  No 3,GHORUPDEO ROAD,PLOT NO.27A,PLOT NO.29,400010,5,"20601126
",false,,,false,false,5482,,,,,,,,,,false,
5484,14,"206010027","30",,,,, MAZGAON TANK BUNDER,"26/671",MAZGAON,66.05,,Mahesh Mohite,2020-03-03 16:20:30.300,A,,true,false,,,,,57,6,do_CD_shreyas,,,0,true,,,,,,97,Ghorupdeao Cross Road  No 3,PLOT NO.39,PLOT NO.29,PLOT NO.31,400010,5,"20601128
",false,,,false,false,5484,,,,,,,,,,false,
3043,1,"101010001","4",,PRIVATE STRUCTURE,,F/S,WADALA,"350",DADAR-NAIGAON,16.72,,Mahesh Mohite,2020-03-03 16:20:30.300,A,,true,false,,,,,56,1,,,,0,true,,,,,,97,LAND WITH SISTERS DEPT. (B3),REYNOLDS ROAD,REYNOLDS ROAD,REYNOLDS ROAD,400035,7,"10101222",true,,,false,false,3043,,,,,,,,,,false,
3047,1,"101010005","117",,PRIVATE STRUCTURE,,F/S,WADALA,"8A/358",DADAR-NAIGAON,275.93,,Mahesh Mohite,2020-03-03 16:20:30.300,A,,true,false,,,,,56,1,,,,0,true,,,,,,97,SEWREE FORT ROAD,TROMBAY ROAD,TROMBAY ROAD,MbPT LAND,400035,7,"10101211",false,,,false,false,3047,,,,,,,,,,false,
3048,1,"101010006",ADDL.LAND INFRONT OF STALL - 1,,OPEN PLOT,,F/N,WADALA,"358",DADAR-NAIGAON,4.00,,Mahesh Mohite,2020-03-03 16:20:30.300,A,,true,false,,,,,56,1,,,,0,true,,,,,,97,LAND WITH MbPT SISTER DEPT.,STALL-1,PLOT : ADDL. LAND INFRONT OF STALL-2,LAND WITH MbPT SISTER DEPT.,400035,6,"10101225",false,,,false,false,3048,,,,,,,,,,false,
5496,14,"206010039","43",,,,, MAZGAON TANK BUNDER,"671",MAZGAON,477.43,,Mahesh Mohite,2020-03-03 16:20:30.300,A,,true,false,,,,,57,6,do_CD_shreyas,,,0,true,,,,,,97,REAY ROAD,PLOT NO.41-B,PLOT NO.42,PLOT NO.44,400010,5,"20601143
",false,,,false,false,5496,,,,,,,,,,false,
5497,14,"206010040","47",,,,, MAZGAON TANK BUNDER,"18/671",MAZGAON,245.26,,Mahesh Mohite,2020-03-03 16:20:30.300,A,,true,false,,,,,57,6,do_CD_shreyas,,,0,true,,,,,,97,PLOT NO.48 FML,GHORUPDEO CROSS ROAD NO.4,GHORUPDEO CROSS ROAD NO.2,PLOT NO.57,400010,5,"20601201
",false,,,false,false,5497,,,,,,,,,,false,
5498,14,"206010041","48",,,,, MAZGAON TANK BUNDER,"18/671",MAZGAON,653.85,,Mahesh Mohite,2020-03-03 16:20:30.300,A,,true,false,,,,,57,6,do_CD_shreyas,,,0,true,,,,,,97,PLOT NO.49,PLOT NO.47,GHORUPDEO CROSS ROAD NO.2,PLOT NO.55 & 56,400010,5,"20601202
",false,,,false,false,5498,,,,,,,,,,false,
5499,14,"206010042","49",,,,, MAZGAON TANK BUNDER,"18/671",MAZGAON,210.70,,Mahesh Mohite,2020-03-03 16:20:30.300,A,,true,false,,,,,57,6,do_CD_shreyas,,,0,true,,,,,,97,PLOT NO.50,PLOT NO.48 FML,GHORUPDEO CROSS ROAD NO.2,PLOT NO.54 FML,400010,5,"20601203
",false,,,false,false,5499,,,,,,,,,,false,
5500,14,"206010043","50",,,,, MAZGAON TANK BUNDER,"20/671",MAZGAON,264.22,,Mahesh Mohite,2020-03-03 16:20:30.300,A,,true,false,,,,,57,6,do_CD_shreyas,,,0,true,,,,,,97,PLOT NO.51,PLOT NO.49,GHORUPDEO CROSS ROAD NO.2,PLOT NO.54 FML,400010,5,"20601204
",false,,,false,false,5500,,,,,,,,,,false,
5501,14,"206010044","53",,,,, MAZGAON TANK BUNDER,"15/671",MAZGAON,474.08,,Mahesh Mohite,2020-03-03 16:20:30.300,A,,true,false,,,,,57,6,do_CD_shreyas,,,0,true,,,,,,97,PLOT NO.52 RR NO.2068,PLOT NO.51,PLOT NO.51,Ghorupdeo Cross Road No.1,400010,5,"20601207
",false,,,false,false,5501,,,,,,,,,,false,
5502,14,"206010045","54",,,,, MAZGAON TANK BUNDER,"20/671",MAZGAON,501.30,,Mahesh Mohite,2020-03-03 16:20:30.300,A,,true,false,,,,,57,6,do_CD_shreyas,,,0,true,,,,,,97,PLOT NO.51,PLOT NO.55,PLOT NO.49 AND 50,Ghorupdeo Cross Road No.1,400010,5,"20601208
",false,,,false,false,5502,,,,,,,,,,false,
5504,14,"206010047","56",,,,, MAZGAON TANK BUNDER,"670",MAZGAON,67.63,,Mahesh Mohite,2020-03-03 16:20:30.300,A,,true,false,,,,,57,6,do_CD_shreyas,,,0,true,,,,,,97,PLOT NO.55,PLOT NO.57,PLOT NO.48 FML,Ghorupdeo Cross Road No.1,400010,5,"20601210
",false,,,false,false,5504,,,,,,,,,,false,
5505,14,"206010048","57",,,,, MAZGAON TANK BUNDER,"18/671",MAZGAON,283.26,,Mahesh Mohite,2020-03-03 16:20:30.300,A,,true,false,,,,,57,6,do_CD_shreyas,,,0,true,,,,,,97,PLOT NO.55 & 56,Ghorupdeo Cross Road No.4,PLOT NO.47 & 48 FML,Ghorupdeo Cross Road No.1,400010,5,"20601211
",false,,,false,false,5505,,,,,,,,,,false,
5507,15,"206020002","59",,,,,FREE LAND ESTATE,"727",MAZAGAON,226.22,,Mahesh Mohite,2020-03-03 16:20:30.300,A,,true,false,,,,,57,6,do_CD_shreyas,,,0,true,,,,,,97,BMC. MARKET,GHORUPDEO ROAD,PLOT NO.58,GHORUPDEO X LANE NO.1,400033,5,"20602102
",false,,,false,false,5507,,,,,,,,,,false,
5508,14,"206010049","66",,,,, MAZGAON TANK BUNDER,"1/632",MAZGAON,122.26,,Mahesh Mohite,2020-03-03 16:20:30.300,A,,true,false,,,,,57,6,do_CD_shreyas,,,0,true,,,,,,97,REAY ROAD,PT PASSAGE,PLOT NO.65,PLOT NO.66B,400010,5,"20601214
",false,,,false,false,5508,,,,,,,,,,false,
5510,17,"208010098","75",,,,,MAZGAON RECLAMATION (SOUTH),"1",MAZGAON,179.67,,Mahesh Mohite,2020-03-03 16:20:30.300,A,,true,false,,,,,57,8,do_CD_shreyas,,,0,true,,,,,,97,PLOT NO.74,PLOT NO.76,"2ND CROSS STREET",PLOT NO.51,400010,5,"20801211
",false,,,false,false,5510,,,,,,,,,,false,
5511,14,"206010050","77",,,,, MAZGAON TANK BUNDER,"632",MAZGAON,100.15,,Mahesh Mohite,2020-03-03 16:20:30.300,A,,true,false,,,,,57,6,do_CD_shreyas,,,0,true,,,,,,97,REAY ROAD,PT PASSAGE,PLOT NO.76,PLOT NO.78,400010,5,"20601218
",false,,,false,false,5511,,,,,,,,,,false,
7943,5,"101050046","9", , , ,F/S WARD, ,"145(PT)",PAREL SEWRI,242.48,,Mahesh Mohite,2020-07-15 12:13:57.570,A,,true,false, ,,,,56,1,nihar, , ,0,true, , , ,,,97, , , , ,,,"10105219",false,,,false,false,7943,,,,,,,,,,false,
5481,14,"206010024","26",,,,, MAZGAON TANK BUNDER,"26/671",MAZGAON,127.18,,Mahesh Mohite,2020-03-03 16:20:30.300,A,,true,false,,,,,57,6,do_CD_shreyas,,,0,true,,,,,,97,Ghorupdeao Cross Road  No 3,PLOT NO.25,PT PASSAGE,PLOT NO.27,400010,5,"20601121
",false,,,false,false,5481,,,,,,,,,,true,
5483,14,"206010026","29",,,,, MAZGAON TANK BUNDER,"26/671",MAZGAON,178.75,,Mahesh Mohite,2020-03-03 16:20:30.300,A,,true,false,,,,,57,6,do_CD_shreyas,,,0,true,,,,,,97,Ghorupdeao Cross Road  No 3,PLOT NO.39,PLOT NO.28,PLOT NO.30,400010,5,"20601127
",false,,,false,false,5483,,,,,,,,,,true,
5485,14,"206010028","31",,,,, MAZGAON TANK BUNDER,"26/671",MAZGAON,66.61,,Mahesh Mohite,2020-03-03 16:20:30.300,A,,true,false,,,,,57,6,do_CD_shreyas,,,0,true,,,,,,97,Ghorupdeao Cross Road  No 3,PLOT NO.39,PLOT NO.30,PLOT NO.32,400010,5,"20601129
",false,,,false,false,5485,,,,,,,,,,true,
3045,1,"101010003","5",,OPEN PLOT,,F/N,WADALA,"358",DADAR-NAIGAON,16.72,,Mahesh Mohite,2020-03-03 16:20:30.300,A,,true,false,,,,,56,1,,,,0,true,,,,,,97,LAND WITH MbPT SISTER DEPT.,L. M. NADKARNI MARG.,L. M. NADKARNI MARG.,L. M. NADKARNI MARG.,400035,6,"10101237",false,,,false,false,3045,,,,,,,,,,true,
3046,1,"101010004","6",,OPEN PLOT,,F/N,WADALA,"8A/358",DADAR-NAIGAON,16.72,,Mahesh Mohite,2020-03-03 16:20:30.300,A,,true,false,,,,,56,1,,,,0,true,,,,,,97,L. M. NADKARNI MARG,LAND WITH MbPT SISTER DEPT.,L. M. NADKARNI MARG,L. M. NADKARNI MARG,400035,6,"10101238",false,,,false,false,3046,,,,,,,,,,true,
5503,14,"206010046","55",,,,, MAZGAON TANK BUNDER,"18/671",MAZGAON,84.54,,Mahesh Mohite,2020-03-03 16:20:30.300,A,,true,false,,,,,57,6,do_CD_shreyas,,,0,true,,,,,,97,PLOT NO.54 FML,PLOT NO.56,PLOT NO.48 FML,Ghorupdeo Cross Road No.1,400010,5,"20601209
",false,,,false,false,5503,,,,,,,,,,true,
5509,17,"208010097","62",,,,,MAZGAON RECLAMATION (SOUTH),"1",MAZGAON,412.30,,Mahesh Mohite,2020-03-03 16:20:30.300,A,,true,false,,,,,57,8,do_CD_shreyas,,,0,true,,,,,,97,PLOT NO.63,PLOT NO.61-A FML,PLOT NO.61C FML & 61B,"1ST CROSS STREET",400010,5,"20801149
",false,,,false,false,5509,,,,,,,,,,true,
8052,7,"102020044","36", , , ,F/S WARD, ,"417/145 (part)",PAREL SEWRI,52.03,,Mahesh Mohite,2020-07-15 12:13:57.570,A,,true,false, ,,,,56,2,nihar, , ,0,true, , , ,,,97, , , , ,,,"10202215",false,,,false,false,8052,,,,,,,,,,true,
7945,11,"205010049",LAND AREA UNDER PERMANENT OCCUPATION, , , ,F/S WARD, ,"145(PT)",PAREL SEWRI,81380.00,,Mahesh Mohite,2020-07-15 12:13:57.570,A,,true,false, ,,,,57,5,nihar, , ,0,true, , , ,,,97, , , , ,,,"20501234",false,,,false,false,7945,,,,,,,,,,false,
7946,11,"205010050",RR NO 1881, , , ,F/S WARD, ,"271/145",PAREL SEWRI,1896.71,,Mahesh Mohite,2020-07-15 12:13:57.570,A,,true,false, ,,,,57,5,nihar, , ,0,true, , , ,,,97, , , , ,,,"20501237",false,,,false,false,7946,,,,,,,,,,false,
7948,31,"312070002",FORSHORE L'DSOUTH OF CSNO929&, , , ,D WARD , ,"929",MALABAR HILL,1266.27,,Mahesh Mohite,2020-07-15 12:13:57.570,A,,true,false, ,,,,58,12,nihar, , ,0,true, , , ,,,97, , , , ,,,"31207344",false,,,false,false,7948,,,,,,,,,,false,
7949,32,"312080003",RR NO. 1417, , , ,D WARD , ,"842",MALABAR HILL,4189.44,,Mahesh Mohite,2020-07-15 12:13:57.570,A,,true,false, ,,,,58,12,nihar, , ,0,true, , , ,,,97, , , , ,,,"31208347",false,,,false,false,7949,,,,,,,,,,false,
7950,32,"312080004","1942", , , ,D WARD , ,"842",MALABAR HILL,19.18,,Mahesh Mohite,2020-07-15 12:13:57.570,A,,true,false, ,,,,58,12,nihar, , ,0,true, , , ,,,97, , , , ,,,"31208348",false,,,false,false,7950,,,,,,,,,,false,
7951,26,"312020072","1", , , ,A WARD , ,"67 (Part)",Colaba,34.10,,Mahesh Mohite,2020-07-15 12:13:57.570,A,,true,false, ,,,,58,12,nihar, , ,0,true, , , ,,,97, , , , ,,,"31202101",false,,,false,false,7951,,,,,,,,,,false,
7952,26,"312020073",LAND NORTH OF PT GDH NO 165, , , ,A WARD , ,"67 (Part)",Colaba,24.15,,Mahesh Mohite,2020-07-15 12:13:57.570,A,,true,false, ,,,,58,12,nihar, , ,0,true, , , ,,,97, , , , ,,,"31202115",false,,,false,false,7952,,,,,,,,,,false,
7953,26,"312020074",RR 2021, , , ,A WARD , ,"67 (Part)",Colaba,339.00,,Mahesh Mohite,2020-07-15 12:13:57.570,A,,true,false, ,,,,58,12,nihar, , ,0,true, , , ,,,97, , , , ,,,"31202118",false,,,false,false,7953,,,,,,,,,,false,
7954,26,"312020075",RR 1932, , , ,A WARD , ,`4/67,Colaba,2624.79,,Mahesh Mohite,2020-07-15 12:13:57.570,A,,true,false, ,,,,58,12,nihar, , ,0,true, , , ,,,97, , , , ,,,"31202129",false,,,false,false,7954,,,,,,,,,,false,
7947,15,"206020006","60    (OPEN STRIP)", , , ,E WARD , ,"727",MAZGAON,21.95,,Mahesh Mohite,2020-07-15 12:13:57.570,A,,true,false, ,,,,57,6,nihar, , ,0,true, , , ,,,97, , , , ,,,"20602103",false,,,false,false,7947,,,,,,,,,,true,
7957,26,"312020078","15 ML 46", , , ,A WARD , ,"67 (Part)",Colaba,757.06,,Mahesh Mohite,2020-07-15 12:13:57.570,A,,true,false, ,,,,58,12,nihar, , ,0,true, , , ,,,97, , , , ,,,"31202150",false,,,false,false,7957,,,,,,,,,,true,
7970,27,"312030006",RR NO.1806, , , ,A WARD , ,"13/67",Colaba,315.13,,Mahesh Mohite,2020-07-15 12:13:57.570,A,,true,false, ,,,,58,12,nihar, , ,0,true, , , ,,,97, , , , ,,,"31203328",false,,,false,false,7970,,,,,,,,,,false,
7971,29,"312050113",RR NO.1476 &1822(CONSOLIDATED), , , ,A WARD , ,"413",Colaba,447.79,,Mahesh Mohite,2020-07-15 12:13:57.570,A,,true,false, ,,,,58,12,nihar, , ,0,true, , , ,,,97, , , , ,,,"31205135",false,,,false,false,7971,,,,,,,,,,false,
7972,29,"312050114",L RR NO.1822, , , ,A WARD , ,"413 (Part)",Colaba,20.44,,Mahesh Mohite,2020-07-15 12:13:57.570,A,mmahesh_no,true,false, ,,,,58,12,mmahesh_no, , ,0,true, , , ,,,104, , , , ,,,"31205309",false,,,false,false,7972,,,,,,,,,,false,
7973,29,"312050115",DRINK WATER FOUNTAIN AT GATEIN, , , ,A WARD , ,"476",Colaba,65.03,,Mahesh Mohite,2020-07-15 12:13:57.570,A,,true,false, ,,,,58,12,nihar,, ,0,true,"","",,,,97, , , , ,400005,1,"31205317",false,1873-01-01,,false,false,7973,,,,,,,,,,false,
7975,1,"101010050",LEASE OF PORT OF INCINATOR PLT, , , ,F/S WARD, ,"358 (part)",DADAR NAIGAUM,8730.46,,Mahesh Mohite,2020-07-15 12:13:57.570,A,,true,false, ,,,,56,1,nihar, , ,0,true, , , ,,,97, , , , ,,,"10101147",false,,,false,false,7975,,,,,,,,,,false,
7977,1,"101010052","106", , , ,F/S WARD, ,"358 (part)",DADAR NAIGAUM,6422.61,,Mahesh Mohite,2020-07-15 12:13:57.570,A,,true,false, ,,,,56,1,nihar, , ,0,true, , , ,,,97, , , , ,,,"10101212",false,,,false,false,7977,,,,,,,,,,false,
7978,1,"101010053",LEASE OF PLOT NO.107, , , ,F/S WARD, ,"8A/358",DADAR NAIGAUM,2368.95,,Mahesh Mohite,2020-07-15 12:13:57.570,A,,true,false, ,,,,56,1,nihar, , ,0,true, , , ,,,97, , , , ,,,"10101242",false,,,false,false,7978,,,,,,,,,,false,
8095,10,"104010263","5-B-2", , , ,F/S WARD, ,"145 (part)",PAREL SEWRI,122.63,,Mahesh Mohite,2020-07-15 12:13:57.570,A,,true,false, ,,,,56,4,nihar, , ,0,true, , , ,,,97, , , , ,,,"10401430",false,,,false,false,8095,,,,,,,,,,false,
7980,1,"101010055",SHOP NO 22, , , ,F/S WARD, Mumbai,"9/358",DADAR NAIGAUM,17.10,,Mahesh Mohite,2020-07-15 12:13:57.570,A,mmahesh_no,true,false,  <br> Date: 03-08-2020 User: mmahesh_no <br>Remark: Marked for approval<br> <br> Date: 03-08-2020 User: ksache_hod <br>Remark: Approve<br>,,ksache_hod,,56,1,ksache_hod,, ,0,true,"","",,,,104, Main Road ,west, north,S V Road,400033,1,"10101247",false,2011-10-03,,false,false,7980,,,,,,,,,,false,
7981,1,"101010056",R.R.1486, , , ,F/S WARD, ,"12A/358",DADAR NAIGAUM,27809.95,,Mahesh Mohite,2020-07-15 12:13:57.570,A,,true,false, ,,,,56,1,nihar, , ,0,true, , , ,,,97, , , , ,,,"10101317",false,,,false,false,7981,,,,,,,,,,false,
7982,19,"309010092","1507", , , ,A WARD , ,"1187 (Part)",FORT,250.37,,Mahesh Mohite,2020-07-15 12:13:57.570,A,,true,false, ,,,,58,9,nihar, , ,0,true, , , ,,,97, , , , ,,,"30901119",false,,,false,false,7982,,,,,,,,,,false,
7983,19,"309010093",ADJOINING RR 1875 AT CARNAC BR, , , ,A WARD , ,"1187 (Part)",FORT,713.03,,Mahesh Mohite,2020-07-15 12:13:57.570,A,,true,false, ,,,,58,9,nihar, , ,0,true, , , ,,,97, , , , ,,,"30901122",false,,,false,false,7983,,,,,,,,,,false,
7984,19,"309010094","39 AT GAMADIA  ROAD", , , ,A WARD , ,"1187 (Part)",FORT,11.98,,Mahesh Mohite,2020-07-15 12:13:57.570,A,,true,false, ,,,,58,9,nihar, , ,0,true, , , ,,,97, , , , ,,,"30901134",false,,,false,false,7984,,,,,,,,,,false,
7988,23,"311010067",ADJ NANRANDAR BUILDING, , , ,A WARD , ,"1187 (Part)",FORT,20.44,,Mahesh Mohite,2020-07-15 12:13:57.570,A,,true,false, ,,,,58,11,nihar, , ,0,true, , , ,,,97, , , , ,,,"31101235",false,,,false,false,7988,,,,,,,,,,false,
7999,10,"104010237",A SITE EAST OF J SHED, , , ,E WARD , ,"158/1 (Part)",MAZGAON,339.84,,Mahesh Mohite,2020-07-15 12:13:57.570,A,,true,false, ,,,,56,4,nihar, , ,0,true, , , ,,,97, , , , ,,,"10401147",false,,,false,false,7999,,,,,,,,,,false,
8001,14,"206010125","41A", , , ,E WARD , ,"671 (Part)",MAZGAON,870.78,,Mahesh Mohite,2020-07-15 12:13:57.570,A,,true,false, ,,,,57,6,nihar, , ,0,true, , , ,,,97, , , , ,,,"20601140",false,,,false,false,8001,,,,,,,,,,false,
8002,14,"206010126","41-B", , , ,E WARD , ,"671 (Part)",MAZGAON,873.38,,Mahesh Mohite,2020-07-15 12:13:57.570,A,,true,false, ,,,,57,6,nihar, , ,0,true, , , ,,,97, , , , ,,,"20601141",false,,,false,false,8002,,,,,,,,,,false,
8003,14,"206010127","90", , , ,E WARD , ,"632 (Part)",MAZGAON,381.46,,Mahesh Mohite,2020-07-15 12:13:57.570,A,,true,false, ,,,,57,6,nihar, , ,0,true, , , ,,,97, , , , ,,,"20601232",false,,,false,false,8003,,,,,,,,,,false,
8004,14,"206010128","91", , , ,E WARD , ,"632 (Part)",MAZGAON,264.77,,Mahesh Mohite,2020-07-15 12:13:57.570,A,,true,false, ,,,,57,6,nihar, , ,0,true, , , ,,,97, , , , ,,,"20601233",false,,,false,false,8004,,,,,,,,,,false,
7966,26,"312020087","45", , , ,A WARD , ,Jul-67,Colaba,36.05,,Mahesh Mohite,2020-07-15 12:13:57.570,A,,true,false, ,,,,58,12,nihar, , ,0,true, , , ,,,97, , , , ,,,"31202229",false,,,false,false,7966,,,,,,,,,,true,
7964,26,"312020085","36 B/A", , , ,A WARD , ,"67 (Part)",Colaba,3.34,,Mahesh Mohite,2020-07-15 12:13:57.570,A,,true,false, ,,,,58,12,nihar, , ,0,true, , , ,,,97, , , , ,,,"31202214",false,,,false,false,7964,,,,,,,,,,true,
7968,27,"312030004","66", , , ,A WARD , ,"67 (Part)",Colaba,46.71,,Mahesh Mohite,2020-07-15 12:13:57.570,A,,true,false, ,,,,58,12,nihar, , ,0,true, , , ,,,97, , , , ,,,"31203326",false,,,false,false,7968,,,,,,,,,,true,
7969,27,"312030005","65", , , ,A WARD , ,"67 (Part)",Colaba,490.53,,Mahesh Mohite,2020-07-15 12:13:57.570,A,,true,false, ,,,,58,12,nihar, , ,0,true, , , ,,,97, , , , ,,,"31203327",false,,,false,false,7969,,,,,,,,,,true,
7963,26,"312020084","36 C/G", , , ,A WARD , ,"67 (Part)",Colaba,2.23,,Mahesh Mohite,2020-07-15 12:13:57.570,A,,true,false, ,,,,58,12,nihar, , ,0,true, , , ,,,97, , , , ,,,"31202213",false,,,false,false,7963,,,,,,,,,,false,
7962,26,"312020083","36 C/F", , , ,A WARD , ,"67 (Part)",Colaba,2.23,,Mahesh Mohite,2020-07-15 12:13:57.570,A,,true,false, ,,,,58,12,nihar, , ,0,true, , , ,,,97, , , , ,,,"31202212",false,,,false,false,7962,,,,,,,,,,false,
7965,26,"312020086","36 B/C", , , ,A WARD , ,"67 (Part)",Colaba,2.23,,Mahesh Mohite,2020-07-15 12:13:57.570,A,,true,false, ,,,,58,12,nihar, , ,0,true, , , ,,,97, , , , ,,,"31202216",false,,,false,false,7965,,,,,,,,,,false,
7974,51,"414040014","12", , , ,A WARD , ,"132 (Part)",Colaba,52.68,,Mahesh Mohite,2020-07-15 12:13:57.570,A,,true,false, ,,,,59,14,nihar, , ,0,true, , , ,,,97, , , , ,,,"41404101",false,,,false,false,7974,,,,,,,,,,true,
7976,1,"101010051",LEASE OF 25, , , ,F/S WARD, ,"38/358",DADAR NAIGAUM,14966.00,,Mahesh Mohite,2020-07-15 12:13:57.570,A,,true,false, ,,,,56,1,nihar, , ,0,true, , , ,,,97, , , , ,,,"10101148",false,,,false,false,7976,,,,,,,,,,true,
8000,14,"206010124","24", , , ,E WARD , ,"671 (Part)",MAZGAON,1331.67,,Mahesh Mohite,2020-07-15 12:13:57.570,A,,true,false, ,,,,57,6,nihar, , ,0,true, , , ,,,97, , , , ,,,"20601119",false,,,false,false,8000,,,,,,,,,,true,
8006,14,"206010130",RR NO 2005, , , ,E WARD , ,"862",MAZGAON,327.67,,Mahesh Mohite,2020-07-15 12:13:57.570,A,,true,false, ,,,,57,6,nihar, , ,0,true, , , ,,,97, , , , ,,,"20601317",false,,,false,false,8006,,,,,,,,,,true,
7985,19,"309010095",FML PLOT 42 AT MANSON ROAD, , , ,A WARD , ,"1187 (Part)",FORT,44.31,,Mahesh Mohite,2020-07-15 12:13:57.570,A,,true,false, ,,,,58,9,nihar, , ,0,true, , , ,,,97, , , , ,,,"30901219",false,,,false,false,7985,,,,,,,,,,true,
7987,23,"311010066","12 PART OF GARDEN PLOT C", , , ,A WARD , ,"132/1187 ",FORT,210.46,,Mahesh Mohite,2020-07-15 12:13:57.570,A,,true,false, ,,,,58,11,nihar, , ,0,true, , , ,,,97, , , , ,,,"31101137",false,,,false,false,7987,,,,,,,,,,true,
7986,23,"311010065","13/PART OF GARDEN PLOT C", , , ,A WARD , ,"132/1187 ",FORT,156.63,,Mahesh Mohite,2020-07-15 12:13:57.570,A,,true,false, ,,,,58,11,nihar, , ,0,true, , , ,,,97, , , , ,,,"31101136",false,,,false,false,7986,,,,,,,,,,true,
8007,16,"207010151",R R 1950, , , ,E WARD , ,"1 (Part)",MAZGAON,3234.32,,Mahesh Mohite,2020-07-15 12:13:57.570,A,,true,false, ,,,,57,7,nihar, , ,0,true, , , ,,,97, , , , ,,,"20701139",false,,,false,false,8007,,,,,,,,,,true,
7979,1,"101010054",STALL NO 4, , , ,F/S WARD, ,"358 (part)",DADAR NAIGAUM,3.72,,Mahesh Mohite,2020-07-15 12:13:57.570,A,,true,false, ,,,,56,1,nihar, , ,0,true, , , ,,,97, , , , ,,,"10101244",false,,,false,false,7979,,,,,,,,,,true,
7998,10,"104010236",RR NO 2048, , , ,E WARD , ,"1 (Part)",MAZGAON,355.35,,Mahesh Mohite,2020-07-15 12:13:57.570,A,,true,false, ,,,,56,4,nihar, , ,0,true, , , ,,,97, , , , ,,,"10401111",false,,,false,false,7998,,,,,,,,,,true,
7997,10,"104010235",NORTH OF A SHED GRAIN DEPOT, , , ,E WARD , ,"1 (Part)",MAZGAON,117.06,,Mahesh Mohite,2020-07-15 12:13:57.570,A,,true,false, ,,,,56,4,nihar, , ,0,true, , , ,,,97, , , , ,,,"10401110",false,,,false,false,7997,,,,,,,,,,true,
7958,26,"312020079","36 D 2", , , ,A WARD , ,"67 (Part)",Colaba,21.00,,Mahesh Mohite,2020-07-15 12:13:57.570,A,,true,false, ,,,,58,12,nihar, , ,0,true, , , ,,,97, , , , ,,,"31202205",false,,,false,false,7958,,,,,,,,,,true,
8013,16,"207010157","329 SUPPLY TO RR 1882 (New RR 2076)", , , ,E WARD , ,"1/180 (part)",MAZGAON,408.13,,Mahesh Mohite,2020-07-15 12:13:57.570,A,,true,false, ,,,,57,7,nihar, , ,0,true, , , ,,,97, , , , ,,,"20701349",false,,,false,false,8013,,,,,,,,,,false,
8014,16,"207010158","294 D", , , ,E WARD , ,"1 (Part)",MAZGAON,983.15,,Mahesh Mohite,2020-07-15 12:13:57.570,A,,true,false, ,,,,57,7,nihar, , ,0,true, , , ,,,97, , , , ,,,"20701412",false,,,false,false,8014,,,,,,,,,,false,
8016,17,"208010292","50", , , ,E WARD , ,"1 (Part)",MAZGAON,318.10,,Mahesh Mohite,2020-07-15 12:13:57.570,A,,true,false, ,,,,57,8,nihar, , ,0,true, , , ,,,97, , , , ,,,"20801135",false,,,false,false,8016,,,,,,,,,,false,
8018,17,"208010294","213 POWDER WORKS BUNDER.]", , , ,E WARD , ,"1/252 (part)",MAZGAON,839.38,,Mahesh Mohite,2020-07-15 12:13:57.570,A,,true,false, ,,,,57,8,nihar, , ,0,true, , , ,,,97, , , , ,,,"20801449",false,,,false,false,8018,,,,,,,,,,false,
7903,17,"208010290",ADDL.WATER AREA FOR DOLPHINS & WALKWAYS,,Open Plot,, ,, , ,4152.90,,Mahesh Mohite,2020-05-09 18:01:36.360,A,,true,false,,,,,57,8,,,,0,true,,,,,,97,,,,,,,"20801656",false,,,false,false,7903,,,,,,,,,,false,
8135,19,"309010100",PLOT NO 56 AT MANSON ROAD, , , ,B WARD , ,"1 (Part)",PRINCESS DOCK,97.08,,Mahesh Mohite,2020-07-15 12:13:57.570,A,,true,false, ,,,,58,9,nihar, , ,0,true, , , ,,,97, , , , ,,,"30901245",false,,,false,false,8135,,,,,,,,,,false,
8139,19,"309010104",PLOT NO 14 (OLD Y T ), , , ,B WARD , ,`7/1,PRINCESS DOCK,557.42,,Mahesh Mohite,2020-07-15 12:13:57.570,A,,true,false, ,,,,58,9,nihar, , ,0,true, , , ,,,97, , , , ,,,"30901335",false,,,false,false,8139,,,,,,,,,,false,
8020,17,"208010296",STALL SITE NO.8 PANTON BUNDER, , , ,E WARD , ,"1/252 (part)",MAZGAON,6.50,,Mahesh Mohite,2020-07-15 12:13:57.570,A,,true,false, ,,,,57,8,nihar, , ,0,true, , , ,,,97, , , , ,,,"20801519",false,,,false,false,8020,,,,,,,,,,false,
8021,17,"208010297",LEASE OF LAND, , , ,E WARD , ,"1 (Part)",MAZGAON,101.06,,Mahesh Mohite,2020-07-15 12:13:57.570,A,,true,false, ,,,,57,8,nihar, , ,0,true, , , ,,,97, , , , ,,,"20801647",false,,,false,false,8021,,,,,,,,,,false,
8022,18,"208020015",COMPOUND BPT WADI BR CHAWL, , , ,E WARD , ,"1 (Part)",MAZGAON,3.44,,Mahesh Mohite,2020-07-15 12:13:57.570,A,,true,false, ,,,,57,8,nihar, , ,0,true, , , ,,,97, , , , ,,,"20802108",false,,,false,false,8022,,,,,,,,,,false,
8023,18,"208020016",LEASE OF PLOT COMBINED BLDG, , , ,E WARD , ,"1 (Part)",MAZGAON,270.00,,Mahesh Mohite,2020-07-15 12:13:57.570,A,,true,false, ,,,,57,8,nihar, , ,0,true, , , ,,,97, , , , ,,,"20802116",false,,,false,false,8023,,,,,,,,,,false,
8025,38,"413040222","103/5", , , ,E WARD , ,"1 (Part)",MAZGAON,51.10,,Mahesh Mohite,2020-07-15 12:13:57.570,A,,true,false, ,,,,59,13,nihar, , ,0,true, , , ,,,97, , , , ,,,"41304248",false,,,false,false,8025,,,,,,,,,,false,
8026,38,"413040223","200/12", , , ,E WARD , ,"1 (Part)",MAZGAON,46.45,,Mahesh Mohite,2020-07-15 12:13:57.570,A,,true,false, ,,,,59,13,nihar, , ,0,true, , , ,,,97, , , , ,,,"41304444",false,,,false,false,8026,,,,,,,,,,false,
8027,38,"413040224","201/12", , , ,E WARD , ,"1 (Part)",MAZGAON,46.45,,Mahesh Mohite,2020-07-15 12:13:57.570,A,,true,false, ,,,,59,13,nihar, , ,0,true, , , ,,,97, , , , ,,,"41304445",false,,,false,false,8027,,,,,,,,,,false,
8028,38,"413040225","202/12", , , ,E WARD , ,"1 (Part)",MAZGAON,69.68,,Mahesh Mohite,2020-07-15 12:13:57.570,A,,true,false, ,,,,59,13,nihar, , ,0,true, , , ,,,97, , , , ,,,"41304446",false,,,false,false,8028,,,,,,,,,,false,
8029,38,"413040226","203/12", , , ,E WARD , ,"1 (Part)",MAZGAON,69.68,,Mahesh Mohite,2020-07-15 12:13:57.570,A,,true,false, ,,,,59,13,nihar, , ,0,true, , , ,,,97, , , , ,,,"41304447",false,,,false,false,8029,,,,,,,,,,false,
8030,38,"413040227","205/12", , , ,E WARD , ,"1 (Part)",MAZGAON,92.90,,Mahesh Mohite,2020-07-15 12:13:57.570,A,,true,false, ,,,,59,13,nihar, , ,0,true, , , ,,,97, , , , ,,,"41304448",false,,,false,false,8030,,,,,,,,,,false,
8031,38,"413040228","207/12", , , ,E WARD , ,"1 (Part)",MAZGAON,92.90,,Mahesh Mohite,2020-07-15 12:13:57.570,A,,true,false, ,,,,59,13,nihar, , ,0,true, , , ,,,97, , , , ,,,"41304449",false,,,false,false,8031,,,,,,,,,,false,
8045,5,"101050049","3A", , , ,F/S WARD, ,"145 (part)",PAREL SEWRI,128.95,,Mahesh Mohite,2020-07-15 12:13:57.570,A,,true,false, ,,,,56,1,nihar, , ,0,true, , , ,,,97, , , , ,,,"10105118",false,,,false,false,8045,,,,,,,,,,false,
8049,5,"101050053","28", , , ,F/S WARD, ,"283/145",PAREL SEWRI,222.97,,Mahesh Mohite,2020-07-15 12:13:57.570,A,,true,false, ,,,,56,1,nihar, , ,0,true, , , ,,,97, , , , ,,,"10105201",false,,,false,false,8049,,,,,,,,,,false,
8050,6,"102010034","1 & 1A AT KE RD", , , ,F/S WARD, ,"2E/172",PAREL SEWRI,195.10,,Mahesh Mohite,2020-07-15 12:13:57.570,A,,true,false, ,,,,56,2,nihar, , ,0,true, , , ,,,97, , , , ,,,"10201125",false,,,false,false,8050,,,,,,,,,,false,
8011,16,"207010155","294 B", , , ,E WARD , ,"1 (Part)",MAZGAON,38.65,,Mahesh Mohite,2020-07-15 12:13:57.570,A,,true,false, ,,,,57,7,nihar, , ,0,true, , , ,,,97, , , , ,,,"20701317",false,,,false,false,8011,,,,,,,,,,true,
8009,16,"207010153","228 QUAY RD", , , ,E WARD , ,"1 (Part)",MAZGAON,132.85,,Mahesh Mohite,2020-07-15 12:13:57.570,A,,true,false, ,,,,57,7,nihar, , ,0,true, , , ,,,97, , , , ,,,"20701150",false,,,false,false,8009,,,,,,,,,,true,
8010,16,"207010154","278", , , ,E WARD , ,"1/155 (Part)",MAZGAON,244.06,,Mahesh Mohite,2020-07-15 12:13:57.570,A,,true,false, ,,,,57,7,nihar, , ,0,true, , , ,,,97, , , , ,,,"20701249",false,,,false,false,8010,,,,,,,,,,true,
8015,17,"208010291", 46 MAGAZINE STREET, , , ,E WARD , ,"1 (Part)",MAZGAON,350.06,,Mahesh Mohite,2020-07-15 12:13:57.570,A,,true,false, ,,,,57,8,nihar, , ,0,true, , , ,,,97, , , , ,,,"20801130",false,,,false,false,8015,,,,,,,,,,true,
7960,26,"312020081","36 C/B", , , ,A WARD , ,"67 (Part)",Colaba,2.23,,Mahesh Mohite,2020-07-15 12:13:57.570,A,,true,false, ,,,,58,12,nihar, , ,0,true, , , ,,,97, , , , ,,,"31202208",false,,,false,false,7960,,,,,,,,,,false,
8017,17,"208010293", COMPTT 3, , , ,E WARD , ,"883",MAZGAON,9.29,,Mahesh Mohite,2020-07-15 12:13:57.570,A,,true,false, ,,,,57,8,nihar, , ,0,true, , , ,,,97, , , , ,,,"20801448",false,,,false,false,8017,,,,,,,,,,true,
8019,17,"208010295","215", , , ,E WARD , ,"882",MAZGAON,154.03,,Mahesh Mohite,2020-07-15 12:13:57.570,A,,true,false, ,,,,57,8,nihar, , ,0,true, , , ,,,97, , , , ,,,"20801501",false,,,false,false,8019,,,,,,,,,,true,
8024,38,"413040221","35B/1", , , ,E WARD , ,"1 (Part)",MAZGAON,16.72,,Mahesh Mohite,2020-07-15 12:13:57.570,A,,true,false, ,,,,59,13,nihar, , ,0,true, , , ,,,97, , , , ,,,"41304130",false,,,false,false,8024,,,,,,,,,,true,
8046,5,"101050050","11 WEST OF A & C SITES", , , ,F/S WARD, ,"277/145",PAREL SEWRI,167.97,,Mahesh Mohite,2020-07-15 12:13:57.570,A,,true,false, ,,,,56,1,nihar, , ,0,true, , , ,,,97, , , , ,,,"10105127",false,,,false,false,8046,,,,,,,,,,true,
8047,5,"101050051","10 WEST OF A&C SITES", , , ,F/S WARD, ,"277/145",PAREL SEWRI,165.74,,Mahesh Mohite,2020-07-15 12:13:57.570,A,,true,false, ,,,,56,1,nihar, , ,0,true, , , ,,,97, , , , ,,,"10105128",false,,,false,false,8047,,,,,,,,,,true,
8048,5,"101050052","8", , , ,F/S WARD, ,"430/145",PAREL SEWRI,272.39,,Mahesh Mohite,2020-07-15 12:13:57.570,A,,true,false, ,,,,56,1,nihar, , ,0,true, , , ,,,97, , , , ,,,"10105130",false,,,false,false,8048,,,,,,,,,,true,
8051,7,"102020043","2 B (OLD 31B)", , , ,F/S WARD, ,"147 (part)",PAREL SEWRI,63.95,,Mahesh Mohite,2020-07-15 12:13:57.570,A,,true,false, ,,,,56,2,nihar, , ,0,true, , , ,,,97, , , , ,,,"10202211",false,,,false,false,8051,,,,,,,,,,true,
8032,39,"413050112","228/6", , , ,E WARD , ,"1 (Part)",MAZGAON,1170.58,,Mahesh Mohite,2020-07-15 12:13:57.570,A,,true,false, ,,,,59,13,nihar, , ,0,true, , , ,,,97, , , , ,,,"41305113",false,,,false,false,8032,,,,,,,,,,true,
8033,39,"413050113","239/1A", , , ,E WARD , ,"1 (Part)",MAZGAON,745.55,,Mahesh Mohite,2020-07-15 12:13:57.570,A,,true,false, ,,,,59,13,nihar, , ,0,true, , , ,,,97, , , , ,,,"41305121",false,,,false,false,8033,,,,,,,,,,true,
8036,40,"413060069","21/A", , , ,E WARD , ,"1 (Part)",MAZGAON,62.71,,Mahesh Mohite,2020-07-15 12:13:57.570,A,,true,false, ,,,,59,13,nihar, , ,0,true, , , ,,,97, , , , ,,,"41306112",false,,,false,false,8036,,,,,,,,,,true,
8037,40,"413060070","22/A", , , ,E WARD , ,"1 (Part)",MAZGAON,114.46,,Mahesh Mohite,2020-07-15 12:13:57.570,A,,true,false, ,,,,59,13,nihar, , ,0,true, , , ,,,97, , , , ,,,"41306113",false,,,false,false,8037,,,,,,,,,,true,
8034,39,"413050114","310/19", , , ,E WARD , ,"1 (Part)",MAZGAON,1336.13,,Mahesh Mohite,2020-07-15 12:13:57.570,A,,true,false, ,,,,59,13,nihar, , ,0,true, , , ,,,97, , , , ,,,"41305230",false,,,false,false,8034,,,,,,,,,,true,
8038,40,"413060071","103/F", , , ,E WARD , ,"1 (Part)",MAZGAON,69.68,,Mahesh Mohite,2020-07-15 12:13:57.570,A,,true,false, ,,,,59,13,nihar, , ,0,true, , , ,,,97, , , , ,,,"41306145",false,,,false,false,8038,,,,,,,,,,true,
8039,40,"413060072","104/F", , , ,E WARD , ,"1 (Part)",MAZGAON,13.38,,Mahesh Mohite,2020-07-15 12:13:57.570,A,,true,false, ,,,,59,13,nihar, , ,0,true, , , ,,,97, , , , ,,,"41306147",false,,,false,false,8039,,,,,,,,,,true,
8042,40,"413060075","324A/B", , , ,E WARD , ,"1 (Part)",MAZGAON,1807.64,,Mahesh Mohite,2020-07-15 12:13:57.570,A,,true,false, ,,,,59,13,nihar, , ,0,true, , , ,,,97, , , , ,,,"41306224",false,,,false,false,8042,,,,,,,,,,true,
8035,39,"413050115","235B/7", , , ,E WARD , ,"1 (Part)",MAZGAON,651.81,,Mahesh Mohite,2020-07-15 12:13:57.570,A,,true,false, ,,,,59,13,nihar, , ,0,true, , , ,,,97, , , , ,,,"41305241",false,,,false,false,8035,,,,,,,,,,true,
8176,21,"310010234",Y.T222 CARNAC BUNDER SIDING RD, , , ,B WARD , ,Part of Road ( T P Scheme ),PRINCESS DOCK,30.01,,Mahesh Mohite,2020-07-15 12:13:57.570,A,,true,false, ,,,,58,10,nihar, , ,0,true, , , ,,,97, , , , ,,,"31001401",false,,,false,false,8176,,,,,,,,,,false,
8043,5,"101050047","9", , , ,F/S WARD, ,"145 (part)",PAREL SEWRI,48.77,,Mahesh Mohite,2020-07-15 12:13:57.570,A,,true,false, ,,,,56,1,nihar, , ,0,true, , , ,,,97, , , , ,,,"10105104",false,,,false,false,8043,,,,,,,,,,true,
8053,8,"102030025",LEASE OF PLOT NO. 17, , , ,F/S WARD, ,"45/147",PAREL SEWRI,190.17,,Mahesh Mohite,2020-07-15 12:13:57.570,A,,true,false, ,,,,56,2,nihar, , ,0,true, , , ,,,97, , , , ,,,"10203116",false,,,false,false,8053,,,,,,,,,,false,
8054,9,"103010107",GODOWN NO. E-51, , , ,F/S WARD, ,"169/145",PAREL SEWRI,417.23,,Mahesh Mohite,2020-07-15 12:13:57.570,A,,true,false, ,,,,56,3,nihar, , ,0,true, , , ,,,97, , , , ,,,"10301203",false,,,false,false,8054,,,,,,,,,,false,
8079,10,"104010247",TWO RAMPS TO THE NORTH OF SHED, , , ,F/S WARD, ,"145 (part)",PAREL SEWRI,60.10,,Mahesh Mohite,2020-07-15 12:13:57.570,A,,true,false, ,,,,56,4,nihar, , ,0,true, , , ,,,97, , , , ,,,"10401139",false,,,false,false,8079,,,,,,,,,,false,
8080,10,"104010248","1797", , , ,F/S WARD, ,"405/145",PAREL SEWRI,398.28,,Mahesh Mohite,2020-07-15 12:13:57.570,A,,true,false, ,,,,56,4,nihar, , ,0,true, , , ,,,97, , , , ,,,"10401141",false,,,false,false,8080,,,,,,,,,,false,
8081,10,"104010249",R R 1670 M S R, , , ,F/S WARD, ,"287/145",PAREL SEWRI,5199.13,,Mahesh Mohite,2020-07-15 12:13:57.570,A,,true,false, ,,,,56,4,nihar, , ,0,true, , , ,,,97, , , , ,,,"10401142",false,,,false,false,8081,,,,,,,,,,false,
8083,10,"104010251",R R 1872 M S R, , , ,F/S WARD, ,"365/145",PAREL SEWRI,12905.63,,Mahesh Mohite,2020-07-15 12:13:57.570,A,,true,false, ,,,,56,4,nihar, , ,0,true, , , ,,,97, , , , ,,,"10401144",false,,,false,false,8083,,,,,,,,,,false,
8092,10,"104010260","31 AT COAL DEPOT", , , ,F/S WARD, ,"145 (part)",PAREL SEWRI,516.91,,Mahesh Mohite,2020-07-15 12:13:57.570,A,,true,false, ,,,,56,4,nihar, , ,0,true, , , ,,,97, , , , ,,,"10401307",false,,,false,false,8092,,,,,,,,,,false,
8055,9,"103010108",GODOWN NO. E 52, , , ,F/S WARD, ,"169/145",PAREL SEWRI,417.23,,Mahesh Mohite,2020-07-15 12:13:57.570,A,,true,false, ,,,,56,3,nihar, , ,0,true, , , ,,,97, , , , ,,,"10301204",false,,,false,false,8055,,,,,,,,,,true,
8065,9,"103010118","31", , , ,F/S WARD, ,"145 (part)",PAREL SEWRI,25.92,,Mahesh Mohite,2020-07-15 12:13:57.570,A,,true,false, ,,,,56,3,nihar, , ,0,true, , , ,,,97, , , , ,,,"10301541",false,,,false,false,8065,,,,,,,,,,true,
8066,9,"103010119","32", , , ,F/S WARD, ,"145 (part)",PAREL SEWRI,36.42,,Mahesh Mohite,2020-07-15 12:13:57.570,A,,true,false, ,,,,56,3,nihar, , ,0,true, , , ,,,97, , , , ,,,"10301542",false,,,false,false,8066,,,,,,,,,,true,
8068,9,"103010121","1 SOUTH OF GDN.E-54", , , ,F/S WARD, ,"171/145",PAREL SEWRI,131.64,,Mahesh Mohite,2020-07-15 12:13:57.570,A,,true,false, ,,,,56,3,nihar, , ,0,true, , , ,,,97, , , , ,,,"10301546",false,,,false,false,8068,,,,,,,,,,true,
8062,9,"103010115",OPEN JETHA K 149, , , ,F/S WARD, ,"65/145",PAREL SEWRI,318.56,,Mahesh Mohite,2020-07-15 12:13:57.570,A,,true,false, ,,,,56,3,nihar, , ,0,true, , , ,,,97, , , , ,,,"10301526",false,,,false,false,8062,,,,,,,,,,true,
8067,9,"103010120","34 ON JETHA K 131", , , ,F/S WARD, ,"47/145",PAREL SEWRI,5.95,,Mahesh Mohite,2020-07-15 12:13:57.570,A,,true,false, ,,,,56,3,nihar, , ,0,true, , , ,,,97, , , , ,,,"10301544",false,,,false,false,8067,,,,,,,,,,true,
8057,9,"103010110",PART-OF JETHA  B-29, , , ,F/S WARD, ,"9/145",PAREL SEWRI,150.50,,Mahesh Mohite,2020-07-15 12:13:57.570,A,,true,false, ,,,,56,3,nihar, , ,0,true, , , ,,,97, , , , ,,,"10301439",false,,,false,false,8057,,,,,,,,,,true,
8063,9,"103010116",SITE AT JN.OF BDRY.RD.&FRANJI, , , ,E WARD, ,"1/228",MAZGAON,369.49,,Mahesh Mohite,2020-07-15 12:13:57.570,A,,true,false, ,,,,56,3,nihar, , ,0,true, , , ,,,97, , , , ,,,"10301529",false,,,false,false,8063,,,,,,,,,,true,
8064,9,"103010117","2 SOUTH OF GODOWN C 10", , , ,F/S WARD, ,"145 (part)",PAREL SEWRI,18.58,,Mahesh Mohite,2020-07-15 12:13:57.570,A,,true,false, ,,,,56,3,nihar, , ,0,true, , , ,,,97, , , , ,,,"10301532",false,,,false,false,8064,,,,,,,,,,true,
8058,9,"103010111",OPEN JETHA D-45, , , ,F/S WARD, ,"25/145",PAREL SEWRI,227.43,,Mahesh Mohite,2020-07-15 12:13:57.570,A,,true,false, ,,,,56,3,nihar, , ,0,true, , , ,,,97, , , , ,,,"10301445",false,,,false,false,8058,,,,,,,,,,true,
8059,9,"103010112",OPEN JETHA D-46, , , ,F/S WARD, ,"26/145",PAREL SEWRI,227.43,,Mahesh Mohite,2020-07-15 12:13:57.570,A,,true,false, ,,,,56,3,nihar, , ,0,true, , , ,,,97, , , , ,,,"10301446",false,,,false,false,8059,,,,,,,,,,true,
8060,9,"103010113",OPOE  JETHA D-47, , , ,F/S WARD, ,"27/145",PAREL SEWRI,227.43,,Mahesh Mohite,2020-07-15 12:13:57.570,A,,true,false, ,,,,56,3,nihar, , ,0,true, , , ,,,97, , , , ,,,"10301447",false,,,false,false,8060,,,,,,,,,,true,
8069,9,"103010122",WATCHMAN'S CHKY NR.PT SH.TW-2, , , ,F/S WARD, ,"375/145",PAREL SEWRI,1.27,,Mahesh Mohite,2020-07-15 12:13:57.570,A,,true,false, ,,,,56,3,nihar, , ,0,true, , , ,,,97, , , , ,,,"10301628",false,,,false,false,8069,,,,,,,,,,true,
8070,10,"104010238",SOUTH OF C SHED GRAIN DEPOT, , , ,F/S WARD, ,"145 (part)",PAREL SEWRI,222.97,,Mahesh Mohite,2020-07-15 12:13:57.570,A,,true,false, ,,,,56,4,nihar, , ,0,true, , , ,,,97, , , , ,,,"10401114",false,,,false,false,8070,,,,,,,,,,true,
8072,10,"104010240",SOUTH OF D SHED, , , ,F/S WARD, ,"145 (part)",PAREL SEWRI,13.38,,Mahesh Mohite,2020-07-15 12:13:57.570,A,,true,false, ,,,,56,4,nihar, , ,0,true, , , ,,,97, , , , ,,,"10401121",false,,,false,false,8072,,,,,,,,,,true,
8071,10,"104010239",NORTH OF C SHED, , , ,F/S WARD, ,"145 (part)",PAREL SEWRI,292.64,,Mahesh Mohite,2020-07-15 12:13:57.570,A,,true,false, ,,,,56,4,nihar, , ,0,true, , , ,,,97, , , , ,,,"10401118",false,,,false,false,8071,,,,,,,,,,true,
8088,10,"104010256","17 AT COAL DEPOT", , , ,F/S WARD, ,"145 (part)",PAREL SEWRI,376.26,,Mahesh Mohite,2020-07-15 12:13:57.570,A,,true,false, ,,,,56,4,nihar, , ,0,true, , , ,,,97, , , , ,,,"10401243",false,,,false,false,8088,,,,,,,,,,true,
8089,10,"104010257",PLOT 18, , , ,F/S WARD, ,"145 (part)",PAREL SEWRI,263.38,,Mahesh Mohite,2020-07-15 12:13:57.570,A,,true,false, ,,,,56,4,nihar, , ,0,true, , , ,,,97, , , , ,,,"10401244",false,,,false,false,8089,,,,,,,,,,true,
8084,10,"104010252",RR 1931, , , ,F/S WARD, ,"425/145",PAREL SEWRI,271.28,,Mahesh Mohite,2020-07-15 12:13:57.570,A,,true,false, ,,,,56,4,nihar, , ,0,true, , , ,,,97, , , , ,,,"10401210",false,,,false,false,8084,,,,,,,,,,true,
8085,10,"104010253","8 COAL DEPOT", , , ,F/S WARD, ,"145 (part)",PAREL SEWRI,379.97,,Mahesh Mohite,2020-07-15 12:13:57.570,A,,true,false, ,,,,56,4,nihar, , ,0,true, , , ,,,97, , , , ,,,"10401234",false,,,false,false,8085,,,,,,,,,,true,
8086,10,"104010254","13 AT COAL DEPOT", , , ,F/S WARD, ,"145 (part)",PAREL SEWRI,319.87,,Mahesh Mohite,2020-07-15 12:13:57.570,A,,true,false, ,,,,56,4,nihar, , ,0,true, , , ,,,97, , , , ,,,"10401239",false,,,false,false,8086,,,,,,,,,,true,
8090,10,"104010258","23(NORTH HALE OF 35)", , , ,F/S WARD, ,"145 (part)",PAREL SEWRI,376.81,,Mahesh Mohite,2020-07-15 12:13:57.570,A,,true,false, ,,,,56,4,nihar, , ,0,true, , , ,,,97, , , , ,,,"10401249",false,,,false,false,8090,,,,,,,,,,true,
8091,10,"104010259","25 WEST RD", , , ,F/S WARD, ,"145 (part)",PAREL SEWRI,153.29,,Mahesh Mohite,2020-07-15 12:13:57.570,A,,true,false, ,,,,56,4,nihar, , ,0,true, , , ,,,97, , , , ,,,"10401250",false,,,false,false,8091,,,,,,,,,,true,
8073,10,"104010241",SOUTH OF T SHED, , , ,F/S WARD, ,"145 (part)",PAREL SEWRI,34.28,,Mahesh Mohite,2020-07-15 12:13:57.570,A,,true,false, ,,,,56,4,nihar, , ,0,true, , , ,,,97, , , , ,,,"10401122",false,,,false,false,8073,,,,,,,,,,true,
8074,10,"104010242",SOUTH OF T SHED, , , ,F/S WARD, ,"145 (part)",PAREL SEWRI,52.77,,Mahesh Mohite,2020-07-15 12:13:57.570,A,,true,false, ,,,,56,4,nihar, , ,0,true, , , ,,,97, , , , ,,,"10401123",false,,,false,false,8074,,,,,,,,,,true,
8076,10,"104010244",NORTH OF T SHED GRAIN DEPOTMSR, , , ,F/S WARD, ,"145 (part)",PAREL SEWRI,104.05,,Mahesh Mohite,2020-07-15 12:13:57.570,A,,true,false, ,,,,56,4,nihar, , ,0,true, , , ,,,97, , , , ,,,"10401126",false,,,false,false,8076,,,,,,,,,,true,
8077,10,"104010245",NORTH OF T SHED M S R, , , ,F/S WARD, ,"145 (part)",PAREL SEWRI,29.91,,Mahesh Mohite,2020-07-15 12:13:57.570,A,,true,false, ,,,,56,4,nihar, , ,0,true, , , ,,,97, , , , ,,,"10401127",false,,,false,false,8077,,,,,,,,,,true,
8216,19,"309010140",OLD R R 1854, , , ,A WARD , ,"57/1",FORT,194.26,,Mahesh Mohite,2020-07-15 12:13:57.570,A,,true,false, ,,,,58,9,nihar, , ,0,true, , , ,,,97, , , , ,,,"30901221",false,,,false,false,8216,,,,,,,,,,false,
8087,10,"104010255","14 COAL DEPOT", , , ,F/S WARD, ,"145 (part)",PAREL SEWRI,376.26,,Mahesh Mohite,2020-07-15 12:13:57.570,A,,true,false, ,,,,56,4,nihar, , ,0,true, , , ,,,97, , , , ,,,"10401240",false,,,false,false,8087,,,,,,,,,,true,
8078,10,"104010246",SOUTH OF F SHED, , , ,F/S WARD, ,"257A/145",PAREL SEWRI,209.03,,Mahesh Mohite,2020-07-15 12:13:57.570,A,,true,false, ,,,,56,4,nihar, , ,0,true, , , ,,,97, , , , ,,,"10401134",false,,,false,false,8078,,,,,,,,,,true,
8082,10,"104010250",NORTH OF H SHED GRAIN DEPOTMSR, , , ,F/S WARD, ,"145 (part)",PAREL SEWRI,475.76,,Mahesh Mohite,2020-07-15 12:13:57.570,A,,true,false, ,,,,56,4,nihar, , ,0,true, , , ,,,97, , , , ,,,"10401143",false,,,false,false,8082,,,,,,,,,,true,
8075,10,"104010243",SOUTH OF T SHED GRAIN DEPOT, , , ,F/S WARD, ,"145 (part)",PAREL SEWRI,104.05,,Mahesh Mohite,2020-07-15 12:13:57.570,A,,true,false, ,,,,56,4,nihar, , ,0,true, , , ,,,97, , , , ,,,"10401124",false,,,false,false,8075,,,,,,,,,,true,
8096,10,"104010264","5B-1", , , ,F/S WARD, ,"145 (part)",PAREL SEWRI,106.65,,Mahesh Mohite,2020-07-15 12:13:57.570,A,,true,false, ,,,,56,4,nihar, , ,0,true, , , ,,,97, , , , ,,,"10401431",false,,,false,false,8096,,,,,,,,,,false,
8097,10,"104010265","5-E", , , ,F/S WARD, ,"145 (part)",PAREL SEWRI,27.59,,Mahesh Mohite,2020-07-15 12:13:57.570,A,,true,false, ,,,,56,4,nihar, , ,0,true, , , ,,,97, , , , ,,,"10401432",false,,,false,false,8097,,,,,,,,,,false,
8098,10,"104010266","6B-", , , ,F/S WARD, ,"145 (part)",PAREL SEWRI,241.55,,Mahesh Mohite,2020-07-15 12:13:57.570,A,,true,false, ,,,,56,4,nihar, , ,0,true, , , ,,,97, , , , ,,,"10401433",false,,,false,false,8098,,,,,,,,,,false,
8100,10,"104010268","6 C AT COAL DEPOT", , , ,F/S WARD, ,"145 (part)",PAREL SEWRI,294.32,,Mahesh Mohite,2020-07-15 12:13:57.570,A,,true,false, ,,,,56,4,nihar, , ,0,true, , , ,,,97, , , , ,,,"10401511",false,,,false,false,8100,,,,,,,,,,false,
8101,10,"104010269",L, , , ,F/S WARD, ,"145 (part)",PAREL SEWRI,260.69,,Mahesh Mohite,2020-07-15 12:13:57.570,A,,true,false, ,,,,56,4,nihar, , ,0,true, , , ,,,97, , , , ,,,"10401529",false,,,false,false,8101,,,,,,,,,,false,
8104,10,"104010272",C-3, , , ,F/S WARD, ,"145 (part)",PAREL SEWRI,278.71,,Mahesh Mohite,2020-07-15 12:13:57.570,A,,true,false, ,,,,56,4,nihar, , ,0,true, , , ,,,97, , , , ,,,"10401623",false,,,false,false,8104,,,,,,,,,,false,
8107,10,"104010275",R R 1497, , , ,F/S WARD, ,"332/145",PAREL SEWRI,5574.18,,Mahesh Mohite,2020-07-15 12:13:57.570,A,,true,false, ,,,,56,4,nihar, , ,0,true, , , ,,,97, , , , ,,,"10401638",false,,,false,false,8107,,,,,,,,,,false,
8108,10,"104010276",R R 2046, , , ,F/S WARD, ,"405/145",PAREL SEWRI,89.19,,Mahesh Mohite,2020-07-15 12:13:57.570,A,,true,false, ,,,,56,4,nihar, , ,0,true, , , ,,,97, , , , ,,,"10401643",false,,,false,false,8108,,,,,,,,,,false,
8111,10,"104010279",R R 910 931 & 1659  2799(8A), , , ,F/S WARD, ,"1/145",PAREL SEWRI,28609.00,,Mahesh Mohite,2020-07-15 12:13:57.570,A,,true,false, ,,,,56,4,nihar, , ,0,true, , , ,,,97, , , , ,,,"10401647",false,,,false,false,8111,,,,,,,,,,false,
8113,11,"205010052","26 AT MANGANESE ORE DEPOT", , , ,F/S WARD, ,"145 (part)",PAREL SEWRI,1677.09,,Mahesh Mohite,2020-07-15 12:13:57.570,A,,true,false, ,,,,57,5,nihar, , ,0,true, , , ,,,97, , , , ,,,"20501102",false,,,false,false,8113,,,,,,,,,,false,
8114,11,"205010053","27 AT MANGANESE ORE DEPOT", , , ,F/S WARD, ,"145 (part)",PAREL SEWRI,1847.66,,Mahesh Mohite,2020-07-15 12:13:57.570,A,,true,false, ,,,,57,5,nihar, , ,0,true, , , ,,,97, , , , ,,,"20501103",false,,,false,false,8114,,,,,,,,,,false,
8115,11,"205010054","28 AT MANGANESE ORE DEPOT", , , ,F/S WARD, ,"145 (part)",PAREL SEWRI,1863.91,,Mahesh Mohite,2020-07-15 12:13:57.570,A,,true,false, ,,,,57,5,nihar, , ,0,true, , , ,,,97, , , , ,,,"20501104",false,,,false,false,8115,,,,,,,,,,false,
8116,11,"205010055",STRIP WEST OF PLOT-A, , , ,F/S WARD, ,"288/145",PAREL SEWRI,8487.98,,Mahesh Mohite,2020-07-15 12:13:57.570,A,,true,false, ,,,,57,5,nihar, , ,0,true, , , ,,,97, , , , ,,,"20501109",false,,,false,false,8116,,,,,,,,,,false,
8117,11,"205010056","SITEA-1,ADJ PLTS 17TO20,28&74", , , ,F/S WARD, ,"288/145",PAREL SEWRI,6542.19,,Mahesh Mohite,2020-07-15 12:13:57.570,A,,true,false, ,,,,57,5,nihar, , ,0,true, , , ,,,97, , , , ,,,"20501110",false,,,false,false,8117,,,,,,,,,,false,
8118,11,"205010057",RR NO 1613, , , ,F/S WARD, ,"289/145",PAREL SEWRI,42387.01,,Mahesh Mohite,2020-07-15 12:13:57.570,A,,true,false, ,,,,57,5,nihar, , ,0,true, , , ,,,97, , , , ,,,"20501114",false,,,false,false,8118,,,,,,,,,,false,
8119,11,"205010058",ADJOINING R.R.NO.2059, , , ,F/S WARD, ,"433/145",PAREL SEWRI,28383.18,,Mahesh Mohite,2020-07-15 12:13:57.570,A,,true,false, ,,,,57,5,nihar, , ,0,true, , , ,,,97, , , , ,,,"20501115",false,,,false,false,8119,,,,,,,,,,false,
8120,11,"205010059",RR NO 1754, , , ,F/S WARD, ,"389/145",PAREL SEWRI,223.05,,Mahesh Mohite,2020-07-15 12:13:57.570,A,,true,false, ,,,,57,5,nihar, , ,0,true, , , ,,,97, , , , ,,,"20501133",false,,,false,false,8120,,,,,,,,,,false,
8121,11,"205010060",R.R.NO.2003, , , ,F/S WARD, ,"292/145",PAREL SEWRI,12212.10,,Mahesh Mohite,2020-07-15 12:13:57.570,A,,true,false, ,,,,57,5,nihar, , ,0,true, , , ,,,97, , , , ,,,"20501134",false,,,false,false,8121,,,,,,,,,,false,
8122,11,"205010061",SITE AT HAJI BUNDER, , , ,F/S WARD, ,"145 (part)",PAREL SEWRI,1663.33,,Mahesh Mohite,2020-07-15 12:13:57.570,A,,true,false, ,,,,57,5,nihar, , ,0,true, , , ,,,97, , , , ,,,"20501135",false,,,false,false,8122,,,,,,,,,,false,
8123,11,"205010062","25", , , ,F/S WARD, ,"145 (part)",PAREL SEWRI,206.06,,Mahesh Mohite,2020-07-15 12:13:57.570,A,,true,false, ,,,,57,5,nihar, , ,0,true, , , ,,,97, , , , ,,,"20501144",false,,,false,false,8123,,,,,,,,,,false,
8127,11,"205010066",RR1836 SUPP.&TERMINUS WITH1743, , , ,F/S WARD, ,"270/145",PAREL SEWRI,6959.83,,Mahesh Mohite,2020-07-15 12:13:57.570,A,,true,false, ,,,,57,5,nihar, , ,0,true, , , ,,,97, , , , ,,,"20501208",false,,,false,false,8127,,,,,,,,,,false,
8130,11,"205010069",PLOT  2 & 3, , , ,F/S WARD, ,"145 (part)",PAREL SEWRI,10540.04,,Mahesh Mohite,2020-07-15 12:13:57.570,A,,true,false, ,,,,57,5,nihar, , ,0,true, , , ,,,97, , , , ,,,"20501223",false,,,false,false,8130,,,,,,,,,,false,
8131,19,"309010096","1 AT GAMADIA ROAD", , , ,A WARD , ,"1187(Part)",FORT,18.39,,Mahesh Mohite,2020-07-15 12:13:57.570,A,,true,false, ,,,,58,9,nihar, , ,0,true, , , ,,,97, , , , ,,,"30901110",false,,,false,false,8131,,,,,,,,,,false,
8132,19,"309010097","2 GAMADIA RD", , , ,B WARD , ,"1187(Part)",PRINCESS DOCK,19.51,,Mahesh Mohite,2020-07-15 12:13:57.570,A,,true,false, ,,,,58,9,nihar, , ,0,true, , , ,,,97, , , , ,,,"30901111",false,,,false,false,8132,,,,,,,,,,false,
8133,19,"309010098","1832", , , ,B WARD , ,"50/1",PRINCESS DOCK,194.73,,Mahesh Mohite,2020-07-15 12:13:57.570,A,,true,false, ,,,,58,9,nihar, , ,0,true, , , ,,,97, , , , ,,,"30901238",false,,,false,false,8133,,,,,,,,,,false,
8110,10,"104010278",ADDL.LAND EAST OF 1671, , , ,F/S WARD, ,"145 (part)",PAREL SEWRI,146.29,,Mahesh Mohite,2020-07-15 12:13:57.570,A,,true,false, ,,,,56,4,nihar, , ,0,true, , , ,,,97, , , , ,,,"10401645",false,,,false,false,8110,,,,,,,,,,true,
8102,10,"104010270",I 2 & COAL DEPOT., , , ,F/S WARD, ,"145 (part)",PAREL SEWRI,278.71,,Mahesh Mohite,2020-07-15 12:13:57.570,A,,true,false, ,,,,56,4,nihar, , ,0,true, , , ,,,97, , , , ,,,"10401534",false,,,false,false,8102,,,,,,,,,,true,
8106,10,"104010274",A-4, , , ,F/S WARD, ,"145 (part)",PAREL SEWRI,278.71,,Mahesh Mohite,2020-07-15 12:13:57.570,A,,true,false, ,,,,56,4,nihar, , ,0,true, , , ,,,97, , , , ,,,"10401628",false,,,false,false,8106,,,,,,,,,,true,
8093,10,"104010261","27 B COAL DEPOT", , , ,F/S WARD, ,"145 (part)",PAREL SEWRI,255.20,,Mahesh Mohite,2020-07-15 12:13:57.570,A,,true,false, ,,,,56,4,nihar, , ,0,true, , , ,,,97, , , , ,,,"10401341",false,,,false,false,8093,,,,,,,,,,true,
8099,10,"104010267","3 A AT COAL DEPOT", , , ,F/S WARD, ,"145 (part)",PAREL SEWRI,266.63,,Mahesh Mohite,2020-07-15 12:13:57.570,A,,true,false, ,,,,56,4,nihar, , ,0,true, , , ,,,97, , , , ,,,"10401506",false,,,false,false,8099,,,,,,,,,,true,
8103,10,"104010271",C-2  COAL DEPOT, , , ,F/S WARD, ,"145 (part)",PAREL SEWRI,278.71,,Mahesh Mohite,2020-07-15 12:13:57.570,A,,true,false, ,,,,56,4,nihar, , ,0,true, , , ,,,97, , , , ,,,"10401546",false,,,false,false,8103,,,,,,,,,,true,
8105,10,"104010273",A-3, , , ,F/S WARD, ,"145 (part)",PAREL SEWRI,278.71,,Mahesh Mohite,2020-07-15 12:13:57.570,A,,true,false, ,,,,56,4,nihar, , ,0,true, , , ,,,97, , , , ,,,"10401627",false,,,false,false,8105,,,,,,,,,,true,
8305,11,"0205010071","",gaikwad,Test1,"",,Mumbai,"","",1000.00,sdfh,mbpt_do,2022-12-05 11:49:25.546,A,mbpt_no,true,false,trsey,2022-12-05 11:52:26.801,mbpt_hod,2022-12-05 11:51:38.515,57,5,mbpt_hod,,"1200",0,true,"","",,,,9,gfh,dfgh,dsf,sdf,421202,3,,false,2022-11-01,9999-01-28,false,false,8305,,Plot,Yes,,,,,,,false,
8112,11,"205010051","14 AT MANGANESE ORE DEPOT MSR", , , ,F/S WARD, ,"145 (part)",PAREL SEWRI,1837.99,,Mahesh Mohite,2020-07-15 12:13:57.570,A,,true,false, ,,,,57,5,nihar, , ,0,true, , , ,,,97, , , , ,,,"20501101",false,,,false,false,8112,,,,,,,,,,true,
8125,11,"205010064","26 ADJ.TO GARAGE 3 AT AFS QTRS", , , ,F/S WARD, ,"396/145",PAREL SEWRI,68.28,,Mahesh Mohite,2020-07-15 12:13:57.570,A,,true,false, ,,,,57,5,nihar, , ,0,true, , , ,,,97, , , , ,,,"20501205",false,,,false,false,8125,,,,,,,,,,true,
8126,11,"205010065",GARRAGE 1 SOUTH OF EX.AFS.QTR., , , ,F/S WARD, ,"396/145",PAREL SEWRI,35.67,,Mahesh Mohite,2020-07-15 12:13:57.570,A,,true,false, ,,,,57,5,nihar, , ,0,true, , , ,,,97, , , , ,,,"20501206",false,,,false,false,8126,,,,,,,,,,true,
8128,11,"205010067","27 SEWREE TIMBER POND", , , ,F/S WARD, ,"145 (part)",PAREL SEWRI,543.48,,Mahesh Mohite,2020-07-15 12:13:57.570,A,,true,false, ,,,,57,5,nihar, , ,0,true, , , ,,,97, , , , ,,,"20501211",false,,,false,false,8128,,,,,,,,,,true,
8129,11,"205010068","120 NEW PLOT 28", , , ,F/S WARD, ,"145 (part)",PAREL SEWRI,429.86,,Mahesh Mohite,2020-07-15 12:13:57.570,A,,true,false, ,,,,57,5,nihar, , ,0,true, , , ,,,97, , , , ,,,"20501212",false,,,false,false,8129,,,,,,,,,,true,
8124,11,"205010063",GARRAGE NO 3 ATTACHED AFS QTRS, , , ,F/S WARD, ,"396/145",PAREL SEWRI,35.67,,Mahesh Mohite,2020-07-15 12:13:57.570,A,,true,false, ,,,,57,5,nihar, , ,0,true, , , ,,,97, , , , ,,,"20501204",false,,,false,false,8124,,,,,,,,,,true,
8140,19,"309010105",PLOT NO 153, , , ,B WARD , ,"1 (Part)",PRINCESS DOCK,87.79,,Mahesh Mohite,2020-07-15 12:13:57.570,A,,true,false, ,,,,58,9,nihar, , ,0,true, , , ,,,97, , , , ,,,"30901337",false,,,false,false,8140,,,,,,,,,,false,
8142,19,"309010107","117", , , ,B WARD , ,"1 (Part)",PRINCESS DOCK,241.55,,Mahesh Mohite,2020-07-15 12:13:57.570,A,,true,false, ,,,,58,9,nihar, , ,0,true, , , ,,,97, , , , ,,,"30901339",false,,,false,false,8142,,,,,,,,,,false,
8143,19,"309010108","114", , , ,B WARD , ,"1 (Part)",PRINCESS DOCK,452.90,,Mahesh Mohite,2020-07-15 12:13:57.570,A,,true,false, ,,,,58,9,nihar, , ,0,true, , , ,,,97, , , , ,,,"30901340",false,,,false,false,8143,,,,,,,,,,false,
8144,19,"309010109","115", , , ,B WARD , ,"1 (Part)",PRINCESS DOCK,253.66,,Mahesh Mohite,2020-07-15 12:13:57.570,A,,true,false, ,,,,58,9,nihar, , ,0,true, , , ,,,97, , , , ,,,"30901341",false,,,false,false,8144,,,,,,,,,,false,
8145,19,"309010110","116", , , ,B WARD , ,"1 (Part)",PRINCESS DOCK,163.04,,Mahesh Mohite,2020-07-15 12:13:57.570,A,,true,false, ,,,,58,9,nihar, , ,0,true, , , ,,,97, , , , ,,,"30901342",false,,,false,false,8145,,,,,,,,,,false,
8146,19,"309010111","159-A", , , ,B WARD , ,"1 (Part)",PRINCESS DOCK,17.28,,Mahesh Mohite,2020-07-15 12:13:57.570,A,,true,false, ,,,,58,9,nihar, , ,0,true, , , ,,,97, , , , ,,,"30901350",false,,,false,false,8146,,,,,,,,,,false,
8147,19,"309010112",R.R.1979, , , ,B WARD , ,"1/193",PRINCESS DOCK,152.08,,Mahesh Mohite,2020-07-15 12:13:57.570,A,,true,false, ,,,,58,9,nihar, , ,0,true, , , ,,,97, , , , ,,,"30901407",false,,,false,false,8147,,,,,,,,,,false,
8148,19,"309010113","139 & 139A", , , ,B WARD , ,"193 (Part)",PRINCESS DOCK,68.66,,Mahesh Mohite,2020-07-15 12:13:57.570,A,,true,false, ,,,,58,9,nihar, , ,0,true, , , ,,,97, , , , ,,,"30901408",false,,,false,false,8148,,,,,,,,,,false,
8149,19,"309010114","140", , , ,B WARD , ,"193 (Part)",PRINCESS DOCK,32.61,,Mahesh Mohite,2020-07-15 12:13:57.570,A,,true,false, ,,,,58,9,nihar, , ,0,true, , , ,,,97, , , , ,,,"30901409",false,,,false,false,8149,,,,,,,,,,false,
8150,19,"309010115","140 A", , , ,B WARD , ,"193 (Part)",PRINCESS DOCK,45.89,,Mahesh Mohite,2020-07-15 12:13:57.570,A,,true,false, ,,,,58,9,nihar, , ,0,true, , , ,,,97, , , , ,,,"30901410",false,,,false,false,8150,,,,,,,,,,false,
8151,19,"309010116","129", , , ,B WARD , ,"193 (Part)",PRINCESS DOCK,361.67,,Mahesh Mohite,2020-07-15 12:13:57.570,A,,true,false, ,,,,58,9,nihar, , ,0,true, , , ,,,97, , , , ,,,"30901411",false,,,false,false,8151,,,,,,,,,,false,
8156,21,"310010214","20 P D MELLO RD & KALYAN ST.", , , ,B WARD , ,FP No.17 (Part),PRINCESS DOCK,602.01,,Mahesh Mohite,2020-07-15 12:13:57.570,A,,true,false, ,,,,58,10,nihar, , ,0,true, , , ,,,97, , , , ,,,"31001121",false,,,false,false,8156,,,,,,,,,,false,
8157,21,"310010215","26A P D MELLO ROAD", , , ,B WARD , ,FP No.17 (Part),PRINCESS DOCK,432.93,,Mahesh Mohite,2020-07-15 12:13:57.570,A,,true,false, ,,,,58,10,nihar, , ,0,true, , , ,,,97, , , , ,,,"31001123",false,,,false,false,8157,,,,,,,,,,false,
8158,21,"310010216","26 KALYAN STREET (SOUTH)", , , ,B WARD , ,FP No.31(P) & 32 (P),PRINCESS DOCK,399.93,,Mahesh Mohite,2020-07-15 12:13:57.570,A,,true,false, ,,,,58,10,nihar, , ,0,true, , , ,,,97, , , , ,,,"31001124",false,,,false,false,8158,,,,,,,,,,false,
8159,21,"310010217","26 THANA ST (NORTH)", , , ,B WARD , ,FP No.31(P) & 32 (P),PRINCESS DOCK,399.93,,Mahesh Mohite,2020-07-15 12:13:57.570,A,,true,false, ,,,,58,10,nihar, , ,0,true, , , ,,,97, , , , ,,,"31001125",false,,,false,false,8159,,,,,,,,,,false,
8153,19,"309010118","3", , , ,B WARD , ,"1187(Part)",PRINCESS DOCK,14.80,,Mahesh Mohite,2020-07-15 12:13:57.570,A,,true,false, ,,,,58,9,nihar, , ,0,true, , , ,,,97, , , , ,,,"30901423",false,,,false,false,8153,,,,,,,,,,true,
8160,21,"310010218",YT 85 BET'N MASJID SD.RD.KURLA, , , ,B WARD , ,FP No.25,PRINCESS DOCK,912.49,,Mahesh Mohite,2020-07-15 12:13:57.570,A,,true,false, ,,,,58,10,nihar, , ,0,true, , , ,,,97, , , , ,,,"31001132",false,,,false,false,8160,,,,,,,,,,false,
7913,18,"208020010",NEW SHOP NO 3,,Mb.P.T. Structure,,E,,"75",MAZAGAON,21.45,,Mahesh Mohite,2020-05-09 18:01:36.360,A,,true,false,,,,,57,8,,,,0,true,,,,,,97,,,,,,,"20802111",false,,,false,false,7913,,,,,,,,,,true,
8163,21,"310010221","18 POONA STREET (SOUTH)", , , ,B WARD , ,FP No.30,PRINCESS DOCK,1115.92,,Mahesh Mohite,2020-07-15 12:13:57.570,A,,true,false, ,,,,58,10,nihar, , ,0,true, , , ,,,97, , , , ,,,"31001141",false,,,false,false,8163,,,,,,,,,,false,
8164,21,"310010222","18 POONA STREET (SOUTH)", , , ,B WARD , ,FP No.30,PRINCESS DOCK,1555.66,,Mahesh Mohite,2020-07-15 12:13:57.570,A,,true,false, ,,,,58,10,nihar, , ,0,true, , , ,,,97, , , , ,,,"31001142",false,,,false,false,8164,,,,,,,,,,false,
8165,21,"310010223","23 OLD RR 1544 KALYAN ST.NORTH", , , ,B WARD , ,FP No.30,PRINCESS DOCK,1775.38,,Mahesh Mohite,2020-07-15 12:13:57.570,A,,true,false, ,,,,58,10,nihar, , ,0,true, , , ,,,97, , , , ,,,"31001143",false,,,false,false,8165,,,,,,,,,,false,
8166,21,"310010224","26 KALYAN STREET (NORTH)", , , ,B WARD , ,FP No.18 (Part),PRINCESS DOCK,769.40,,Mahesh Mohite,2020-07-15 12:13:57.570,A,,true,false, ,,,,58,10,nihar, , ,0,true, , , ,,,97, , , , ,,,"31001144",false,,,false,false,8166,,,,,,,,,,false,
8167,21,"310010225","26 THANA STREET NORTH", , , ,B WARD , ,FP No.18 (Part),PRINCESS DOCK,769.40,,Mahesh Mohite,2020-07-15 12:13:57.570,A,,true,false, ,,,,58,10,nihar, , ,0,true, , , ,,,97, , , , ,,,"31001145",false,,,false,false,8167,,,,,,,,,,false,
8168,21,"310010226","26 BETWEEN KALYAN&THANA STREET", , , ,B WARD , ,FP No.31(P) & 32 (P),PRINCESS DOCK,1645.50,,Mahesh Mohite,2020-07-15 12:13:57.570,A,,true,false, ,,,,58,10,nihar, , ,0,true, , , ,,,97, , , , ,,,"31001146",false,,,false,false,8168,,,,,,,,,,false,
8169,21,"310010227","26 BET.KALYAN&THANA ST.(EAST)", , , ,B WARD , ,FP No.31(P) & 32 (P),PRINCESS DOCK,1424.58,,Mahesh Mohite,2020-07-15 12:13:57.570,A,,true,false, ,,,,58,10,nihar, , ,0,true, , , ,,,97, , , , ,,,"31001147",false,,,false,false,8169,,,,,,,,,,false,
8170,21,"310010228","28 BET.KALYAN&THANA ST.(WEST)", , , ,B WARD , ,FP No.31(P) & 32 (P),PRINCESS DOCK,1360.19,,Mahesh Mohite,2020-07-15 12:13:57.570,A,,true,false, ,,,,58,10,nihar, , ,0,true, , , ,,,97, , , , ,,,"31001148",false,,,false,false,8170,,,,,,,,,,false,
8136,19,"309010101",PLOT NO.60 AT MANSION ROAD, , , ,B WARD , ,"179/1",PRINCESS DOCK,19.51,,Mahesh Mohite,2020-07-15 12:13:57.570,A,,true,false, ,,,,58,9,nihar, , ,0,true, , , ,,,97, , , , ,,,"30901248",false,,,false,false,8136,,,,,,,,,,true,
8141,19,"309010106",PLOT NO 118, , , ,B WARD , ,"1 (Part)",PRINCESS DOCK,139.35,,Mahesh Mohite,2020-07-15 12:13:57.570,A,,true,false, ,,,,58,9,nihar, , ,0,true, , , ,,,97, , , , ,,,"30901338",false,,,false,false,8141,,,,,,,,,,true,
8289,9,"0103010129",Z0,ashoka road,Mansion,"123",,sioan,"1",PAREL SEWRIMAZGAONPRINCESS DOCK,3000.00,okk,mbpt_do,2022-10-10 11:50:36.379,RG,,false,false,"",,,,56,3,mbpt_do,,"",0,true,"","",,,,100,"56","23","90","80",110002,2,,false,2022-10-04,9999-01-28,false,false,8289,,R.R No,Yes,,,,,,,false,
7995,7,"102020041",R R NO 2060, , , ,E WARD , ,"4/748",MAZGAON,2926.44,,Mahesh Mohite,2020-07-15 12:13:57.570,A,,true,false, ,,,,56,2,nihar, ,,0,true, , , ,,,97, , , , ,,,"10202108",false,,,false,false,7995,,,,,,,,,,false,
8290,7,"0102020045","800",Mbpt,Mbpt,"",,Mumbai,"1",PAREL SEWRIMAZGAONPRINCESS DOCK,8000.00,Test,mbpt_do,2022-11-07 12:34:07.280,RG,,false,false,test,,,,56,2,mbpt_do,,"",0,true,"","",,,,100,C,D,A,B,400050,1,,false,2000-01-01,9999-01-28,false,false,8290,,R.R No,Yes,,,,,,,false,
8291,7,"0102020046","","R.No 18, 3rd Floor, Trishna II, Mumbai Port ",Mbpt,"",,Mumbai,Mumbai - 400001,"",8002.00,"",mbpt_do,2022-11-07 12:37:02.379,RG,,false,false,test,,,,56,2,mbpt_do,,"8000",0,true,"","",,,,100,C,D,A,B,400001,1,,false,2011-01-01,9999-01-28,false,false,8291,,Plot,Yes,,,,,,,false,
8292,4,"0101040005","500",Test,Test1,"5241",,Mumbai,"101",PRINCESS DOCK,50000.00,test,mbpt_do,2022-11-09 14:53:09.939,A,mbpt_no,true,false,test,2022-11-09 14:54:37.121,mbpt_hod,2022-11-09 14:53:58.694,56,1,mbpt_hod,,"",0,true,"","",,,,9,C,D,A,B,440005,1,,true,1999-12-31,9999-01-28,false,false,8292,,R.R No,Yes,,,,,,,false,
8313,12,"0205020008","",Titwala,Titwala land,"",,Titwala,"","",78000.00,Titwala land testing,mbpt_do,2022-12-30 12:31:10.420,A,mbpt_no,true,false,Testing,2022-12-30 12:46:48.212,mbpt_hod,2022-12-30 12:42:47.812,57,5,mbpt_hod,,"28",0,true,"","",,,,9,C,D,A,B,421605,10,,false,1982-02-12,9999-01-28,false,false,8313,,Plot,Yes,,,,,,,false,
8293,4,"0101040006",Test,Test,Test1,"",,Mumbai,"101",PRINCESS DOCK,50000.00,test,mbpt_no,2022-11-09 15:25:28.763,A,,true,false,"",2022-11-09 15:26:16.374,mbpt_hod,,56,1,mbpt_hod,,"",0,true,"","",,,,9,C,D,A,B,110002,1,,false,2000-02-01,9999-01-28,false,false,8293,,R.R No,Yes,,,,,,,false,
8137,19,"309010102",PLOT NO.77, , , ,B WARD , ,"1 (Part)",PRINCESS DOCK,254.93,,Mahesh Mohite,2020-07-15 12:13:57.570,A,,true,false, ,,,,58,9,nihar, , ,0,true, , , ,,,97, , , , ,,,"30901308",false,,,false,false,8137,,,,,,,,,,false,
8138,19,"309010103",PLOT NO.67, , , ,B WARD , ,"183/1",PRINCESS DOCK,94.30,,Mahesh Mohite,2020-07-15 12:13:57.570,A,,true,false, ,,,,58,9,nihar, , ,0,true, , , ,,,97, , , , ,,,"30901310",false,,,false,false,8138,,,,,,,,,,false,
8302,12,"0205020002",MbPA Testing 01,mumbai,MbPA Testing,"",,mumbai,"8/384",Colaba,800.00,Testing,mbpt_no,2022-11-30 11:59:33.259,A,,true,false,Test,2022-11-30 12:00:48.552,mbpt_hod,,57,5,mbpt_hod,,"",0,true,"","",,,,9,C,D,A,B,400005,1,,false,2017-06-07,9999-01-28,false,false,8302,,R.R No,Yes,,,,,,,false,
8315,3,"0101030004","",MG road1,building,"100",,bandra,"100",PRINCESS DOCK,3000.00,okk,mbpt_do,2023-01-05 16:25:32.770,RG,,false,false,testing,,,,56,1,mbpt_do,,Q2,0,true,"","",,,,8,"67","56","90","23",110007,1,,false,2022-12-26,9999-01-28,false,false,8315,,Plot,No,,,,,,,false,
8297,66,"0415020001",Test Ctton,Test Ctton street,Test,"123",,Mumbai,"105C/1187",FORT,10000.00,Test,mbpt_no,2022-11-25 11:04:04.342,A,,true,false,test,2022-11-25 11:05:24.998,mbpt_hod,,59,15,mbpt_hod,,"",0,true,"","",,,,9,C,D,A,B,110008,6,,true,2000-02-01,9999-01-28,false,false,8297,,R.R No,Yes,,,,,,,false,
8173,21,"310010231","62/3 BARODA ST", , , ,B WARD , ,FP No.59 (part),PRINCESS DOCK,112.23,,Mahesh Mohite,2020-07-15 12:13:57.570,A,,true,false, ,,,,58,10,nihar, , ,0,true, , , ,,,97, , , , ,,,"31001234",false,,,false,false,8173,,,,,,,,,,true,
8304,12,"0205020004",Letout Testing CDAC,KH,Letout Testing,"01",,Mumbai,"","",800.00,Test,mbpt_do,2022-12-02 14:14:04.987,A,mbpt_no,true,false,Test,2022-12-02 14:15:04.467,mbpt_hod,2022-12-02 14:14:37.903,57,5,mbpt_hod,,"",0,true,"","",,,,9,C,D,A,B,400005,1,,false,2017-12-01,9999-01-28,false,false,8304,,R.R No,Yes,,,,,,,false,
8298,66,"0415020002","","49 49A 6A",CANNAUGHT ,"",,Mazgaon tank bunder,"","",589.47,CANNAUGHT PLOT created by Do,mbpt_do,2022-11-25 16:52:28.882,A,mbpt_no,true,false,Plot creation,2022-11-25 17:04:38.761,mbpt_hod,2022-11-25 17:03:24.733,59,15,mbpt_hod,,"6 CANNAUGHT RD",0,true,"","",,,,9,"20601102",Ghorupdeo,CANNAUGHT RD,"20601103, 4 FML",400010,5,,false,1961-08-01,9999-01-28,false,false,8298,,Plot,Yes,,,,,,,false,
8300,1,"0101010060",NA,NA,NA,NA,,NA,"25/671",MAZGAON,100000.00,"",mbpt_do,2022-11-25 18:42:31.414,A,mbpt_no,true,false,Dummy for Licences,2022-11-25 18:44:00.737,mbpt_hod,2022-11-25 18:43:30.352,56,1,mbpt_hod,,"",0,true,"","",,,,9,NA,NA,NA,NA,110001,1,,false,1990-01-01,9999-01-28,false,false,8300,,R.R No,No,,,,,,,false,
8311,12,"0205020006","",Mumbai,Testing MBPA,"123",,Mumbai,"106/1",MAZGAON,1000.00,Testing,mbpt_do,2022-12-19 13:18:35.722,A,mbpt_no,true,false,Test To Nodal,2022-12-19 13:26:45.862,mbpt_hod,2022-12-19 13:25:19.031,57,5,mbpt_hod,,"58",0,true,"","",,,,9,C,D,A,B,110007,1,,false,2022-12-15,9999-01-28,false,false,8311,,Plot,Yes,,,,,,,false,
5146,39,"413050035",,,,,E,COAL BUNDER,"1",MAZAGAON,338.17,,Mahesh Mohite,2020-03-03 16:20:30.300,A,,true,false,,,,,59,13,,,"233-7",0,true,,,,,,97,PLOT NO.234-7,PLOT NO.232-7,PT LAND,PT LAND,400010,5,"41305117",false,,,false,false,5146,,,,,,,,,,false,
8152,19,"309010117","62 & 63", , , ,B WARD , ,"193/1",PRINCESS DOCK,128.58,,Mahesh Mohite,2020-07-15 12:13:57.570,A,,true,false, ,,,,58,9,nihar, , ,0,true, , , ,,,97, , , , ,,,"30901418",false,,,false,false,8152,,,,,,,,,,true,
8161,21,"310010219","13 POONA ST(NORTH)", , , ,B WARD , ,FP No.27(P) & 28 (P),PRINCESS DOCK,58.99,,Mahesh Mohite,2020-07-15 12:13:57.570,A,,true,false, ,,,,58,10,nihar, , ,0,true, , , ,,,97, , , , ,,,"31001138",false,,,false,false,8161,,,,,,,,,,true,
8162,21,"310010220","13 BET.SHOLAPUR & POONA ST.", , , ,B WARD , ,FP No.27(P) & 28 (P),PRINCESS DOCK,981.07,,Mahesh Mohite,2020-07-15 12:13:57.570,A,,true,false, ,,,,58,10,nihar, , ,0,true, , , ,,,97, , , , ,,,"31001139",false,,,false,false,8162,,,,,,,,,,true,
8172,21,"310010230","62 BARODA ST", , , ,B WARD , ,FP No.59 (part),PRINCESS DOCK,401.90,,Mahesh Mohite,2020-07-15 12:13:57.570,A,,true,false, ,,,,58,10,nihar, , ,0,true, , , ,,,97, , , , ,,,"31001228",false,,,false,false,8172,,,,,,,,,,true,
8155,21,"310010213","4 SOUTH ELPHISTON BRIDGE", , , ,B WARD , ,"180",PRINCESS DOCK,195.10,,Mahesh Mohite,2020-07-15 12:13:57.570,A,,true,false, ,,,,58,10,nihar, , ,0,true, , , ,,,97, , , , ,,,"31001104",false,,,false,false,8155,,,,,,,,,,true,
8171,21,"310010229",RR 1085 THANA STREET, , , ,B WARD , ,FP No.33 (Part),PRINCESS DOCK,387.54,,Mahesh Mohite,2020-07-15 12:13:57.570,A,,true,false, ,,,,58,10,nihar, , ,0,true, , , ,,,97, , , , ,,,"31001150",false,,,false,false,8171,,,,,,,,,,true,
8179,21,"310010237","1331", , , ,B WARD , ,BMC F P No 102,PRINCESS DOCK,542.18,,Mahesh Mohite,2020-07-15 12:13:57.570,A,,true,false, ,,,,58,10,nihar, , ,0,true, , , ,,,97, , , , ,,,"31001437",false,,,false,false,8179,,,,,,,,,,false,
8182,21,"310010240",JUN'ON OF RAICHUR ST&CLIVE RD., , , ,B WARD , ,FP No.133A (part),PRINCESS DOCK,57.22,,Mahesh Mohite,2020-07-15 12:13:57.570,A,,true,false, ,,,,58,10,nihar, , ,0,true, , , ,,,97, , , , ,,,"31001531",false,,,false,false,8182,,,,,,,,,,false,
8185,22,"310020005",BAY NO 5 COMP G BLOCK SOUTH, , , ,B WARD , ,FP No.44 (part),PRINCESS DOCK,106.84,,Mahesh Mohite,2020-07-15 12:13:57.570,A,,true,false, ,,,,58,10,nihar, , ,0,true, , , ,,,97, , , , ,,,"31002349",false,,,false,false,8185,,,,,,,,,,false,
8186,61,"414140003",LAND AT B.I., , , ,B WARD , ,Water Body no CS No,PRINCESS DOCK,3261.03,,Mahesh Mohite,2020-07-15 12:13:57.570,A,,true,false, ,,,,59,14,nihar, , ,0,true, , , ,,,97, , , , ,,,"41414103",false,,,false,false,8186,,,,,,,,,,false,
8188,3,"101030003","72 AT MAHUL VILLAGE.", , , ,M/W WARD, ,C S No 362,TROMBAY,700.00,,Mahesh Mohite,2020-07-15 12:13:57.570,A,,true,false, ,,,,56,1,nihar, , ,0,true, , , ,,,97, , , , ,,,"10103127",false,,,false,false,8188,,,,,,,,,,false,
8190,4,"101040004",PLOT OF LAND, , , ,M/W WARD, ,C S No 476 part),TROMBAY,9.00,,Mahesh Mohite,2020-07-15 12:13:57.570,A,,true,false, ,,,,56,1,nihar, , ,0,true, , , ,,,97, , , , ,,,"10104104",false,,,false,false,8190,,,,,,,,,,false,
8191,5,"101050054",OLD RR 1858, , , ,F/S WARD, ,"281/145",PAREL SEWRI,1957.74,,Mahesh Mohite,2020-07-15 12:13:57.570,A,,true,false, ,,,,56,1,nihar, , ,0,true, , , ,,,97, , , , ,,,"10105220",false,,,false,false,8191,,,,,,,,,,false,
8192,24,"311020120",OLDRR NO 994, , , ,A WARD , ,"60/1187",FORT,320.24,,Mahesh Mohite,2020-07-15 12:13:57.570,A,,true,false, ,,,,58,11,nihar, , ,0,true, , , ,,,97, , , , ,,,"31102105",false,,,false,false,8192,,,,,,,,,,false,
8208,19,"309010132",OLD RR 1526 AT GAMADIA  ROAD, , , ,A WARD , ,,FORT,259.39,,Mahesh Mohite,2020-07-15 12:13:57.570,A,,true,false, ,,,,58,9,nihar, , ,0,true, , , ,,,97, , , , ,,,"30901135",false,,,false,false,8208,,,,,,,,,,false,
8209,19,"309010133",OLD RR 1527 AT GAMADIA  ROAD, , , ,A WARD , ,,FORT,200.67,,Mahesh Mohite,2020-07-15 12:13:57.570,A,,true,false, ,,,,58,9,nihar, , ,0,true, , , ,,,97, , , , ,,,"30901136",false,,,false,false,8209,,,,,,,,,,false,
8210,19,"309010134",OLD RR 1514 AT GAMADIA  ROAD, , , ,A WARD , ,,FORT,146.88,,Mahesh Mohite,2020-07-15 12:13:57.570,A,,true,false, ,,,,58,9,nihar, , ,0,true, , , ,,,97, , , , ,,,"30901137",false,,,false,false,8210,,,,,,,,,,false,
8211,19,"309010135",OLD R R 1500, , , ,A WARD , ,,FORT,584.74,,Mahesh Mohite,2020-07-15 12:13:57.570,A,,true,false, ,,,,58,9,nihar, , ,0,true, , , ,,,97, , , , ,,,"30901139",false,,,false,false,8211,,,,,,,,,,false,
8212,19,"309010136",OLD R R 1518, , , ,A WARD , ,,FORT,195.10,,Mahesh Mohite,2020-07-15 12:13:57.570,A,,true,false, ,,,,58,9,nihar, , ,0,true, , , ,,,97, , , , ,,,"30901140",false,,,false,false,8212,,,,,,,,,,false,
8213,19,"309010137",OLD R R 1520, , , ,A WARD , ,,FORT,190.23,,Mahesh Mohite,2020-07-15 12:13:57.570,A,,true,false, ,,,,58,9,nihar, , ,0,true, , , ,,,97, , , , ,,,"30901141",false,,,false,false,8213,,,,,,,,,,false,
8214,19,"309010138",OLD R R 1612, , , ,A WARD , ,`9/1,FORT,143.54,,Mahesh Mohite,2020-07-15 12:13:57.570,A,,true,false, ,,,,58,9,nihar, , ,0,true, , , ,,,97, , , , ,,,"30901143",false,,,false,false,8214,,,,,,,,,,false,
8215,19,"309010139",OLD R R 1611, , , ,A WARD , ,"34/1",FORT,118.45,,Mahesh Mohite,2020-07-15 12:13:57.570,A,,true,false, ,,,,58,9,nihar, , ,0,true, , , ,,,97, , , , ,,,"30901218",false,,,false,false,8215,,,,,,,,,,false,
8174,21,"310010232",YT 76, , , ,B WARD , ,FP No.70E (part),PRINCESS DOCK,56.95,,Mahesh Mohite,2020-07-15 12:13:57.570,A,,true,false, ,,,,58,10,nihar, , ,0,true, , , ,,,97, , , , ,,,"31001327",false,,,false,false,8174,,,,,,,,,,true,
8175,21,"310010233",Y T 33, , , ,B WARD , ,Part of Road ( T P Scheme ),PRINCESS DOCK,43.13,,Mahesh Mohite,2020-07-15 12:13:57.570,A,,true,false, ,,,,58,10,nihar, , ,0,true, , , ,,,97, , , , ,,,"31001350",false,,,false,false,8175,,,,,,,,,,true,
8177,21,"310010235","87/72", , , ,B WARD , ,FP No.80C (part),PRINCESS DOCK,144.65,,Mahesh Mohite,2020-07-15 12:13:57.570,A,,true,false, ,,,,58,10,nihar, , ,0,true, , , ,,,97, , , , ,,,"31001407",false,,,false,false,8177,,,,,,,,,,true,
8181,21,"310010239",POPRTION OF PLOT 162, , , ,B WARD , ,FP No.130B (part),PRINCESS DOCK,105.35,,Mahesh Mohite,2020-07-15 12:13:57.570,A,,true,false, ,,,,58,10,nihar, , ,0,true, , , ,,,97, , , , ,,,"31001526",false,,,false,false,8181,,,,,,,,,,true,
8178,21,"310010236",FINAL PLOT NO 80/A, , , ,B WARD , ,FP No.80A (part),PRINCESS DOCK,406.43,,Mahesh Mohite,2020-07-15 12:13:57.570,A,,true,false, ,,,,58,10,nihar, , ,0,true, , , ,,,97, , , , ,,,"31001408",false,,,false,false,8178,,,,,,,,,,true,
5488,14,"206010031","34",,,,, MAZGAON TANK BUNDER,"26/671",MAZGAON,101.91,,Mahesh Mohite,2020-03-03 16:20:30.300,A,,true,false,,,,,57,6,do_CD_shreyas,,,0,true,,,,,,97,Ghorupdeao Cross Road  No 3,PLOT NO.35,PLOT NO.33,Ghorupdeo Cross Road No.1,400010,5,"20601132
",false,,,false,false,5488,,,,,,,,,,false,
5489,14,"206010032","35",,,,,MAZGAON TANK BUNDER,"26/671",MAZGAON,94.76,,Mahesh Mohite,2020-03-03 16:20:30.300,A,,true,false,,,,,57,6,do_CD_shreyas,,,0,true,,,,,,97,PLOT NO.34,GHORUPDEO ROAD,PLOT NO.36,Ghorupdeo Cross Road No.1,400010,5,"20601133
",false,,,false,false,5489,,,,,,,,,,false,
5491,14,"206010034","37",,,,, MAZGAON TANK BUNDER,"26/671",MAZGAON,113.71,,Mahesh Mohite,2020-03-03 16:20:30.300,A,,true,false,,,,,57,6,do_CD_shreyas,,,0,true,,,,,,97,PLOT NO.32,GHORUPDEO ROAD,PLOT NO.38,PLOT NO.36,400010,5,"20601135
",false,,,false,false,5491,,,,,,,,,,false,
5492,14,"206010035","38",,,,, MAZGAON TANK BUNDER,"26/671",MAZGAON,55.65,,Mahesh Mohite,2020-03-03 16:20:30.300,A,,true,false,,,,,57,6,do_CD_shreyas,,,0,true,,,,,,97,PLOT NO.32,GHORUPDEO ROAD,PLOT NO.39,PLOT NO.37,400010,5,"20601136
",false,,,false,false,5492,,,,,,,,,,false,
5493,14,"206010036","39",,,,, MAZGAON TANK BUNDER,"26/671",MAZGAON,236.90,,Mahesh Mohite,2020-03-03 16:20:30.300,A,,true,false,,,,,57,6,do_CD_shreyas,,,0,true,,,,,,97,PLOT NO.29 & 30,GHORUPDEO ROAD,PLOT NO.40,PLOT NO.38,400010,5,"20601137
",false,,,false,false,5493,,,,,,,,,,false,
5494,14,"206010037","40",,,,, MAZGAON TANK BUNDER,"24/671",MAZGAON,257.34,,Mahesh Mohite,2020-03-03 16:20:30.300,A,,true,false,,,,,57,6,do_CD_shreyas,,,0,true,,,,,,97,PLOT NO.28,GHORUPDEO ROAD,PLOT NO.27A,PLOT NO.39,400010,5,"20601138
",false,,,false,false,5494,,,,,,,,,,false,
5495,14,"206010038","42",,,,, MAZGAON TANK BUNDER,"671",MAZAGAON,143.81,,Mahesh Mohite,2020-03-03 16:20:30.300,A,,true,false,,,,,57,6,do_CD_shreyas,,,0,true,,,,,,97,PLOT NO.43,PLOT NO.41-B,CANNAUGHT ROAD,PLOT NO.43,400010,5,"20601142
",false,,,false,false,5495,,,,,,,,,,false,
7925,38,"413040220","68/3",,Open Plot,,E,,"1",MAZAGAON,102.19,,Mahesh Mohite,2020-05-09 18:01:36.360,A,,true,false,,,,,59,13,,,,0,true,,,,,,97,,,,,,,"41304218",false,,,false,false,7925,,,,,,,,,,false,
8250,21,"310010246",OLD RR NO 1358, , , ,B WARD , ,FP No.141 (part),PRINCESS DOCK,100.99,,Mahesh Mohite,2020-07-15 12:13:57.570,A,,true,false, ,,,,58,10,nihar, , ,0,true, , , ,,,97, , , , ,,,"31001601",false,,,false,false,8250,,,,,,,,,,false,
8301,66,"0415020004","2038","",Test,"",,mumbai,"","",500.00,Test,mbpt_no,2022-11-28 17:35:10.331,A,,true,false,"",2022-11-28 17:36:12.290,mbpt_hod,,59,15,mbpt_hod,,"",0,true,"","",,,,9,C,D,A,B,400005,1,,false,2013-12-01,9999-01-28,false,false,8301,,R.R No,Yes,,,,,,,false,
8299,66,"0415020003","","49 49A 6A",CANNAUGHT ,ke08096400,,Mazgaon tank bunder,"346/145",PAREL SEWRI,589.47,plot creation,mbpt_do,2022-11-25 17:02:04.756,RG,,false,false,test,,,,59,15,mbpt_do,, CANNAUGHT RD,0,true,"","",,,,8,"20601102",Ghorupdeo,CANNAUGHT RD,"20601103, 4 FML",400010,5,,false,1961-08-01,9999-01-28,false,false,8299,,Plot,Yes,,,,,,,false,
8327,1,"0101010065",N1,ashoka road,neha,"100",,nashik,"101",PRINCESS DOCK,1200.00,okk,mbpt_no,2023-03-02 14:19:36.192,A,,true,false,testing,2023-03-02 14:22:50.166,mbpt_hod,,56,1,mbpt_hod,,"",0,true,"","",,,,9,"78","23","90","20",110005,1,,false,2023-03-01,9999-01-28,false,false,8327,,R.R No,Yes,,,,,,,false,
3059,1,"101010017",NEW WADALA MARKET,"","","",F/N,WADALA,"9/358",DADAR-NAIGAON,2036.53,,Mahesh Mohite,2020-03-03 16:20:30.300,A,mbpt_no,true,false,,,,,56,1,mbpt_no,"","",0,true,"","",,,,8,"52","65","72","82",400035,6,"10101101,10101102,10101103,10101104,10101105,10101106,10101107,10101108,10101109,10101110,10101111,10101112,10101113,10101114,10101115,10101116,10101117,10101118,10101119,10101120,10101121,10101122,10101123,10101124,10101125,10101246,10101151,10101226",false,2021-01-07,,false,false,3059,,,,,,,,,,false,
5513,14,"206010052","79",,,,, MAZGAON TANK BUNDER,"632",MAZGAON,236.90,,Mahesh Mohite,2020-03-03 16:20:30.300,A,,true,false,,,,,57,6,do_CD_shreyas,,,0,true,,,,,,97,REAY ROAD,PLOT NO.81,PLOT NO.78,PLOT NO.80,400010,5,"20601220
",false,,,false,false,5513,,,,,,,,,,false,
5158,39,"413050043",,,,,E,COAL BUNDER,"1",MAZAGAON,69.68,,Mahesh Mohite,2020-03-03 16:20:30.300,A,,true,false,,,,,59,13,,,"240A-2A",0,true,,,,,,97,PT ROAD,PLOT NO.240-2A,PLOT NO.240-2A,COAL BUNDER ROAD,400010,5,"41305123",true,,,false,false,5158,,,,,,,,,,false,
3049,1,"101010007",ADDL.LAND INFRONT OF STALL - 2,,OPEN PLOT,,F/N,WADALA,"358",DADAR-NAIGAON,2.04,,Mahesh Mohite,2020-03-03 16:20:30.300,A,,true,false,,,,,56,1,,,,0,true,,,,,,97,LAND WITH MbPT SISTER DEPT.,STALL - 2,PLOT : ADDL. LAND INFRONT OF STALL-3,PLOT : ADDL. LAND INFRONT OF STALL-1,400035,6,"10101227",false,,,false,false,3049,,,,,,,,,,false,
7617,16,"207010056","4 MAGAZINE STREET",,Private Structure,,E,,"1",MAZAGAON,49.05,,Mahesh Mohite,2020-05-09 18:01:36.360,A,,true,false,,,,,57,7,,,,0,true,,,,,,97,,,,,,,"20701105",false,,,false,false,7617,,,,,,,,,,false,
7653,16,"207010092","226 AT THE JUNCTION.",,Private Structure,,E,,"1",MAZAGAON,484.49,,Mahesh Mohite,2020-05-09 18:01:36.360,A,,true,false,,,,,57,7,,,,0,true,,,,,,97,,,,,,,"20701148",false,,,false,false,7653,,,,,,,,,,false,
7637,16,"207010076","203 & 210",,Private Structure,,E,,"1",MAZAGAON,213.49,,Mahesh Mohite,2020-05-09 18:01:36.360,A,,true,false,,,,,57,7,,,,0,true,,,,,,97,,,,,,,"20701129",false,,,false,false,7637,,,,,,,,,,true,
3099,4,"101040001",LEASE OF P.T.LAND,,,,M,PIR PAU PIER, , ,3609.09,,Mahesh Mohite,2020-03-03 16:20:30.300,A,,true,false,,,,,56,1,,,,0,true,,,"4",,,97,,,,,400074,9,"10104103",false,,,false,false,3099,,,,,,,,,,true,
8222,9,"103010123",OLD ARP'B'-5, , , ,F/S WARD, ,"145 (part )",PAREL SEWRI,293.05,,Mahesh Mohite,2020-07-15 12:13:57.570,A,,true,false, ,,,,56,3,nihar, , ,0,true, , , ,,,97, , , , ,,,"10301537",false,,,false,false,8222,,,,,,,,,,true,
7904,18,"208020001",SHOP 4 BPT CHAWL WADI BUNDER,,Mb.P.T. Structure,,E,,"75",MAZAGAON,20.81,,Mahesh Mohite,2020-05-09 18:01:36.360,A,,true,false,,,,,57,8,,,,0,true,,,,,,97,,,,,,,"20802101",false,,,false,false,7904,,,,,,,,,,true,
7905,18,"208020002",SHOP 5 WADI BR BPT CHAWL,,Mb.P.T. Structure,,E,,"75",MAZAGAON,17.84,,Mahesh Mohite,2020-05-09 18:01:36.360,A,,true,false,,,,,57,8,,,,0,true,,,,,,97,,,,,,,"20802102",false,,,false,false,7905,,,,,,,,,,true,
8248,21,"310010244",OLD RR NO 1143, , , ,B WARD , ,,PRINCESS DOCK,297.01,,Mahesh Mohite,2020-07-15 12:13:57.570,A,,true,false, ,,,,58,10,nihar, , ,0,true, , , ,,,97, , , , ,,,"31001402",false,,,false,false,8248,,,,,,,,,,true,
8247,21,"310010243",OIDRR1589, , , ,B WARD , ,FP No.55 (part),PRINCESS DOCK,310.37,,Mahesh Mohite,2020-07-15 12:13:57.570,A,,true,false, ,,,,58,10,nihar, , ,0,true, , , ,,,97, , , , ,,,"31001221",false,,,false,false,8247,,,,,,,,,,true,
8251,12,"205020001",OLD R R NO 876, , , ,TITWALA, ,S No. 21 & 166,,283952.94,,Mahesh Mohite,2020-07-15 12:13:57.570,A,,true,false, ,,,,57,5,nihar, , ,0,true, , , ,,,97, , , , ,,,"20502220",false,,,false,false,8251,,,,,,,,,,true,
7916,18,"208020013",NEW SHOP NO 6 WADI BUNDER,,Mb.P.T. Structure,,E,,"75",MAZAGAON,21.45,,Mahesh Mohite,2020-05-09 18:01:36.360,A,,true,false,,,,,57,8,,,,0,true,,,,,,97,,,,,,,"20802114",false,,,false,false,7916,,,,,,,,,,true,
3051,1,"101010009",ADJ TO R.R.1646 & 1673,,,,F/S,WADALA,"7A/358",DADAR-NAIGAON,124.12,,Mahesh Mohite,2020-03-03 16:20:30.300,A,,true,false,,,,,56,1,,,,0,true,,,"4",,,97,MbPT HOSPITAL ROAD,MbPT LAND,RR - 1673,O.P.L. YARD.,400035,7,"10101138",false,,,false,false,3051,,,,,,,,,,true,
3078,1,"101010034",R R 1739,,PRIVATE STRUCTURE,,F/S,WADALA,"16/358",DADAR-NAIGAON,5088.53,,Mahesh Mohite,2020-03-03 16:20:30.300,A,,true,false,,,,,56,1,,,,0,true,,,,,,97,INDIAN OIL CORP. LTD. & OPEN LAND,HINDUSTAN PETROLEUM CORP. & ,OPEN LAND & L.M. NADKARNI MARG,HINDUSTAN PETROLEUM CORP.,400035,7,"10101213",false,,,false,false,3078,,,,,,,,,,true,
3119,5,"101050017",OLD RR 1858,,MBPT STRUCTURE,,F/S,SEWREE (EAST),"281/45",PAREL-SEWERI,1957.74,,Mahesh Mohite,2020-03-03 16:20:30.300,A,,true,false,,,,,56,1,,,,0,true,,,,,,97,OPEN LAND,OPEN LAND & STALL SITE NO. 1,MbPT LAND,OPEN LAND,400015,7,"10105205",false,,,false,false,3119,,,,,,,,,,true,
3303,9,"103010054",OLD R R NO.1015,,MbPT STRUCTURE,,F/S,MAZGAON SEWREE RECLAMATION (COTTON DEPOT),"297/145",PAREL-SEWERI,32.98,,Mahesh Mohite,2020-03-03 16:20:30.300,A,,true,false,,,,,56,3,,,,0,true,,,,,,97,MbPT LAND,RAILWAY SIDING,MbPT LAND,SUBSTATION,400033,7,"10301431",false,,,false,false,3303,,,,,,,,,,true,
5490,14,"206010033","36",,,,, MAZGAON TANK BUNDER,"26/671",MAZGAON,49.80,,Mahesh Mohite,2020-03-03 16:20:30.300,A,,true,false,,,,,57,6,do_CD_shreyas,,,0,true,,,,,,97,PLOT NO.33,GHORUPDEO ROAD,PLOT NO.37,PLOT NO.35,400010,5,"20601134
",false,,,false,false,5490,,,,,,,,,,true,
7993,7,"102020039",R R NO 2086, , , ,E WARD , ,"3/670",MAZGAON,20.88,,Mahesh Mohite,2020-07-15 12:13:57.570,A,,true,false, ,,,,56,2,nihar, , ,0,true, , , ,,,97, , , , ,,,"10202102",false,,,false,false,7993,,,,,,,,,,true,
4639,19,"309010060",PLOT NO 78,,,,B,ELPHINSTON (EAST),"44013",PRINCESS DOCK,53.51,,Mahesh Mohite,2020-03-03 16:20:30.300,A,,true,false,,,,,58,9,,,,0,true,,,,,,97,P.T PASSAGE,PLOT NO. 67,B.P.T D-SP,PLOT NO. 07,400009,2,"30901309",false,,,false,false,4639,,,,,,,,,,true,
7996,7,"102020042","135", , , ,E WARD , ,"2A2/671",MAZGAON,380.72,,Mahesh Mohite,2020-07-15 12:13:57.570,A,,true,false, ,,,,56,2,nihar, , ,0,true, , , ,,,97, , , , ,,,"10202114",false,,,false,false,7996,,,,,,,,,,true,
7575,14,"206010089",R R NO 1927,,Private Structure,,E,,"14/671",MAZAGAON,748.61,,Mahesh Mohite,2020-05-09 18:01:36.360,A,,true,false,,,,,57,6,,,,0,true,,,,,,97,,,,,,,"20601106",false,,,false,false,7575,,,,,,,,,,true,
5185,39,"413050065",,,,,E,COAL BUNDER,"1",MAZAGAON,113.71,,Mahesh Mohite,2020-03-03 16:20:30.300,A,,true,false,,,,,59,13,,,"266-15",0,true,,,,,,97,PLOT NO.265-15,PLOT NO.267-15,PLOT NO.270-15,MbPT ROAD,400010,5,"41305139",true,,,false,false,5185,,,,,,,,,,true,
3291,9,"103010044","LEASE JETHAS G 125,126,128&129",,PRIVATE STRUCTURE,,E,MAZGAON SEWREE RECLAMATION (COTTON DEPOT), , ,1564.20,,Mahesh Mohite,2020-03-03 16:20:30.300,A,,true,false,,,,,56,3,,,,0,true,,,,,,97,MbPT ROAD,"7th STREET",PLOT : H-117,LEASED JETHAS 124 TO 127,400033,5,"10301624",true,,,false,false,3291,,,,,,,,,,true,
8234,19,"309010149",OLD RR 1621 MANSON ROAD, , , ,B WARD , ,"13-Jan",PRINCESS DOCK,143.54,,Mahesh Mohite,2020-07-15 12:13:57.570,A,,true,false, ,,,,58,9,nihar, , ,0,true, , , ,,,97, , , , ,,,"30901146",false,,,false,false,8234,,,,,,,,,,true,
7959,26,"312020080","36 D 3", , , ,A WARD , ,"67 (Part)",Colaba,26.85,,Mahesh Mohite,2020-07-15 12:13:57.570,A,,true,false, ,,,,58,12,nihar, , ,0,true, , , ,,,97, , , , ,,,"31202206",false,,,false,false,7959,,,,,,,,,,true,
7989,23,"311010068",BEHIND STRAND HOUSE, , , ,A WARD , ,"132/1187 ",FORT,37.40,,Mahesh Mohite,2020-07-15 12:13:57.570,A,,true,false, ,,,,58,11,nihar, , ,0,true, , , ,,,97, , , , ,,,"31101238",false,,,false,false,7989,,,,,,,,,,true,
7944,10,"104010234",R R 1465 & 1466, , , ,E WARD , ,"158/1",MAZGAON,7646.85,,Mahesh Mohite,2020-07-15 12:13:57.570,A,,true,false, ,,,,56,4,nihar, , ,0,true, , , ,,,97, , , , ,,,"10401203",false,,,false,false,7944,,,,,,,,,,true,
7961,26,"312020082","36 C/E", , , ,A WARD , ,"67 (Part)",Colaba,2.23,,Mahesh Mohite,2020-07-15 12:13:57.570,A,,true,false, ,,,,58,12,nihar, , ,0,true, , , ,,,97, , , , ,,,"31202211",false,,,false,false,7961,,,,,,,,,,true,
7955,26,"312020076",LAND ADJ TO GO DOWN NO 169, , , ,A WARD , ,"67 (Part)",Colaba,22.95,,Mahesh Mohite,2020-07-15 12:13:57.570,A,,true,false, ,,,,58,12,nihar, , ,0,true, , , ,,,97, , , , ,,,"31202130",false,,,false,false,7955,,,,,,,,,,true,
8008,16,"207010152","219 QUAY STREET", , , ,E WARD , ,"1 (Part)",MAZGAON,330.96,,Mahesh Mohite,2020-07-15 12:13:57.570,A,,true,false, ,,,,57,7,nihar, , ,0,true, , , ,,,97, , , , ,,,"20701142",false,,,false,false,8008,,,,,,,,,,true,
8061,9,"103010114",OPEN JETHA D 65, , , ,F/S WARD, ,"45/145",PAREL SEWRI,227.43,,Mahesh Mohite,2020-07-15 12:13:57.570,A,,true,false, ,,,,56,3,nihar, , ,0,true, , , ,,,97, , , , ,,,"10301515",false,,,false,false,8061,,,,,,,,,,true,
8056,9,"103010109",NORTH OF GDN.NO.J-154 PLOT NO3, , , ,F/S WARD, ,"145 (part)",PAREL SEWRI,91.97,,Mahesh Mohite,2020-07-15 12:13:57.570,A,,true,false, ,,,,56,3,nihar, , ,0,true, , , ,,,97, , , , ,,,"10301405",false,,,false,false,8056,,,,,,,,,,true,
8109,10,"104010277",ADDL.LAND OF EAST OF R R 1669, , , ,F/S WARD, ,"145 (part)",PAREL SEWRI,279.29,,Mahesh Mohite,2020-07-15 12:13:57.570,A,,true,false, ,,,,56,4,nihar, , ,0,true, , , ,,,97, , , , ,,,"10401644",false,,,false,false,8109,,,,,,,,,,true,
8094,10,"104010262","28 C OF COAL DEPOT", , , ,F/S WARD, ,"145 (part)",PAREL SEWRI,427.26,,Mahesh Mohite,2020-07-15 12:13:57.570,A,,true,false, ,,,,56,4,nihar, , ,0,true, , , ,,,97, , , , ,,,"10401346",false,,,false,false,8094,,,,,,,,,,true,
8134,19,"309010099",PLOT NO 48 AT MANSON ROAD, , , ,B WARD , ,"36/1 (part)",PRINCESS DOCK,35.44,,Mahesh Mohite,2020-07-15 12:13:57.570,A,,true,false, ,,,,58,9,nihar, , ,0,true, , , ,,,97, , , , ,,,"30901244",false,,,false,false,8134,,,,,,,,,,true,
8189,4,"101040003",LEASE OF LAND, , , ,M/W WARD, ,C S No 476 part),TROMBAY,7150.23,,Mahesh Mohite,2020-07-15 12:13:57.570,A,,true,false, ,,,,56,1,nihar, , ,0,true, , , ,,,97, , , , ,,,"10104102",false,,,false,false,8189,,,,,,,,,,true,
8218,19,"309010142",OLD R R 1829, , , ,A WARD , ,"59/1",FORT,194.26,,Mahesh Mohite,2020-07-15 12:13:57.570,A,,true,false, ,,,,58,9,nihar, , ,0,true, , , ,,,97, , , , ,,,"30901223",false,,,false,false,8218,,,,,,,,,,true,
8187,3,"101030002",P.T.LAND S.NO.83 AT AMBAPADA, , , ,M/W WARD, ,C S No 362,TROMBAY,23500.00,,mbpt_no,2024-02-08 12:53:31.224,SIP,,true,false, ,,,,56,1,mbpt_no, , ,0,true, , , ,,,97, , , , ,,,"10103126",false,,,false,false,8187,,,,"2",,,,,SIP,true,
7994,7,"102020040","28", , , ,E WARD , ,"2/671",MAZGAON,1060.12,,Mahesh Mohite,2020-07-15 12:13:57.570,A,,true,false, ,,,,56,2,nihar, , ,0,true, , , ,,,97, , , , ,,,"10202104",false,,,false,false,7994,,,,,,,,,,true,
3355,9,"103010106",WEST PORN OF SHED TW-2(HALF PN,,PRIVATE STRUCTURE,,F/S,MAZGAON SEWREE RECLAMATION (COTTON DEPOT),"410/145",PAREL-SEWERI,6553.00,,Mahesh Mohite,2020-03-03 16:20:30.300,A,,true,false,,,,,56,3,,,,0,true,,,,,,97,EAST PORTION OF SHED TW-2 (HALF),MbPT PASSAGE,"4th AVENUE",RR – 1846,400033,7,"10301625",false,,,false,false,3355,,,,,,,,,,true,
3264,9,"103010017",EAST PORTION OF SHED TW-2,,MbPT STRUCTURE,,F/S,MAZGAON SEWREE RECLAMATION (COTTON DEPOT),"410/145",PAREL-SEWERI,5645.63,,Mahesh Mohite,2020-03-03 16:20:30.300,A,,true,false,,,,,56,3,,,,0,true,,,,,,97,RAILWAY SIDING,WEST PORTION OF SHED TW-2,"4th AVENUE",MbPT LAND,400033,7,"10301627",false,,,false,false,3264,,,,,,,,,,true,
3561,10,"104010194",Q-SOUTH MAZAGAON SEWREE RECLN.,,PRIVATE STRUCTURE,,F/S,MAZGAON SEWREE RECLAMATION (GRAIN & COTTON DEPOT),"145",PAREL-SEWERI,1264.80,,Mahesh Mohite,2020-03-03 16:20:30.300,A,,true,false,,,,,56,4,,,,0,true,,,,,,97,MbPT ROAD,RAILWAY SIDING,PLOT NO. Q (NORTH),MbPT ROAD,400015,7,"10401207",true,,,false,false,3561,,,,,,,,,,true,
8233,19,"309010148",OLD R R 1866, , , ,B WARD , ,"01-Dec",PRINCESS DOCK,143.54,,Mahesh Mohite,2020-07-15 12:13:57.570,A,,true,false, ,,,,58,9,nihar, , ,0,true, , , ,,,97, , , , ,,,"30901145",false,,,false,false,8233,,,,,,,,,,true,
8154,19,"309010119","114,115,116,117coterminous with plt 159&159A", , , ,B WARD , ,"1 (Part)",PRINCESS DOCK,1200.12,,Mahesh Mohite,2020-07-15 12:13:57.570,A,,true,false, ,,,,58,9,nihar, , ,0,true, , , ,,,97, , , , ,,,"30901468",false,,,false,false,8154,,,,,,,,,,true,
4463,26,"312020040",GODOWN NO 162 & Plot 29,,,,A,SASSOON DOCK,"67",COLABA,419.98,,Mahesh Mohite,2020-03-03 16:20:30.300,A,mbpt_no,true,false, Date: 16-12-2019 User: mbpt_no <br>Remark: For sample<br> <br> Date: 16-12-2019 User: mbpt_hod <br>Remark: For sample<br>,,mbpt_hod,,58,12,mbpt_hod,,,0,true,,,,,,97,VACANT STRUCTURE 24-A,PLOT NO. 29-A ,MT 163-A,PLOT NO. 29,400005,1,"31202139",false,,,false,false,4463,,,,,,,,,,true,
4687,29,"312050025",R R 647,,,,A,APPOLO RECLAMATION ,"465",COLABA,428.66,,Mahesh Mohite,2020-03-03 16:20:30.300,A,mbpt_no,true,false, Date: 20-12-2019 User: mbpt_no <br>Remark: For sample<br> <br> Date: 20-12-2019 User: mbpt_hod <br>Remark: For sample<br>,,mbpt_hod,,58,12,mbpt_hod,,,0,true,,,,,,97,RR NO. 633,RR NO. 582,CHATRAPATI SHIVAJI MAHARAJ MARG,RR NO. 741 & RR NO. 871,400009,1,"31205102",false,,,false,false,4687,,,,,,,,,,true,
4992,42,"413080004",,,,,F/S,BRICK BUNDER,"435/145",PAREL-SEWERI,139.08,,Mahesh Mohite,2020-03-03 16:20:30.300,A,,true,false,,,,,59,13,,,"12-D",0,true,,,,,,97,"PLOT NO.14,16","PLOT NO.11,3",PLOT NO.17,PLOT NO.13,400010,7,"41308110",false,,,false,false,4992,,,,,,,,,,true,
4883,26,"312020064",RR NO.1455,,,,A,SASSOON DOCK,"24654",COLABA,972.88,,Mahesh Mohite,2020-03-03 16:20:30.300,A,mbpt_no,true,false," Date: 17-12-2019 User: mbpt_no <br>Remark: city survey no. format is date format ,correct it<br> <br> Date: 18-12-2019 User: mbpt_no <br>Remark: For sample<br> <br> Date: 18-12-2019 User: mbpt_hod <br>Remark: For sample<br>",,mbpt_hod,,58,12,mbpt_hod,,,0,true,,,,,,97,PLOT NO. 31-A & PLOT NO. 31FML,VACANT 45- & PLOT NO. 44 & PLOT NO. 43FML,VACANT OPEN,MB.P.T ROAD,400005,1,"31202226",true,,,false,false,4883,,,,,,,,,,true,
3731,11,"205010010","2(SEWREE GADI ADDA)",,,,E,MAZGAON SEWREE RECLAMATION (EAST),"276C/145",PAREL-SEWERI,289.21,,Mahesh Mohite,2020-03-03 16:20:30.300,A,,true,false,,,,,57,5,,,,0,true,,,,,,97,P T ROAD,ROAD,P.T Road,(7) 17,400033,5,"20501145",true,,,false,false,3731,,,,,,,,,,true,
4234,19,"309010010","159",,,,B,ELPHINSTON (EAST),"42/1",PRINCESS DOCK,11569.68,,Mahesh Mohite,2020-03-03 16:20:30.300,A,,true,false,,,,,58,9,,,,0,true,,,,,,97,EXPORT SHED,P.T ROAD,C O N T A I N E R S C A N N I N G F O R O C T,RR NO. 113,400009,2,"30901428",false,,,false,false,4234,,,,,,,,,,true,
3220,7,"102020036",RR 2060 AT ARCHED BUNGLOW,,OPEN PLOT,,E,FRERE LAND,"747",MAZAGAON,2926.44,,Mahesh Mohite,2020-03-03 16:20:30.300,A,,true,false,,,,,56,2,,,,0,true,,,,,,97,CS NO. 748,MbPT ROAD,MbPT PASSAGE,GHORUP DEO,400033,5,"10202219",false,,,false,false,3220,,,,,,,,,,true,
4613,26,"312020052",P T 161 & MbPT QRTS,,,,A,SASSOON DOCK,"67",COLABA,519.65,,Mahesh Mohite,2020-03-03 16:20:30.300,A,mbpt_no,true,false, Date: 18-12-2019 User: mbpt_no <br>Remark: For sample<br> <br> Date: 18-12-2019 User: mbpt_hod <br>Remark: For sample<br>,,mbpt_hod,,58,12,mbpt_hod,,,0,true,,,,,,97,"174-MBPT QUARTERS.",P.T PASSAGE,P.T PASSAGE,P.T PASSAGE,400005,1,"31202147",false,,,false,false,4613,,,,,,,,,,true,
3443,10,"104010082","27 AT COAL DEPOT",,OPEN PLOT,,F/S,MAZGAON SEWREE RECLAMATION (GRAIN & COTTON DEPOT),"145",PAREL-SEWERI,166.85,,Mahesh Mohite,2020-03-03 16:20:30.300,A,,true,false,,,,,56,4,,,,0,true,,,,,,97,PLOT : 26,RAILWAY SIDING,PLOT : 28,MbPT PASSAGE,400015,7,"10401302",false,,,false,false,3443,,,,,,,,,,true,
4539,24,"311020026",OLD R R NO 2082,,,,A,MODY BAY,"1156",FORT,401.53,,Mahesh Mohite,2020-03-03 16:20:30.300,A,,true,false,,,,,58,11,,,,0,true,,,,,,97,RR NO. 1371,RR NO. 639,GOA STREET,RR NO. 1337,400001,1,"31102139",false,,,false,false,4539,,,,,,,,,,true,
5317,42,"413080048",,,,,F/S,BRICK BUNDER,"145",PAREL-SEWERI,193.33,,Mahesh Mohite,2020-03-03 16:20:30.300,A,,true,false,,,,,59,13,,,"55-A",0,true,,,,,,97,PLOT NO.54-A,PLOT NO.56-A,PLOT NO.45-A,PT LAND,400010,7,"41308204",false,,,false,false,5317,,,,,,,,,,true,
7565,11,"205010041",ADDL.LAND NORTH OF OLD RR 1655,,Private Structure,,F/S,,"145",PAREL-SEWERI,1702.26,,Mahesh Mohite,2020-05-09 18:01:36.360,A,,true,false,,,,,57,5,,,,0,true,,,,,,97,,,,,,,"20501142",false,,,false,false,7565,,,,,,,,,,true,
7909,18,"208020006",STALL 11 BPT CHAWL WADI BR,,Mb.P.T. Structure,, ,, , ,1.49,,Mahesh Mohite,2020-05-09 18:01:36.360,A,,true,false,,,,,57,8,,,,0,true,,,,,,97,,,,,,,"20802106",false,,,false,false,7909,,,,,,,,,,true,
3193,7,"102020010","137 (PORTION OF RR-2060)",,OPEN PLOT,,E,FRERE LAND,"4/748",MAZAGAON,35.12,,Mahesh Mohite,2020-03-03 16:20:30.300,A,,true,false,,,,,56,2,,,,0,true,,,,,,97,C.S NO. 748,RR – 2060,RR – 2060,C.S. NO. 740,400033,5,"10202217",false,,,false,false,3193,,,,,,,,,,true,
4940,40,"413060008",,,,,E,NEW TANK BUNDER,"1",MAZAGAON,722.14,,Mahesh Mohite,2020-03-03 16:20:30.300,A,,true,false,,,,,59,13,,,"318",0,true,,,,,,97,MbPT ROAD,PLOT NO.317,MbPT ROAD,MbPT LAND,400010,5,"41306213",true,,,false,false,4940,,,,,,,,,,true,
4933,60,"414130015","29",,,,G/N,MAHIM BUNDER, , ,144.65,,Mahesh Mohite,2020-03-03 16:20:30.300,A,,true,false,,,,,59,14,,,,0,true,,,"4",,,97,,,,,400001,8,"41413112",false,,,false,false,4933,,,,,,,,,,true,
