source_plot_id,plot_code,rr_no,street_no,main_structure_name,location,city_survey_no,city_survey_div,plot_area_sqm,plot_desc,plot_status,plot_active,is_vacant,owner,owner_name,owner_contactno,dept_name,estate_id,div_id,plot_unit_id,ward_id,zone_id,zone_detail_id,plot_customer_code,mcgm_allotted_no,mcgm_plot_no,existing_plot_no,reservation,rrzone2017,mbpt_road_connectivity,schedule_east,schedule_west,schedule_north,schedule_south,pincode,plot_remarks,let_out_id,let_out_name,letout_status,letout_recorded_area_sqm,letout_land_area_sqm,letout_billable_area_sqm,letout_dept_id,letout_from_date,letout_to_date,existing_tenancy_id,existing_tenancy_unit_id,tenancy_mapping_active,tenancy_allotted,existing_tenant_name,existing_current_rent,existing_commercial_rent,existing_g_sec_rate,existing_lease_years,existing_agreement_start_date,existing_agreement_end_date,existing_lac_approval_date,existing_chairman_approval_date,existing_board_approval_date,existing_tamps_approval_date,existing_upfront_premium_flag,existing_upfront_premium_amount,tenancy_area_sqm,tenancy_consumed_fsi,tenancy_recorded_built_up_area_sqm,tenancy_commercial_built_up_area_sqm,tenancy_area_active,tenancy_area_from_date,tenancy_area_to_date,recorded_planning_fsi,recorded_additional_fsi,recorded_fsi_addition,recorded_planning_built_up_area_sqm,crz_applicable,re_develop_applicable,application_tenancy_id,application_status,application_allotted,existing_application_purpose,existing_allotment_basis,existing_application_lease_start_date,existing_application_lease_end_date,existing_tender_number,existing_tender_id,existing_tender_description,existing_application_rate,existing_rate_revision_percent,existing_rate_revision_amount,existing_application_upfront_premium,existing_security_deposit,existing_application_agreement_date,existing_sor_applicable_date,recorded_rr_land_value,rr_land_value_from_date,rr_land_value_to_date,recorded_sor_market_value,sor_market_value_from_date,sor_market_value_to_date,zone_home_rate,zone_non_home_rate,zone_annual_increment,zone_rate_from_date,zone_rate_to_date
3044,101010002,5,,,WADALA,6 (PT),SALT PAN,3.53,,A,False,True,True,,,4,1,56,1,6,,,10101145,,,,,,False,,,,,400035,,409,5,A,,,3.5300,4,,,10101145,1,True,True,,,,,,,,,,,,False,,3.5300,0.0000,0.0000,0.0000,True,1873-01-01,,,,,,,,10101145,APPROVED,True,,Other,1965-05-01,,0,,,0,0.00,0.00,0,0,,,,,,,,,,,,,
3045,101010003,5,,OPEN PLOT,WADALA,358,DADAR-NAIGAON,16.72,,A,False,True,True,,,,1,56,1,6,,,10101237,,,,,,False,LAND WITH MbPT SISTER DEPT.,L. M. NADKARNI MARG.,L. M. NADKARNI MARG.,L. M. NADKARNI MARG.,400035,,4919,5,A,,,16.7200,4,,,10101237,1,True,True,,,,,,,,,,,,False,,16.7200,0.0000,0.0000,0.0000,True,1873-01-01,,,,,,,,10101237,APPROVED,True,,Other,1965-08-28,,0,,,0,0.00,0.00,0,0,,,,,,,,,,,,,
3046,101010004,6,,OPEN PLOT,WADALA,8A/358,DADAR-NAIGAON,16.72,,A,False,True,True,,,,1,56,1,6,,,10101238,,,,,,False,L. M. NADKARNI MARG,LAND WITH MbPT SISTER DEPT.,L. M. NADKARNI MARG,L. M. NADKARNI MARG,400035,,4920,6,A,,,16.7200,4,,,10101238,1,True,True,,,,,,,,,,,,False,,16.7200,0.0000,0.0000,0.0000,True,1873-01-01,,,,,,,,10101238,APPROVED,True,,Other,1961-11-07,,0,,,0,0.00,0.00,0,0,,,,,,,,,,,,,
3051,101010009,ADJ TO R.R.1646 & 1673,,,WADALA,7A/358,DADAR-NAIGAON,124.12,,A,False,True,True,,,4,1,56,1,7,,,10101138,,,,,,False,MbPT HOSPITAL ROAD,MbPT LAND,RR - 1673,O.P.L. YARD.,400035,,416,ADJ TO R.R.1646 & 1673,A,,,124.1200,4,,,10101138,1,True,True,,,,,,,,,,,,False,,124.1200,0.0000,0.0000,0.0000,True,1873-01-01,,,,,,,,10101138,APPROVED,True,storage of non-hazardous goods & office in connection therewith,Other,1946-06-01,,0,,,0,0.00,0.00,0,0,,,,,,,,,,,,,
3061,101010019,OLD R R 1860,,PRIVATE STRUCTURE,WADALA,1/358,DADAR-NAIGAON,54872.14,,A,False,True,True,,,,1,56,1,7,,,10101203,,,,,,True,RR – 2023 & LEASED T CASTROL LTD.,RR – 1735,TROMBAY ROAD,LEASED TO CENTRAL WAREHOUSING CORPORATION. & PARTLY BY MbPT ROAD ,400035,,4173,OLD R.R.1860,A,,,,4,,,10101316,1,False,True,,,,,,,,,,,,False,,,,,,,,,,,,,,,10101316,APPROVED,False,,Other,1873-01-01,,0,,,0,0.00,0.00,0,0,,,,,,,,,,,,,
3067,101010025,R R 1022 & 1776(LEASE),,PRIVATE STRUCTURE,WADALA,6/358,DADAR-NAIGAON,42645.36,,A,False,True,True,,,,1,56,1,7,,,10101135,,,,,,False,RAILWAY SIDING,MbPT HOSPITAL ROAD,RR – 1249,RAILWAY SIDING,400035,,459,R R 1022 & 1776(LEASE),A,,,42645.3600,4,,,20501221,5,True,True,,,,,,,,,,,,False,,,,,,,,,,,,,,,20501221,APPROVED,True,,SWL,1873-01-01,,0,,,0,0.00,0.00,0,0,,,,,,,,,,,,,
3068,101010026,R R 1249,,PRIVATE STRUCTURE,WADALA,15/358,DADAR-NAIGAON,12541.91,,A,False,True,True,,,,1,56,1,7,,,10101132,,,,,,False,MbPT PASSAGE,L.M. NADKARNI MARG ,RR - 1314,RR - 1776,400035,,460,R R 1249,A,,,12541.9100,4,,,20601119,6,False,False,,,,,,,,,,,,False,,,,,,,,,,,,,,,20601119,APPROVED,False,,Other,1873-01-01,,0,,,0,0.00,0.00,0,0,,,,,,,,,,,,,
3069,101010027,R R 1314,,PRIVATE STRUCTURE,WADALA,29/358,DADAR-NAIGAON,1858.06,,A,False,True,True,,,,1,56,1,7,,,10101133,,,,,,False,RR -  2026,MbPT PASSAGE,"WESTERN INDIA OIL DIST. CO. OF INDIA LTD, RR - 2013",RR -  1249,400035,,461,R R 1314,A,,,1858.0600,4,,,20601202,6,True,True,,,,,,,,,,,,False,,,,,,,,,,,,,,,20601202,APPROVED,True,,Other,1952-06-23,,0,,,0,0.00,0.00,0,0,,,,,,,,,,,,,
3070,101010028,R R 1485,,PRIVATE STRUCTURE,WADALA,16/358,DADAR-NAIGAON,17237.00,,A,False,True,True,,,,1,56,1,7,,,10101131,,,,,,False,RR - 1739 & RR - 2026,L.M. NADKARNI MARG ,RR - 1739,RR - 2013,400035,,462,R R 1485,A,,,17237.0000,4,,,20601205,6,True,True,,,,,,,,,,,,False,,,,,,,,,,,,,,,20601205,APPROVED,True,"Petrol & oil, diesel pumps, service station, weigh bridge & other purposes connected with motor trade",Other,1970-11-09,,0,,,0,0.00,0.00,0,0,,,,,,,,,,,,,
3071,101010029,R R 1486,,PRIVATE STRUCTURE,WADALA,12A/358,DADAR-NAIGAON,27809.95,,A,False,True,True,,,,1,56,1,7,,,10101208,,,,,,True,RR – 1663,PLOT : 107,MbPT LAND & PLOT : 101,CALTEX ROAD,400035,,463,R R 1486,A,,,27809.9500,4,,,10101208,1,True,True,,,,,,,,,,,,False,,27809.9500,0.0000,0.0000,0.0000,True,1873-01-01,,,,,,,,10101208,APPROVED,True,"Petrol & oil, diesel pumps, service station, weigh bridge & other purposes connected with motor trade",Other,1937-01-13,,0,,,0,0.00,0.00,0,0,,,,,,,,,,,,,
3074,101010031,R R 1646,,PRIVATE STRUCTURE,WADALA,8A/358,DADAR-NAIGAON,24265.71,,A,False,True,True,,,,1,56,1,7,,,10101136,,,,,,True,MbPT LAND,RED BOUNDARY LINE ROAD,RR - 1940 & RED BOUNDARY LINE ROAD,MbPT LAND & RED BOUNDARY LINE ROAD & M.T (ADJ TO R.R.1646 & 1673),400035,,465,R R 1646,A,,,24265.7100,4,,,10101136,1,True,True,,,,,,,,,,,,False,,24265.7100,0.9900,0.0000,24023.0500,True,2004-04-01,,,,,,,,10101136,APPROVED,True,"Petrol & oil, diesel pumps, service station, weigh bridge & other purposes connected with motor trade",Other,1940-06-25,,0,,,0,0.00,0.00,0,0,,,,,,,,,,,,,
3075,101010032,R R 1663,,PRIVATE STRUCTURE,WADALA,12D/358,DADAR-NAIGAON,14155.72,,A,False,True,True,,,,1,56,1,7,,,10101209,,,,,,True,SEWRI FORT ROAD,HINDUSTAN PETROLEUM CORP. LTD.,PLOT - 101,MbPT ROAD,400035,,466,R R 1663,A,,,14155.7200,4,,,10101209,1,True,True,,,,,,,,,,,,False,,14155.7200,0.0000,0.0000,0.0000,True,1873-01-01,,,,,,,,10101209,APPROVED,True,"Petrol & oil, diesel pumps, service station, weigh bridge & other purposes connected with motor trade",Other,1946-10-01,,0,,,0,0.00,0.00,0,0,,,,,,,,,,,,,
3077,101010033,R R 1673,,PRIVATE STRUCTURE,WADALA,7A2/358,DADAR-NAIGAON,3340.79,,A,False,True,True,,,,1,56,1,7,,,10101137,,,,,,True,MbPT HOSPITAL ROAD,MbPT LAND,RR - 1803,RR - 1646,400035,,467,R R 1673,A,,,3340.7900,4,,,10101137,1,True,True,,,,,,,,,,,,False,,3340.7900,1.0300,0.0000,3441.0100,True,2004-04-01,,,,,,,,10101137,APPROVED,True,"Petrol & oil, diesel pumps, service station, weigh bridge & other purposes connected with motor trade",Other,1942-11-17,,0,,,0,0.00,0.00,0,0,,,,,,,,,,,,,
3078,101010034,R R 1739,,PRIVATE STRUCTURE,WADALA,16/358,DADAR-NAIGAON,5088.53,,A,False,True,True,,,,1,56,1,7,,,10101213,,,,,,False,INDIAN OIL CORP. LTD. & OPEN LAND,HINDUSTAN PETROLEUM CORP. & ,OPEN LAND & L.M. NADKARNI MARG,HINDUSTAN PETROLEUM CORP.,400035,,468,R R 1739,A,,,5088.5300,4,,,20601235,6,True,True,,,,,,,,,,,,False,,,,,,,,,,,,,,,20601235,APPROVED,True,,Other,1994-07-01,,0,,,0,0.00,0.00,0,0,,,,,,,,,,,,,
3080,101010035,R R 2012,,PRIVATE STRUCTURE,WADALA,12B/358,DADAR-NAIGAON,15276.78,,A,False,True,True,,,,1,56,1,7,,,10101210,,,,,,True,SEWREE FORT ROAD,MbPT LAND ,MbPT LAND ,"MbPT LAND, PLOT NO. 101",400035,,469,R R 2012,A,,,15276.7800,4,,,10101210,1,True,True,,,,,,,,,,,,False,,15276.7800,0.0000,0.0000,0.0000,True,1873-01-01,,,,,,,,10101210,APPROVED,True,"Petrol & oil, diesel pumps, service station, weigh bridge & other purposes connected with motor trade",Other,1961-04-01,,0,,,0,0.00,0.00,0,0,,,,,,,,,,,,,
3081,101010036,R R 2013,,PRIVATE STRUCTURE,WADALA,29/358,DADAR-NAIGAON,4566.18,,A,False,True,True,,,,1,56,1,7,,,10101134,,,,,,False,MbPT PASSAGE,L.M. NADKARNI MARG ,HINDUSTAN PETROLEUM LTD.,RR - 1314,400035,,470,R R 2013,A,,,4566.1800,4,,,20601249,6,True,True,,,,,,,,,,,,False,,,,,,,,,,,,,,,20601249,APPROVED,True,,Other,2003-10-01,,0,,,0,0.00,0.00,0,0,,,,,,,,,,,,,
3088,101010041,R.R.2026,,PRIVATE STRUCTURE,WADALA,29/358,DADAR-NAIGAON,856.84,,A,False,True,True,,,,1,56,1,7,,,10101144,,,,,,False,MbPT LAND & RR - 1823,RYL. SIDING,MbPT LAND,RR - 1823,400035,,475,R.R.2026,A,,,856.8400,4,,,20601303,6,True,True,,,,,,,,,,,,False,,,,,,,,,,,,,,,20601303,APPROVED,True,,Other,1998-02-01,,0,,,0,0.00,0.00,0,0,,,,,,,,,,,,,
3090,101010043,RR 1735,,PRIVATE STRUCTURE,WADALA,4/358,DADAR-NAIGAON,34245.16,,A,False,True,True,,,,1,56,1,7,,,10101202,,,,,,True,MbPT LAND,MbPT LAND & BEYOND THAT I.B.P.C INSTALLATION,MbPT LAND & TROMBAY ROAD,MbPT LAND & HARBOUR,400035,,477,RR 1735,A,,,34245.1600,4,,,10101202,1,True,True,,,,,,,,,,,,False,,34245.1600,0.1300,0.0000,0.0000,True,1873-01-01,,,,,,,,10101202,APPROVED,True,"Petrol & oil, diesel pumps, service station, weigh bridge & other purposes connected with motor trade",Other,1949-07-08,,0,,,0,0.00,0.00,0,0,,,,,,,,,,,,,
3095,101010048,STERILE STRIP OF P.T LAND BETN.OLD RR NOS.1673 & 1646.,,OPEN PLOT,WADALA,7B/358,DADAR-NAIGAON,761.90,,A,False,True,True,,,,1,56,1,7,,,10101319,,,,,,False,RR – 1803 & RR – 1673 & RR – 1646,RR – 1940 & RR – 1646,LAND AQUIRED BY GOVT.,O.P.L YARD,400035,,489,STERILE STRIP OF P.T LAND BETN.OLD RR NOS.1673 & 1646.,A,,,761.9000,4,,,10101319,1,True,True,,,,,,,,,,,,False,,761.9000,999999.9900,0.0000,0.0000,True,2011-01-01,,,,,,,,10101319,APPROVED,True,,Other,2005-09-01,,0,,,0,0.00,0.00,0,0,,,,,,,,,,,,,
7976,101010051,LEASE OF 25, , , ,38/358,DADAR NAIGAUM,14966.00,,A,False,True,True, , , ,1,56,1,,,,10101148, , , ,,,False, , , , ,, ,4484,LEASE OF 25,A,,,14966.0000,4,,,10101148,1,False,True,,,,,,,,,,,,False,,14966.0000,0.0000,0.0000,0.0000,True,1873-01-01,,,,,,,,10101148,APPROVED,False,,Other,1976-03-05,,0,,,0,0.00,0.00,0,0,,,,,,,,,,,,,
7979,101010054,STALL NO 4, , , ,358 (part),DADAR NAIGAUM,3.72,,A,False,True,True, , , ,1,56,1,,,,10101244, , , ,,,False, , , , ,, ,,,,,,,,,,,,,,,,,,,,,,,,,,,,,,,,,,,,,,,,,,,,,,,,,,,,,,,,,,,,,,,,,,,
8194,101010057,OLD R.R.1823, , , ,2/358,DADAR NAIGAUM,38865.53,,A,False,True,True, , , ,1,56,1,,,,10101146, , , ,,,False, , , , ,, ,4700,OLD R.R.1823,A,,,38865.5300,4,,,10101146,1,False,True,,,,,,,,,,,,False,,38865.5300,0.0000,0.0000,23707.9700,True,2004-04-01,,,,,,,,10101146,APPROVED,False,,Other,1873-01-01,,0,,,0,0.00,0.00,0,0,,,,,,,,,,,,,
8195,101010058,OLD RR 2023, , , ,8A/358,DADAR NAIGAUM,5575.48,,A,False,True,True, , , ,1,56,1,,,,10101201, , , ,,,False, , , , ,, ,5562,2023,A,,,,5,,,,,,,,,,,,,,,,,,,,,,,,,,,,,,,,,,,,,,,,,,,,,,,,,,,,,,,,,,,,
8187,101030002,P.T.LAND S.NO.83 AT AMBAPADA, , , ,C S No 362,TROMBAY,23500.00,,SIP,False,True,True, , , ,3,56,1,,,,10103126, , , ,,,False, , , , ,, ,5500,DVFV1235,SIP,,,,5,,,,,,,,,,,,,,,,,,,,,,,,,,,,,,,,,,,,,,,,,,,,,,,,,,,,,,,,,,,,
3099,101040001,LEASE OF P.T.LAND,,,PIR PAU PIER, , ,3609.09,,A,False,True,True,,,4,4,56,1,9,,,10104103,,,,,,False,,,,,400074,,5581,Test,A,,,50000,5,,,,,,,,,,,,,,,,,,,,,,,,,,,,,,,,,,,,,,,,,,,,,,,,,,,,,,,,,,,,
8396,101040001,"Triangular Plot at PirPau (Near Old Pir Pau Berth)
",,,PIR PAU PIER, , ,11904.33,,A,False,True,True,,,4,4,56,1,9,,,10104106,,,,,,False,,,,,400074,,6069,LEASE OF P.T.LAND,A,123,,11904.33,4,,,10104106,1,True,True,,,,,,,,,,,,False,,11904.3300,0.0000,0.0000,0.0000,True,2024-06-26,,,,,,,,10104106,APPROVED,True,,Other,2008-06-01,,0,,,0,0.00,0.00,0,0,,,,,,,,,,,,,
8189,101040003,LEASE OF LAND, , , ,C S No 476 part),TROMBAY,7150.23,,A,False,True,True, , , ,4,56,1,,,,10104102, , , ,,,False, , , , ,, ,5501,asmita land,A,,,,4,,,12345678,1,True,False,,,,,,,,,,,,False,,,,,,,,,,,,,,,,,,,,,,,,,,,,,,,,,,,,,,,,,,
3101,101050001,1,,PRIVATE STRUCTURE,SEWREE (EAST),145,PAREL-SEWERI,2457.10,,A,False,True,True,,,,5,56,1,7,,,10105116,,,,,,True,SEWREE FORT ROAD,RR – 1984,SEWREE KOLIWADA ROAD,MbPT ROAD,400015,,4174,1,A,,,2457.1000,4,,,10105116,1,False,True,,,,,,,,,,,,False,,2457.1000,0.0000,0.0000,0.0000,True,1873-01-01,,,,,,,,10105116,APPROVED,False,,Other,1983-07-01,,0,,,0,0.00,0.00,0,0,,,,,,,,,,,,,
3102,101050002,6,,PRIVATE STRUCTURE,SEWREE (EAST),260/145,PAREL-SEWERI,1326.66,,A,False,True,True,,,,5,56,1,7,,,10105109,,,,,,True,PLOT : 5,MbPT ROAD,PLOT : 36,SEWREE BUNDER ROAD,400015,,495,6,A,,,1326.6600,4,,,10105109,1,True,True,,,,,,,,,,,,False,,1326.6600,2.7100,0.0000,3595.2500,True,2004-04-01,,,,,,,,10105109,APPROVED,True,"Petrol & oil, diesel pumps, service station, weigh bridge & other purposes connected with motor trade",Other,1965-03-05,,0,,,0,0.00,0.00,0,0,,,,,,,,,,,,,
3104,101050004,9,,PRIVATE STRUCTURE,SEWREE (EAST),277/145,PAREL-SEWERI,242.48,,A,False,True,True,,,,5,56,1,7,,,10105129,,,,,,False,RAILWAY SIDING,RAILWAY SIDING,PLOT : 10,PLOT : 8,400015,,4175,9,A,,,242.4800,4,,,10105129,1,False,True,,,,,,,,,,,,False,,242.4800,0.6300,0.0000,152.7600,True,2004-11-01,,,,,,,,10105129,APPROVED,False,,Other,1970-02-01,,0,,,0,0.00,0.00,0,0,,,,,,,,,,,,,
3107,101050007,31,,PRIVATE STRUCTURE,SEWREE (EAST),145,PAREL-SEWERI,1515.81,,A,False,True,True,,,,5,56,1,7,,,10105203,,,,,,True,CUSTOM PREVENTIVE QUARTERS,SEWREE FORT ROAD,MbPT QUARTERS,OFFICE MbPT REV.,400015,,499,31,A,,,1515.8100,4,,,10105203,1,True,True,,,,,,,,,,,,False,,1515.8100,0.5800,224.1800,650.1900,True,2006-06-01,,,,,,,,10105203,APPROVED,True,,Other,1994-04-01,,0,,,0,0.00,0.00,0,0,,,,,,,,,,,,,
3108,101050008,36,,PRIVATE STRUCTURE,SEWREE (EAST),145,PAREL-SEWERI,543.48,,A,False,True,True,,,,5,56,1,7,,,10105113,,,,,,True,RR – 1980,MbPT ROAD,MbPT ROAD,PLOT : 6,400015,,5001,36,A,,,,4,,,10105113,1,True,True,,,,,,,,,,,,False,11.00,,,,,,,,,,,,,,10105113,APPROVED,True,,Other,2003-10-01,,0,,,0,0.00,0.00,0,0,,,,,,,,,,,,,
3119,101050017,OLD RR 1858,,MBPT STRUCTURE,SEWREE (EAST),281/45,PAREL-SEWERI,1957.74,,A,False,True,True,,,,5,56,1,7,,,10105205,,,,,,False,OPEN LAND,OPEN LAND & STALL SITE NO. 1,MbPT LAND,OPEN LAND,400015,,4176,OLD RR 1858,A,,,1957.7400,4,,,10105205,1,False,True,,,,,,,,,,,,False,,1957.7400,0.6300,0.0000,1233.3800,True,2004-04-01,,,,,,,,10105205,APPROVED,False,,Other,1970-11-01,,0,,,0,0.00,0.00,0,0,,,,,,,,,,,,,
3128,101050026,LEASE OF PLOT,,PRIVATE STRUCTURE,SEWREE (EAST),145,PAREL-SEWERI,379.69,,A,False,True,True,,,,5,56,1,7,,,10105150,,,,,,True,LAND WITH MbPT SISTER DEPT.,SEWREE FORT ROAD,PLOT : 7,PLOT : 28 (FML),400015,,517,LEASE OF PLOT,A,,,379.6900,4,,,10105150,1,True,True,,,,,,,,,,,,False,,379.6900,1.0000,0.0000,379.6900,True,2004-04-01,,,,,,,,10105150,APPROVED,True,"Petrol & oil, diesel pumps, service station, weigh bridge & other purposes connected with motor trade",Other,1957-02-08,,0,,,0,0.00,0.00,0,0,,,,,,,,,,,,,
3129,101050027,LEASE OF PLOT 7,,PRIVATE STRUCTURE,SEWREE (EAST),145,PAREL-SEWERI,2400.92,,A,False,True,True,,,,5,56,1,7,,,10105147,,,,,,True,"WHARF ROAD, HARD FOR REPAIRING BOATS",SEWREE FORT ROAD,RR - 2056,SEWREE FORT,400015,,518,LEASE OF PLOT 7,A,,,2400.9200,4,,,20701121,7,True,True,,,,,,,,,,,,False,,,,,,,,,,,,,,,20701121,APPROVED,True,,Other,1885-10-06,,0,,,0,0.00,0.00,0,0,,,,,,,,,,,,,
3148,101050044,RR NO.2040,,PRIVATE STRUCTURE,SEWREE (EAST),493,PAREL-SEWERI,42853.02,,A,False,True,True,,,,5,56,1,7,,,10105131,,,,,,True,OIL DEPOT MAIN ROAD,I.B.P. ROAD,MbPT LAND,MbPT ROAD,400015,,537,RR NO.2040,A,,,42853.0200,4,,,20701126,7,True,True,,,,,,,,,,,,False,,,,,,,,,,,,,,,20701126,APPROVED,True,"Factory for manufacturing of biscuits, cakes, confectionaries, preservatives & any other user as admissible under D.C.Regulations",Other,1992-04-01,,0,,,0,0.00,0.00,0,0,,,,,,,,,,,,,
8043,101050047,9, , , ,145 (part),PAREL SEWRI,48.77,,A,False,True,True, , , ,5,56,1,,,,10105104, , , ,,,False, , , , ,, ,4550,9,A,,,48.7700,4,,,10105104,1,False,True,,,,,,,,,,,,False,,48.7700,0.0000,0.0000,0.0000,True,1873-01-01,,,,,,,,10105104,APPROVED,False,,Other,1873-01-01,,0,,,0,0.00,0.00,0,0,,,,,,,,,,,,,
8044,101050048,OLD RR 1984,, , ,145 (part),PAREL SEWRI,10346.98,,A,False,True,True, , , ,5,56,1,,,,10105117, , , ,,,False, , , , ,, ,4551,R R 1984,A,,,10346.9800,4,,,10105117,1,False,True,,,,,,,,,,,,False,,10346.9800,0.6500,0.0000,5380.4300,True,2004-04-01,,,,,,,,10105117,APPROVED,False,,Other,1960-07-27,,0,,,0,0.00,0.00,0,0,,,,,,,,,,,,,
8046,101050050,11 WEST OF A & C SITES, , , ,277/145,PAREL SEWRI,167.97,,A,False,True,True, , , ,5,56,1,,,,10105127, , , ,,,False, , , , ,, ,4553,11 WEST OF A & C SITES,A,,,167.9700,4,,,10105127,1,False,True,,,,,,,,,,,,False,,167.9700,0.0000,0.0000,0.0000,True,1873-01-01,,,,,,,,10105127,APPROVED,False,,Other,1873-01-01,,0,,,0,0.00,0.00,0,0,,,,,,,,,,,,,
8047,101050051,10 WEST OF A&C SITES, , , ,277/145,PAREL SEWRI,165.74,,A,False,True,True, , , ,5,56,1,,,,10105128, , , ,,,False, , , , ,, ,4554,10 WEST OF A&C SITES,A,,,165.7400,4,,,10105128,1,False,True,,,,,,,,,,,,False,,165.7400,0.0000,0.0000,0.0000,True,1873-01-01,,,,,,,,10105128,APPROVED,False,,Other,1873-01-01,,0,,,0,0.00,0.00,0,0,,,,,,,,,,,,,
8048,101050052,8, , , ,430/145,PAREL SEWRI,272.39,,A,False,True,True, , , ,5,56,1,,,,10105130, , , ,,,False, , , , ,, ,4555,8,A,,,272.3900,4,,,10105130,1,False,True,,,,,,,,,,,,False,,272.3900,0.5100,0.0000,138.9200,True,2004-04-01,,,,,,,,10105130,APPROVED,False,,Other,1959-06-01,,0,,,0,0.00,0.00,0,0,,,,,,,,,,,,,
3198,102010033,"GWND OFFICE AT KALA CHOWKEY, SEWREE",,,FRERE LAND,1/147,PAREL-SEWERI,330.18,,A,False,True,True,,,4,6,56,2,7,,,10201136,,,,,,False,,,,,400033,,4937,"GWND OFFICE AT KALA CHOWKEY, SEWREE",A,,,330.1800,4,,,10201136,2,False,False,,,,,,,,,,,,False,,330.1800,1.0000,0.0000,0.0000,True,2018-12-01,,,,,,,,10201136,APPROVED,False,,Other,2016-11-02,,0,,,0,0.00,0.00,0,0,,,,,,,,,,,,,
3193,102020010,137 (PORTION OF RR-2060),,OPEN PLOT,FRERE LAND,4/748,MAZAGAON,35.12,,A,False,True,True,,,,7,56,2,5,,,10202217,,,,,,False,C.S NO. 748,RR – 2060,RR – 2060,C.S. NO. 740,400033,,580,137 (PORTION OF RR-2060),A,,,35.1200,4,,,10202217,2,True,True,,,,,,,,,,,,False,,35.1200,0.0000,0.0000,11.2400,True,2004-04-01,,,,,,,,10202217,APPROVED,True,storage of non-hazardous goods & office in connection therewith,Other,1978-12-22,,0,,,0,0.00,0.00,0,0,,,,,,,,,,,,,
3220,102020036,RR 2060 AT ARCHED BUNGLOW,,OPEN PLOT,FRERE LAND,747,MAZAGAON,2926.44,,A,False,True,True,,,,7,56,2,5,,,10202219,,,,,,False,CS NO. 748,MbPT ROAD,MbPT PASSAGE,GHORUP DEO,400033,,616,RR 2060 AT ARCHED BUNGLOW,A,,,2926.4400,4,,,20701327,7,True,True,,,,,,,,,,,,False,,,,,,,,,,,,,,,20701327,APPROVED,True,,Other,1945-09-12,,0,,,0,0.00,0.00,0,0,,,,,,,,,,,,,
7993,102020039,R R NO 2086, , , ,3/670,MAZGAON,20.88,,A,False,True,True, , , ,7,56,2,,,,10202102, , , ,,,False, , , , ,, ,4500,R R NO 2086,A,,,20.8800,4,,,10202102,2,False,False,,,,,,,,,,,,False,,20.8800,1.0000,0.0000,20.8800,True,2004-04-01,,,,,,,,10202102,APPROVED,False,,Other,1969-08-01,,0,,,0,0.00,0.00,0,0,,,,,,,,,,,,,
7994,102020040,28, , , ,2/671,MAZGAON,1060.12,,A,False,True,True, , , ,7,56,2,,,,10202104, , , ,,,False, , , , ,, ,4501,28,A,,,1060.1200,4,,,10202104,2,False,False,,,,,,,,,,,,False,,1060.1200,0.0000,0.0000,0.0000,True,1873-01-01,,,,,,,,10202104,APPROVED,False,,Other,1960-10-07,,0,,,0,0.00,0.00,0,0,,,,,,,,,,,,,
7996,102020042,135, , , ,2A2/671,MAZGAON,380.72,,A,False,True,True, , , ,7,56,2,,,,10202114, , , ,,,False, , , , ,, ,4503,135,A,,,380.7200,4,,,10202114,2,False,False,,,,,,,,,,,,False,,380.7200,0.2100,0.0000,79.9500,True,2004-04-01,,,,,,,,10202114,APPROVED,False,,Other,1963-06-01,,0,,,0,0.00,0.00,0,0,,,,,,,,,,,,,
8051,102020043,2 B (OLD 31B), , , ,147 (part),PAREL SEWRI,63.95,,A,False,True,True, , , ,7,56,2,,,,10202211, , , ,,,False, , , , ,, ,4558,2 B (OLD 31B),A,,,63.9500,4,,,10202211,2,False,False,,,,,,,,,,,,False,,63.9500,0.0000,0.0000,0.0000,True,1873-01-01,,,,,,,,10202211,APPROVED,False,,Other,1873-01-01,,0,,,0,0.00,0.00,0,0,,,,,,,,,,,,,
8052,102020044,36, , , ,417/145 (part),PAREL SEWRI,52.03,,A,False,True,True, , , ,7,56,2,,,,10202215, , , ,,,False, , , , ,, ,4559,36,A,,,52.0300,4,,,10202215,2,False,False,,,,,,,,,,,,False,,52.0300,0.0000,0.0000,0.0000,True,1873-01-01,,,,,,,,10202215,APPROVED,False,,Other,1976-03-08,,0,,,0,0.00,0.00,0,0,,,,,,,,,,,,,
3225,102030003,5,,PRIVATE STRUCTURE,MAZGAON SEWREE RECLAMATION (J.B.),145,PAREL-SEWERI,11.61,,A,False,True,True,,,,8,56,2,7,,,10203104,,,,,,True,RAILWAY SIDING,P.D MELLO ROAD,PLOT : 4,PLOT : 6,400010,,633,5,A,,,11.6100,4,,,10203104,2,True,True,,,,,,,,,,,,False,,11.6100,1.3100,0.0000,15.2100,True,2004-04-01,,,,,,,,10203104,APPROVED,True,storage of non-hazardous goods & office in connection therewith,Other,1997-01-01,,0,,,0,0.00,0.00,0,0,,,,,,,,,,,,,
3226,102030004,6,,PRIVATE STRUCTURE,MAZGAON SEWREE RECLAMATION (J.B.),145,PAREL-SEWERI,11.15,,A,False,True,True,,,,8,56,2,7,,,10203105,,,,,,True,RAILWAY SIDING,P.D MELLO ROAD,PLOT : 5,PLOT : 7,400010,,634,6,A,,,11.1500,4,,,10203105,2,True,True,,,,,,,,,,,,False,,11.1500,1.0000,0.0000,11.1500,True,2004-04-01,,,,,,,,10203105,APPROVED,True,storage of non-hazardous goods & office in connection therewith,Other,2003-11-01,,0,,,0,0.00,0.00,0,0,,,,,,,,,,,,,
3230,102030008,12,,PRIVATE STRUCTURE,MAZGAON SEWREE RECLAMATION (J.B.),36/147,PAREL-SEWERI,16.44,,A,False,True,True,,,,8,56,2,7,,,10203111,,,,,,True,COTTON GREEN RAILWAY STATION,P.D MELLO ROAD,PLOT : 11,PLOT : 13,400010,,638,12,A,,,16.4400,4,,,10203111,2,True,True,,,,,,,,,,,,False,,16.4400,1.4700,0.0000,24.1700,True,2004-04-01,,,,,,,,10203111,APPROVED,True,storage of non-hazardous goods & office in connection therewith,Other,1997-07-01,,0,,,0,0.00,0.00,0,0,,,,,,,,,,,,,
3231,102030009,13,,PRIVATE STRUCTURE,MAZGAON SEWREE RECLAMATION (J.B.),36/147,PAREL-SEWERI,18.97,,A,False,True,True,,,,8,56,2,7,,,10203126,,,,,,True,COTTON GREEN RAILWAY STATION,P.D MELLO ROAD,PLOT : 12,PLOT : 14A C.RLY,400010,,5974,CDAC NNN,A,,,1300,6,,,,,,,,,,,,,,,,,,,,1300.0000,300.0000,700.0000,600.0000,True,2024-12-26,,,,,,,,,,,,,,,,,,,,,,,,,,,,,,,,,,,
3235,102030013,2,,PRIVATE STRUCTURE,MAZGAON SEWREE RECLAMATION (J.B.),145,PAREL-SEWERI,22.30,,A,False,True,True,,,,8,56,2,7,,,10203102,,,,,,True,PLOT : 1,PLOT : 4,P.D MELLO ROAD,RAILWAY SIDING,400010,,5015,2 AND 3,A,,,,4,,,10203102,2,True,True,,,,,,,,,,,,False,25.00,,,,,,,,,,,,,,10203102,APPROVED,True,,Other,1960-03-01,,0,,,0,0.00,0.00,0,0,,,,,,,,,,,,,
3250,103010003,26(NORTH OF GDN.C-19),,PRIVATE STRUCTURE,MAZGAON SEWREE RECLAMATION (COTTON DEPOT),145,PAREL-SEWERI,23.42,,A,False,True,True,,,,9,56,3,7,,,10301540,,,,,,False,PLOT : 22 (NORTH OF GND. 19),MbPT LAND,2ND AVENUE,GDN. C-19,400033,,657,26(NORTH OF GDN.C-19),A,,,23.4200,4,,,10301540,3,True,True,,,,,,,,,,,,False,,23.4200,0.4500,0.0000,10.5400,True,2004-04-01,,,,,,,,10301540,APPROVED,True,storage of non-hazardous goods & office in connection therewith,Other,1966-08-22,,0,,,0,0.00,0.00,0,0,,,,,,,,,,,,,
3255,103010008,6 (NORTH OG GDN.  NO C-42 ),,PRIVATE STRUCTURE,MAZGAON SEWREE RECLAMATION (COTTON DEPOT),May-00,PAREL-SEWERI,5.95,,A,False,True,True,,,,9,56,3,7,,,10301535,,,,,,False,PLOT : 5 (NORTH OF GDN. C-42 ),PLOT : 7 (NORTH OF GDN. C-42 ),2ND AVENUE,GDN. C-42,400033,,662,6 (NORTH OG GDN.  NO C-42 ),A,,,5.9500,4,,,10301535,3,True,True,,,,,,,,,,,,False,,5.9500,1.0000,0.0000,5.9500,True,2004-04-01,,,,,,,,10301535,APPROVED,True,storage of non-hazardous goods & office in connection therewith,Other,1962-01-01,,0,,,0,0.00,0.00,0,0,,,,,,,,,,,,,
3264,103010017,EAST PORTION OF SHED TW-2,,MbPT STRUCTURE,MAZGAON SEWREE RECLAMATION (COTTON DEPOT),410/145,PAREL-SEWERI,5645.63,,A,False,True,True,,,,9,56,3,7,,,10301627,,,,,,False,RAILWAY SIDING,WEST PORTION OF SHED TW-2,4th AVENUE,MbPT LAND,400033,,4186,EAST PORTION OF SHED TW-2,A,,,5645.6300,4,,,10301627,3,False,False,,,,,,,,,,,,False,,5645.6300,1.0000,0.0000,5645.6300,True,2004-04-01,,,,,,,,10301627,APPROVED,False,,Other,1973-07-16,,0,,,0,0.00,0.00,0,0,,,,,,,,,,,,,
3288,103010041,JETHA F 105,,PRIVATE STRUCTURE,MAZGAON SEWREE RECLAMATION (COTTON DEPOT),24838,MAZAGAON,227.43,,A,False,True,True,,,,9,56,3,5,,,10301530,,,,,,False,RAILWAY SIDING,"JETHA 73 TO 107, 80 TO 85",FRAMJI AVENUE,"JETHA 86 TO 93, 95 TO 104",400033,,5018,JETHA F 105,A,,,,4,,,10301530,3,True,True,,,,,,,,,,,,False,33.00,,,,,,,,,,,,,,10301530,APPROVED,True,,Other,1997-05-09,,0,,,0,0.00,0.00,0,0,,,,,,,,,,,,,
3289,103010042,"JETHA F 73,79,80,& 86 TO 104",,PRIVATE STRUCTURE,MAZGAON SEWREE RECLAMATION (COTTON DEPOT), 228/1,MAZAGAON,9529.76,,A,False,True,True,,,,9,56,3,5,,,10301102,,,,,,False,7TH STREET,6TH STREET,FRAMJI AVENUE,MbPT LAND,400033,,770,"JETHA F 73,79,80,& 86 TO 104",A,,,9529.7600,4,,,10301102,3,True,True,,,,,,,,,,,,False,,9529.7600,0.5200,0.0000,4955.4800,True,2004-04-01,,,,,,,,10301102,APPROVED,True,Any lawful user as may be permitted by MCGM in conformity with the DC regulations.,Other,1952-03-24,,0,,,0,0.00,0.00,0,0,,,,,,,,,,,,,
3290,103010043,JETHA PLINTHS A F G&B BLOCK,,,MAZGAON SEWREE RECLAMATION (COTTON DEPOT), , ,18911.34,,A,False,True,True,,,4,9,56,3,5,,,10301101,,,,,,False,,,,,400033,,771,JETHA PLINTHS A F G&B BLOCK,A,,,18911.3400,4,,,20801549,8,True,True,,,,,,,,,,,,False,,,,,,,,,,,,,,,20801549,APPROVED,True,storage of non-hazardous goods & office in connection therewith,Other,1960-06-01,,0,,,0,0.00,0.00,0,0,,,,,,,,,,,,,
3291,103010044,"LEASE JETHAS G 125,126,128&129",,PRIVATE STRUCTURE,MAZGAON SEWREE RECLAMATION (COTTON DEPOT), , ,1564.20,,A,False,True,True,,,,9,56,3,5,,,10301624,,,,,,True,MbPT ROAD,7th STREET,PLOT : H-117,LEASED JETHAS 124 TO 127,400033,,772,"LEASE JETHAS G 125,126,128&129",A,,,1564.2000,4,,,20801608,8,True,True,,,,,,,,,,,,False,,,,,,,,,,,,,,,20801608,APPROVED,True,"Petrol & oil, diesel pumps, service station, weigh bridge & other purposes connected with motor trade",Other,1960-11-01,,0,,,0,0.00,0.00,0,0,,,,,,,,,,,,,
3297,103010048,OLD ARP B 10,,OPEN PLOT,MAZGAON SEWREE RECLAMATION (COTTON DEPOT),145,PAREL-SEWERI,316.00,,A,False,True,True,,,,9,56,3,7,,,10301514,,,,,,False,1st  STREET,GDN. 9,2nd  AVENUE,GDN. 6,400033,,776,OLD ARP B 10,A,,,316.0000,4,,,10301514,3,True,True,,,,,,,,,,,,False,,316.0000,0.0000,0.0000,0.0000,True,1873-01-01,,,,,,,,10301514,APPROVED,True,,Other,1980-08-02,,0,,,0,0.00,0.00,0,0,,,,,,,,,,,,,
3303,103010054,OLD R R NO.1015,,MbPT STRUCTURE,MAZGAON SEWREE RECLAMATION (COTTON DEPOT),297/145,PAREL-SEWERI,32.98,,A,False,True,True,,,,9,56,3,7,,,10301431,,,,,,False,MbPT LAND,RAILWAY SIDING,MbPT LAND,SUBSTATION,400033,,782,OLD R R NO.1015,A,,,32.9800,4,,,20801644,8,True,True,,,,,,,,,,,,False,,,,,,,,,,,,,,,20801644,APPROVED,True,,Other,1985-02-05,,0,,,0,0.00,0.00,0,0,,,,,,,,,,,,,
3355,103010106,WEST PORN OF SHED TW-2(HALF PN,,PRIVATE STRUCTURE,MAZGAON SEWREE RECLAMATION (COTTON DEPOT),410/145,PAREL-SEWERI,6553.00,,A,False,True,True,,,,9,56,3,7,,,10301625,,,,,,False,EAST PORTION OF SHED TW-2 (HALF),MbPT PASSAGE,4th AVENUE,RR – 1846,400033,,5432,WEST PORN OF SHED TW-2(HALF PN,A,,,,4,,,10301625,3,False,False,,,,,,,,,,,,False,521.00,,,,,,,,,,,,,,10301625,APPROVED,False,,Other,1973-08-30,,0,,,0,0.00,0.00,0,0,,,,,,,,,,,,,
8055,103010108,GODOWN NO. E 52, , , ,169/145,PAREL SEWRI,417.23,,A,False,True,True, , , ,9,56,3,,,,10301204, , , ,,,False, , , , ,, ,4562,GODOWN NO. E 52,A,,,417.2300,4,,,10301204,3,False,False,,,,,,,,,,,,False,,417.2300,0.0000,0.0000,0.0000,True,1873-01-01,,,,,,,,10301204,APPROVED,False,,Other,1873-01-01,,0,,,0,0.00,0.00,0,0,,,,,,,,,,,,,
8056,103010109,NORTH OF GDN.NO.J-154 PLOT NO3, , , ,145 (part),PAREL SEWRI,91.97,,A,False,True,True, , , ,9,56,3,,,,10301405, , , ,,,False, , , , ,, ,4563,NORTH OF GDN.NO.J-154 PLOT NO3,A,,,91.9700,4,,,10301405,3,False,False,,,,,,,,,,,,False,,91.9700,0.0000,0.0000,0.0000,True,1873-01-01,,,,,,,,10301405,APPROVED,False,,Other,1873-01-01,,0,,,0,0.00,0.00,0,0,,,,,,,,,,,,,
8057,103010110,PART-OF JETHA  B-29, , , ,9/145,PAREL SEWRI,150.50,,A,False,True,True, , , ,9,56,3,,,,10301439, , , ,,,False, , , , ,, ,5457,PART-OF JETHA  B-29,A,,,,4,,,10301439,3,False,False,,,,,,,,,,,,False,32.00,,,,,,,,,,,,,,10301439,APPROVED,False,,Other,1873-01-01,,0,,,0,0.00,0.00,0,0,,,,,,,,,,,,,
8058,103010111,OPEN JETHA D-45, , , ,25/145,PAREL SEWRI,227.43,,A,False,True,True, , , ,9,56,3,,,,10301445, , , ,,,False, , , , ,, ,4565,OPEN JETHA D-45,A,,,227.4300,4,,,10301445,3,False,False,,,,,,,,,,,,False,,227.4300,0.0000,0.0000,0.0000,True,1873-01-01,,,,,,,,10301445,APPROVED,False,,Other,1965-03-01,,0,,,0,0.00,0.00,0,0,,,,,,,,,,,,,
8059,103010112,OPEN JETHA D-46, , , ,26/145,PAREL SEWRI,227.43,,A,False,True,True, , , ,9,56,3,,,,10301446, , , ,,,False, , , , ,, ,4566,OPEN JETHA D-46,A,,,227.4300,4,,,10301446,3,False,False,,,,,,,,,,,,False,,227.4300,0.0000,0.0000,0.0000,True,1873-01-01,,,,,,,,10301446,APPROVED,False,,Other,1965-01-07,,0,,,0,0.00,0.00,0,0,,,,,,,,,,,,,
8060,103010113,OPOE  JETHA D-47, , , ,27/145,PAREL SEWRI,227.43,,A,False,True,True, , , ,9,56,3,,,,10301447, , , ,,,False, , , , ,, ,4567,OPOE  JETHA D-47,A,,,227.4300,4,,,10301447,3,False,False,,,,,,,,,,,,False,,227.4300,0.0000,0.0000,0.0000,True,1873-01-01,,,,,,,,10301447,APPROVED,False,,Other,1965-01-07,,0,,,0,0.00,0.00,0,0,,,,,,,,,,,,,
8061,103010114,OPEN JETHA D 65, , , ,45/145,PAREL SEWRI,227.43,,A,False,True,True, , , ,9,56,3,,,,10301515, , , ,,,False, , , , ,, ,4568,OPEN JETHA D 65,A,,,227.4300,4,,,10301515,3,False,False,,,,,,,,,,,,False,,227.4300,0.0000,0.0000,0.0000,True,1873-01-01,,,,,,,,10301515,APPROVED,False,,Other,1963-07-01,,0,,,0,0.00,0.00,0,0,,,,,,,,,,,,,
8062,103010115,OPEN JETHA K 149, , , ,65/145,PAREL SEWRI,318.56,,A,False,True,True, , , ,9,56,3,,,,10301526, , , ,,,False, , , , ,, ,4569,OPEN JETHA K 149,A,,,318.5600,4,,,10301526,3,False,False,,,,,,,,,,,,False,,318.5600,0.0000,0.0000,0.0000,True,1873-01-01,,,,,,,,10301526,APPROVED,False,,Other,1873-01-01,,0,,,0,0.00,0.00,0,0,,,,,,,,,,,,,
8063,103010116,SITE AT JN.OF BDRY.RD.&FRANJI, , , ,1/228,MAZGAON,369.49,,A,False,True,True, , , ,9,56,3,,,,10301529, , , ,,,False, , , , ,, ,4570,SITE AT JN.OF BDRY.RD.&FRANJI,A,,,369.4900,4,,,10301529,3,False,False,,,,,,,,,,,,False,,369.4900,0.0000,0.0000,73.9000,True,2004-04-01,,,,,,,,10301529,APPROVED,False,,Other,1971-07-01,,0,,,0,0.00,0.00,0,0,,,,,,,,,,,,,
8064,103010117,2 SOUTH OF GODOWN C 10, , , ,145 (part),PAREL SEWRI,18.58,,A,False,True,True, , , ,9,56,3,,,,10301532, , , ,,,False, , , , ,, ,4571,2 SOUTH OF GODOWN C 10,A,,,18.5800,4,,,10301532,3,False,False,,,,,,,,,,,,False,,18.5800,0.0000,0.0000,0.0000,True,1873-01-01,,,,,,,,10301532,APPROVED,False,,Other,1873-01-01,,0,,,0,0.00,0.00,0,0,,,,,,,,,,,,,
8065,103010118,31, , , ,145 (part),PAREL SEWRI,25.92,,A,False,True,True, , , ,9,56,3,,,,10301541, , , ,,,False, , , , ,, ,4572,31,A,,,25.9200,4,,,10301541,3,False,False,,,,,,,,,,,,False,,25.9200,0.0000,0.0000,0.0000,True,1873-01-01,,,,,,,,10301541,APPROVED,False,,Other,1873-01-01,,0,,,0,0.00,0.00,0,0,,,,,,,,,,,,,
8066,103010119,32, , , ,145 (part),PAREL SEWRI,36.42,,A,False,True,True, , , ,9,56,3,,,,10301542, , , ,,,False, , , , ,, ,4573,32,A,,,36.4200,4,,,10301542,3,False,False,,,,,,,,,,,,False,,36.4200,0.0000,0.0000,0.0000,True,1873-01-01,,,,,,,,10301542,APPROVED,False,,Other,1873-01-01,,0,,,0,0.00,0.00,0,0,,,,,,,,,,,,,
8067,103010120,34 ON JETHA K 131, , , ,47/145,PAREL SEWRI,5.95,,A,False,True,True, , , ,9,56,3,,,,10301544, , , ,,,False, , , , ,, ,4574,34 ON JETHA K 131,A,,,5.9500,4,,,10301544,3,False,False,,,,,,,,,,,,False,,5.9500,0.0000,0.0000,5.8300,True,2004-04-01,,,,,,,,10301544,APPROVED,False,,Other,1873-01-01,,0,,,0,0.00,0.00,0,0,,,,,,,,,,,,,
8068,103010121,1 SOUTH OF GDN.E-54, , , ,171/145,PAREL SEWRI,131.64,,A,False,True,True, , , ,9,56,3,,,,10301546, , , ,,,False, , , , ,, ,4575,1 SOUTH OF GDN.E-54,A,,,131.6400,4,,,10301546,3,False,False,,,,,,,,,,,,False,,131.6400,0.0000,0.0000,0.0000,True,1873-01-01,,,,,,,,10301546,APPROVED,False,,Other,1873-01-01,,0,,,0,0.00,0.00,0,0,,,,,,,,,,,,,
8069,103010122,WATCHMAN'S CHKY NR.PT SH.TW-2, , , ,375/145,PAREL SEWRI,1.27,,A,False,True,True, , , ,9,56,3,,,,10301628, , , ,,,False, , , , ,, ,4576,WATCHMAN'S CHKY NR.PT SH.TW-2,A,,,1.2700,4,,,10301628,3,False,False,,,,,,,,,,,,False,,1.2700,1.0000,0.0000,1.2700,True,2004-04-01,,,,,,,,10301628,APPROVED,False,,Other,1975-09-08,,0,,,0,0.00,0.00,0,0,,,,,,,,,,,,,
8222,103010123,OLD ARP'B'-5, , , ,145 (part ),PAREL SEWRI,293.05,,A,False,True,True, , , ,9,56,3,,,,10301537, , , ,,,False, , , , ,, ,4728,OLD ARP'B'-5,A,,,293.0500,4,,,10301537,3,False,False,,,,,,,,,,,,False,,293.0500,0.0000,0.0000,0.0000,True,1873-01-01,,,,,,,,10301537,APPROVED,False,,Other,1873-01-01,,0,,,0,0.00,0.00,0,0,,,,,,,,,,,,,
8223,103010124,OLD RR 979, , , ,268/145,PAREL SEWRI,427.35,,A,False,True,True, , , ,9,56,3,,,,10301612, , , ,,,False, , , , ,, ,4729,OLD RR 979,A,,,427.3500,4,,,10301612,3,False,False,,,,,,,,,,,,False,,427.3500,0.0000,0.0000,0.0000,True,1873-01-01,,,,,,,,10301612,APPROVED,False,,Other,1873-01-01,,0,,,0,0.00,0.00,0,0,,,,,,,,,,,,,
8224,103010125,OLD ARP PLOT B -6, , , ,145 (part ),PAREL SEWRI,307.18,,A,False,True,True, , , ,9,56,3,,,,10301622, , , ,,,False, , , , ,, ,4730,OLD ARP PLOT B -6,A,,,307.1800,4,,,10301622,3,False,False,,,,,,,,,,,,False,,307.1800,0.0000,0.0000,0.0000,True,1873-01-01,,,,,,,,10301622,APPROVED,False,,Other,1873-01-01,,0,,,0,0.00,0.00,0,0,,,,,,,,,,,,,
8226,103010127,OLD ARP B-4 IN LIEU OF K-153, , , ,145 (part ),PAREL SEWRI,329.09,,A,False,True,True, , , ,9,56,3,,,,10301633, , , ,,,False, , , , ,, ,4732,OLD ARP B-4 IN LIEU OF K-153,A,,,329.0900,4,,,10301633,3,False,False,,,,,,,,,,,,False,,329.0900,0.0000,0.0000,0.0000,True,1873-01-01,,,,,,,,10301633,APPROVED,False,,Other,1873-01-01,,0,,,0,0.00,0.00,0,0,,,,,,,,,,,,,
8227,103010128,OLD ARP B-7 IN LIEU OF JH K152, , , ,145 (part ),PAREL SEWRI,310.91,,A,False,True,True, , , ,9,56,3,,,,10301634, , , ,,,False, , , , ,, ,4733,OLD ARP B-7 IN LIEU OF JH K152,A,,,310.9100,4,,,10301634,3,False,False,,,,,,,,,,,,False,,310.9100,0.0000,0.0000,0.0000,True,1873-01-01,,,,,,,,10301634,APPROVED,False,,Other,1873-01-01,,0,,,0,0.00,0.00,0,0,,,,,,,,,,,,,
3443,104010082,27 AT COAL DEPOT,,OPEN PLOT,MAZGAON SEWREE RECLAMATION (GRAIN & COTTON DEPOT),145,PAREL-SEWERI,166.85,,A,False,True,True,,,,10,56,4,7,,,10401302,,,,,,False,PLOT : 26,RAILWAY SIDING,PLOT : 28,MbPT PASSAGE,400015,,913,27 AT COAL DEPOT,A,,,166.8500,4,,,31101116,11,True,True,,,,,,,,,,,,False,,,,,,,,,,,,,,,31101116,APPROVED,True,"Petrol & oil, diesel pumps, service station, weigh bridge & other purposes connected with motor trade",Other,1918-04-22,,0,,,0,0.00,0.00,0,0,,,,,,,,,,,,,
3467,104010104,3B,,OPEN PLOT,MAZGAON SEWREE RECLAMATION (GRAIN & COTTON DEPOT),145,PAREL-SEWERI,244.80,,A,False,True,True,,,,10,56,4,7,,,10401425,,,,,,False,PLOT : 3-A,RAILWAY SIDING,PLOT : 4-B,MbPT PASSAGE,400015,,935,3B,A,,,244.8000,4,,,10401425,4,True,True,,,,,,,,,,,,False,,244.8000,0.4600,0.0000,112.6100,True,2004-04-01,,,,,,,,10401425,APPROVED,True,storage of non-hazardous goods & office in connection therewith,Other,1973-11-01,,0,,,0,0.00,0.00,0,0,,,,,,,,,,,,,
3516,104010149,D-2  COAL DEPOT,,OPEN PLOT,MAZGAON SEWREE RECLAMATION (GRAIN & COTTON DEPOT),145,PAREL-SEWERI,278.71,,A,False,True,True,,,,10,56,4,7,,,10401544,,,,,,True,PLOT : D-3,MbPT ROAD,MbPT PASSAGE,PLOT : E-1,400015,,980,D-2  COAL DEPOT,A,,,278.7100,4,,,10401544,4,True,True,,,,,,,,,,,,False,,278.7100,1.0100,0.0000,281.5000,True,2004-04-01,,,,,,,,10401544,APPROVED,True,storage of non-hazardous goods & office in connection therewith,Other,1960-06-01,,0,,,0,0.00,0.00,0,0,,,,,,,,,,,,,
3552,104010185,NORTH OF F SHED GRAIN DEPOT,,PRIVATE STRUCTURE,MAZGAON SEWREE RECLAMATION (GRAIN & COTTON DEPOT),145,PAREL-SEWERI,82.31,,A,False,True,True,,,,10,56,4,7,,,10401138,,,,,,True,RAILWAY SIDING,RAILWAY SIDING,MbPT ROAD,SHED-F (GDN. 70),400015,,5305,NORTH OF F SHED GRAIN DEPOT,A,,,,4,,,10401138,4,True,True,,,,,,,,,,,,False,525.00,,,,,,,,,,,,,,10401138,APPROVED,True,,Other,1957-07-01,,0,,,0,0.00,0.00,0,0,,,,,,,,,,,,,
3561,104010194,Q-SOUTH MAZAGAON SEWREE RECLN.,,PRIVATE STRUCTURE,MAZGAON SEWREE RECLAMATION (GRAIN & COTTON DEPOT),145,PAREL-SEWERI,1264.80,,A,False,True,True,,,,10,56,4,7,,,10401207,,,,,,True,MbPT ROAD,RAILWAY SIDING,PLOT NO. Q (NORTH),MbPT ROAD,400015,,1023,Q-SOUTH MAZAGAON SEWREE RECLN.,A,,,1264.8000,4,,,10401207,4,True,True,,,,,,,,,,,,False,,1264.8000,0.7500,0.0000,948.6000,True,2004-04-01,,,,,,,,10401207,APPROVED,True,"Petrol & oil, diesel pumps, service station, weigh bridge & other purposes connected with motor trade",Other,1966-07-18,,0,,,0,0.00,0.00,0,0,,,,,,,,,,,,,
3575,104010208,RR 1678,,PRIVATE STRUCTURE,MAZGAON SEWREE RECLAMATION (GRAIN & COTTON DEPOT),383/145,PAREL-SEWERI,2748.53,,A,False,True,True,,,,10,56,4,7,,,10401219,,,,,,False,RAILWAY SIDING,RAILWAY SIDING,RR – 1778,RAILWAY SIDING,400015,,1037,RR 1678,A,,,2748.5300,4,,,10401219,4,True,True,,,,,,,,,,,,False,,2748.5300,0.8000,0.0000,2198.8200,True,2004-04-01,,,,,,,,10401219,APPROVED,True,"Petrol & oil, diesel pumps, service station, weigh bridge & other purposes connected with motor trade",Other,1946-10-29,,0,,,0,0.00,0.00,0,0,,,,,,,,,,,,,
3589,104010222,SHED ON R R 1715  M S R,,MbPT STRUCTURE,MAZGAON SEWREE RECLAMATION (GRAIN & COTTON DEPOT),311/145,PAREL-SEWERI,7332.19,,A,False,True,True,,,,10,56,4,7,,,10401150,,,,,,True,RAILWAY SIDING,RAILWAY SIDING,MbPT ROAD,MbPT ROAD,400015,,5037,SHED ON R R 1715  M S R,A,,,,4,,,10401150,4,False,False,,,,,,,,,,,,False,48.00,,,,,,,,,,,,,,10401150,APPROVED,False,,Other,1947-04-01,,0,,,0,0.00,0.00,0,0,,,,,,,,,,,,,
8398,104010222,E SHED(BAY 53 TO 70),,,MAZGAON SEWREE RECLAMATION (GRAIN & COTTON DEPOT),311/145,PAREL-SEWERI,2659.76,,A,False,True,True,,,,10,56,4,7,,,10401151,,,,,,True,RAILWAY SIDING,RAILWAY SIDING,MbPT ROAD,MbPT ROAD,400015,,6072,E SHED(BAY 53 TO 70),A,,,2659.76,4,,,10401151,4,True,True,,,,,,,,,,,,False,,2659.7600,1.0000,0.0000,,True,2025-04-17,,,,,,,,10401151,APPROVED,True,storage of non-hazardous goods & office in connection therewith,Other,1966-06-01,,0,,,0,0.00,0.00,0,0,,,,,,,,,,,,,
7944,104010234,R R 1465 & 1466, , , ,158/1,MAZGAON,7646.85,,A,False,True,True, , , ,10,56,4,,,,10401203, , , ,,,False, , , , ,, ,4460,R R 1465 & 1466,A,,,7646.8500,4,,,10401203,4,False,False,,,,,,,,,,,,False,,7646.8500,0.0000,0.0000,6423.3500,True,2004-04-01,,,,,,,,10401203,APPROVED,False,,Other,1873-01-01,,0,,,0,0.00,0.00,0,0,,,,,,,,,,,,,
7997,104010235,NORTH OF A SHED GRAIN DEPOT, , , ,1 (Part),MAZGAON,117.06,,A,False,True,True, , , ,10,56,4,,,,10401110, , , ,,,False, , , , ,, ,4504,NORTH OF A SHED GRAIN DEPOT,A,,,117.0600,4,,,10401110,4,False,False,,,,,,,,,,,,False,,117.0600,0.0000,0.0000,0.0000,True,1873-01-01,,,,,,,,10401110,APPROVED,False,,Other,1873-01-01,,0,,,0,0.00,0.00,0,0,,,,,,,,,,,,,
7998,104010236,RR NO 2048, , , ,1 (Part),MAZGAON,355.35,,A,False,True,True, , , ,10,56,4,,,,10401111, , , ,,,False, , , , ,, ,4505,RR NO 2048,A,,,355.3500,4,,,10401111,4,False,False,,,,,,,,,,,,False,,355.3500,0.0000,0.0000,0.0000,True,1873-01-01,,,,,,,,10401111,APPROVED,False,,Other,1873-01-01,,0,,,0,0.00,0.00,0,0,,,,,,,,,,,,,
8070,104010238,SOUTH OF C SHED GRAIN DEPOT, , , ,145 (part),PAREL SEWRI,222.97,,A,False,True,True, , , ,10,56,4,,,,10401114, , , ,,,False, , , , ,, ,4577,SOUTH OF C SHED GRAIN DEPOT,A,,,222.9700,4,,,10401114,4,False,False,,,,,,,,,,,,False,,222.9700,0.0000,0.0000,0.0000,True,1873-01-01,,,,,,,,10401114,APPROVED,False,,Other,1873-01-01,,0,,,0,0.00,0.00,0,0,,,,,,,,,,,,,
8071,104010239,NORTH OF C SHED, , , ,145 (part),PAREL SEWRI,292.64,,A,False,True,True, , , ,10,56,4,,,,10401118, , , ,,,False, , , , ,, ,4578,NORTH OF C SHED,A,,,292.6400,4,,,10401118,4,False,False,,,,,,,,,,,,False,,292.6400,0.0000,0.0000,0.0000,True,1873-01-01,,,,,,,,10401118,APPROVED,False,,Other,1873-01-01,,0,,,0,0.00,0.00,0,0,,,,,,,,,,,,,
8072,104010240,SOUTH OF D SHED, , , ,145 (part),PAREL SEWRI,13.38,,A,False,True,True, , , ,10,56,4,,,,10401121, , , ,,,False, , , , ,, ,4579,SOUTH OF D SHED,A,,,13.3800,4,,,10401121,4,False,False,,,,,,,,,,,,False,,13.3800,0.0000,0.0000,0.0000,True,1873-01-01,,,,,,,,10401121,APPROVED,False,,Other,1873-01-01,,0,,,0,0.00,0.00,0,0,,,,,,,,,,,,,
8073,104010241,SOUTH OF T SHED, , , ,145 (part),PAREL SEWRI,34.28,,A,False,True,True, , , ,10,56,4,,,,10401122, , , ,,,False, , , , ,, ,4580,SOUTH OF T SHED,A,,,34.2800,4,,,10401122,4,False,False,,,,,,,,,,,,False,,34.2800,0.0000,0.0000,0.0000,True,1873-01-01,,,,,,,,10401122,APPROVED,False,,Other,1873-01-01,,0,,,0,0.00,0.00,0,0,,,,,,,,,,,,,
8074,104010242,SOUTH OF T SHED, , , ,145 (part),PAREL SEWRI,52.77,,A,False,True,True, , , ,10,56,4,,,,10401123, , , ,,,False, , , , ,, ,4581,SOUTH OF T SHED,A,,,52.7700,4,,,10401123,4,False,False,,,,,,,,,,,,False,,52.7700,0.0000,0.0000,0.0000,True,1873-01-01,,,,,,,,10401123,APPROVED,False,,Other,1873-01-01,,0,,,0,0.00,0.00,0,0,,,,,,,,,,,,,
8075,104010243,SOUTH OF T SHED GRAIN DEPOT, , , ,145 (part),PAREL SEWRI,104.05,,A,False,True,True, , , ,10,56,4,,,,10401124, , , ,,,False, , , , ,, ,4582,SOUTH OF T SHED GRAIN DEPOT,A,,,104.0500,4,,,10401124,4,False,False,,,,,,,,,,,,False,,104.0500,0.0000,0.0000,0.0000,True,1873-01-01,,,,,,,,10401124,APPROVED,False,,Other,1873-01-01,,0,,,0,0.00,0.00,0,0,,,,,,,,,,,,,
8076,104010244,NORTH OF T SHED GRAIN DEPOTMSR, , , ,145 (part),PAREL SEWRI,104.05,,A,False,True,True, , , ,10,56,4,,,,10401126, , , ,,,False, , , , ,, ,4583,NORTH OF T SHED GRAIN DEPOTMSR,A,,,104.0500,4,,,10401126,4,False,False,,,,,,,,,,,,False,,104.0500,0.0000,0.0000,0.0000,True,1873-01-01,,,,,,,,10401126,APPROVED,False,,Other,1873-01-01,,0,,,0,0.00,0.00,0,0,,,,,,,,,,,,,
8077,104010245,NORTH OF T SHED M S R, , , ,145 (part),PAREL SEWRI,29.91,,A,False,True,True, , , ,10,56,4,,,,10401127, , , ,,,False, , , , ,, ,4584,NORTH OF T SHED M S R,A,,,29.9100,4,,,10401127,4,False,False,,,,,,,,,,,,False,,29.9100,0.0000,0.0000,0.0000,True,1873-01-01,,,,,,,,10401127,APPROVED,False,,Other,1873-01-01,,0,,,0,0.00,0.00,0,0,,,,,,,,,,,,,
8078,104010246,SOUTH OF F SHED, , , ,257A/145,PAREL SEWRI,209.03,,A,False,True,True, , , ,10,56,4,,,,10401134, , , ,,,False, , , , ,, ,4585,SOUTH OF F SHED,A,,,209.0300,4,,,10401134,4,False,False,,,,,,,,,,,,False,,209.0300,1.4600,0.0000,305.1800,True,2004-04-01,,,,,,,,10401134,APPROVED,False,,Other,1967-02-01,,0,,,0,0.00,0.00,0,0,,,,,,,,,,,,,
8082,104010250,NORTH OF H SHED GRAIN DEPOTMSR, , , ,145 (part),PAREL SEWRI,475.76,,A,False,True,True, , , ,10,56,4,,,,10401143, , , ,,,False, , , , ,, ,4589,NORTH OF H SHED GRAIN DEPOTMSR,A,,,475.7600,4,,,10401143,4,False,False,,,,,,,,,,,,False,,475.7600,0.0000,0.0000,0.0000,True,1873-01-01,,,,,,,,10401143,APPROVED,False,,Other,1873-01-01,,0,,,0,0.00,0.00,0,0,,,,,,,,,,,,,
8084,104010252,RR 1931, , , ,425/145,PAREL SEWRI,271.28,,A,False,True,True, , , ,10,56,4,,,,10401210, , , ,,,False, , , , ,, ,4591,RR 1931,A,,,271.2800,4,,,10401210,4,False,False,,,,,,,,,,,,False,,271.2800,0.0000,0.0000,0.0000,True,1873-01-01,,,,,,,,10401210,APPROVED,False,,Other,1873-01-01,,0,,,0,0.00,0.00,0,0,,,,,,,,,,,,,
8085,104010253,8 COAL DEPOT, , , ,145 (part),PAREL SEWRI,379.97,,A,False,True,True, , , ,10,56,4,,,,10401234, , , ,,,False, , , , ,, ,4592,8 COAL DEPOT,A,,,379.9700,4,,,10401234,4,False,False,,,,,,,,,,,,False,,379.9700,0.0000,0.0000,0.0000,True,1873-01-01,,,,,,,,10401234,APPROVED,False,,Other,1873-01-01,,0,,,0,0.00,0.00,0,0,,,,,,,,,,,,,
8086,104010254,13 AT COAL DEPOT, , , ,145 (part),PAREL SEWRI,319.87,,A,False,True,True, , , ,10,56,4,,,,10401239, , , ,,,False, , , , ,, ,4593,13 AT COAL DEPOT,A,,,319.8700,4,,,10401239,4,False,False,,,,,,,,,,,,False,,319.8700,0.0000,0.0000,0.0000,True,1873-01-01,,,,,,,,10401239,APPROVED,False,,Other,1873-01-01,,0,,,0,0.00,0.00,0,0,,,,,,,,,,,,,
8087,104010255,14 COAL DEPOT, , , ,145 (part),PAREL SEWRI,376.26,,A,False,True,True, , , ,10,56,4,,,,10401240, , , ,,,False, , , , ,, ,4594,14 COAL DEPOT,A,,,376.2600,4,,,10401240,4,False,False,,,,,,,,,,,,False,,376.2600,0.0000,0.0000,0.0000,True,1873-01-01,,,,,,,,10401240,APPROVED,False,,Other,1873-01-01,,0,,,0,0.00,0.00,0,0,,,,,,,,,,,,,
8088,104010256,17 AT COAL DEPOT, , , ,145 (part),PAREL SEWRI,376.26,,A,False,True,True, , , ,10,56,4,,,,10401243, , , ,,,False, , , , ,, ,4595,17 AT COAL DEPOT,A,,,376.2600,4,,,10401243,4,False,False,,,,,,,,,,,,False,,376.2600,0.0000,0.0000,0.0000,True,1873-01-01,,,,,,,,10401243,APPROVED,False,,Other,1873-01-01,,0,,,0,0.00,0.00,0,0,,,,,,,,,,,,,
8089,104010257,PLOT 18, , , ,145 (part),PAREL SEWRI,263.38,,A,False,True,True, , , ,10,56,4,,,,10401244, , , ,,,False, , , , ,, ,4596,PLOT 18,A,,,263.3800,4,,,10401244,4,False,False,,,,,,,,,,,,False,,263.3800,0.0000,0.0000,0.0000,True,1873-01-01,,,,,,,,10401244,APPROVED,False,,Other,1873-01-01,,0,,,0,0.00,0.00,0,0,,,,,,,,,,,,,
8090,104010258,23(NORTH HALE OF 35), , , ,145 (part),PAREL SEWRI,376.81,,A,False,True,True, , , ,10,56,4,,,,10401249, , , ,,,False, , , , ,, ,4597,23(NORTH HALE OF 35),A,,,376.8100,4,,,10401249,4,False,False,,,,,,,,,,,,False,,376.8100,0.0000,0.0000,0.0000,True,1873-01-01,,,,,,,,10401249,APPROVED,False,,Other,1873-01-01,,0,,,0,0.00,0.00,0,0,,,,,,,,,,,,,
8091,104010259,25 WEST RD, , , ,145 (part),PAREL SEWRI,153.29,,A,False,True,True, , , ,10,56,4,,,,10401250, , , ,,,False, , , , ,, ,4598,25 WEST RD,A,,,153.2900,4,,,10401250,4,False,False,,,,,,,,,,,,False,,153.2900,0.0000,0.0000,0.0000,True,1873-01-01,,,,,,,,10401250,APPROVED,False,,Other,1873-01-01,,0,,,0,0.00,0.00,0,0,,,,,,,,,,,,,
8093,104010261,27 B COAL DEPOT, , , ,145 (part),PAREL SEWRI,255.20,,A,False,True,True, , , ,10,56,4,,,,10401341, , , ,,,False, , , , ,, ,4600,27 B COAL DEPOT,A,,,255.2000,4,,,10401341,4,False,False,,,,,,,,,,,,False,,255.2000,0.0000,0.0000,0.0000,True,1873-01-01,,,,,,,,10401341,APPROVED,False,,Other,1873-01-01,,0,,,0,0.00,0.00,0,0,,,,,,,,,,,,,
8094,104010262,28 C OF COAL DEPOT, , , ,145 (part),PAREL SEWRI,427.26,,A,False,True,True, , , ,10,56,4,,,,10401346, , , ,,,False, , , , ,, ,4601,28 C OF COAL DEPOT,A,,,427.2600,4,,,10401346,4,False,False,,,,,,,,,,,,False,,427.2600,0.0000,0.0000,0.0000,True,1873-01-01,,,,,,,,10401346,APPROVED,False,,Other,1873-01-01,,0,,,0,0.00,0.00,0,0,,,,,,,,,,,,,
8099,104010267,3 A AT COAL DEPOT, , , ,145 (part),PAREL SEWRI,266.63,,A,False,True,True, , , ,10,56,4,,,,10401506, , , ,,,False, , , , ,, ,4606,3 A AT COAL DEPOT,A,,,266.6300,4,,,10401506,4,False,False,,,,,,,,,,,,False,,266.6300,0.0000,0.0000,0.0000,True,1873-01-01,,,,,,,,10401506,APPROVED,False,,Other,1873-01-01,,0,,,0,0.00,0.00,0,0,,,,,,,,,,,,,
8102,104010270,I 2 & COAL DEPOT., , , ,145 (part),PAREL SEWRI,278.71,,A,False,True,True, , , ,10,56,4,,,,10401534, , , ,,,False, , , , ,, ,4609,I 2 & COAL DEPOT.,A,,,278.7100,4,,,10401534,4,False,False,,,,,,,,,,,,False,,278.7100,0.0000,0.0000,0.0000,True,1873-01-01,,,,,,,,10401534,APPROVED,False,,Other,1873-01-01,,0,,,0,0.00,0.00,0,0,,,,,,,,,,,,,
8103,104010271,C-2  COAL DEPOT, , , ,145 (part),PAREL SEWRI,278.71,,A,False,True,True, , , ,10,56,4,,,,10401546, , , ,,,False, , , , ,, ,4610,C-2  COAL DEPOT,A,,,278.7100,4,,,10401546,4,False,False,,,,,,,,,,,,False,,278.7100,0.0000,0.0000,11.1500,True,2004-04-01,,,,,,,,10401546,APPROVED,False,,Other,1873-01-01,,0,,,0,0.00,0.00,0,0,,,,,,,,,,,,,
8105,104010273,A-3, , , ,145 (part),PAREL SEWRI,278.71,,A,False,True,True, , , ,10,56,4,,,,10401627, , , ,,,False, , , , ,, ,4612,A-3,A,,,278.7100,4,,,10401627,4,False,False,,,,,,,,,,,,False,,278.7100,0.0000,0.0000,0.0000,True,1873-01-01,,,,,,,,10401627,APPROVED,False,,Other,1873-01-01,,0,,,0,0.00,0.00,0,0,,,,,,,,,,,,,
8106,104010274,A-4, , , ,145 (part),PAREL SEWRI,278.71,,A,False,True,True, , , ,10,56,4,,,,10401628, , , ,,,False, , , , ,, ,4613,A-4,A,,,278.7100,4,,,10401628,4,False,False,,,,,,,,,,,,False,,278.7100,0.0000,0.0000,0.0000,True,1873-01-01,,,,,,,,10401628,APPROVED,False,,Other,1873-01-01,,0,,,0,0.00,0.00,0,0,,,,,,,,,,,,,
8109,104010277,ADDL.LAND OF EAST OF R R 1669, , , ,145 (part),PAREL SEWRI,279.29,,A,False,True,True, , , ,10,56,4,,,,10401644, , , ,,,False, , , , ,, ,4616,ADDL.LAND OF EAST OF R R 1669,A,,,279.2900,4,,,10401644,4,False,False,,,,,,,,,,,,False,,279.2900,0.0000,0.0000,0.0000,True,1873-01-01,,,,,,,,10401644,APPROVED,False,,Other,1873-01-01,,0,,,0,0.00,0.00,0,0,,,,,,,,,,,,,
8110,104010278,ADDL.LAND EAST OF 1671, , , ,145 (part),PAREL SEWRI,146.29,,A,False,True,True, , , ,10,56,4,,,,10401645, , , ,,,False, , , , ,, ,4617,ADDL.LAND EAST OF 1671,A,,,146.2900,4,,,10401645,4,False,False,,,,,,,,,,,,False,,146.2900,0.0000,0.0000,0.0000,True,1873-01-01,,,,,,,,10401645,APPROVED,False,,Other,1873-01-01,,0,,,0,0.00,0.00,0,0,,,,,,,,,,,,,
3606,205010002,161 SURAT STREET,,,MAZGAON SEWREE RECLAMATION (EAST),323/145,PAREL-SEWERI,0.00,,A,False,True,True,,,4,11,57,5,7,,,20501111,,,,,,False,,,,,400033,,1058,SITEA&B/STRIPX&Y,A,,,125330.6900,4,,,20501111,5,True,True,,,,,,,,,,,,False,,125330.6900,0.2900,0.0000,0.0000,True,1873-01-01,,,,,,,,20501111,APPROVED,True,storage of non-hazardous goods & office in connection therewith,Other,1971-11-01,,0,,,0,0.00,0.00,0,0,,,,,,,,,,,,,
3631,205010005,17 A,,,MAZGAON SEWREE RECLAMATION (EAST),145,PAREL-SEWERI,61406.96,,A,False,True,True,,,4,11,57,5,7,,,20501140,,,,,,False,,,,,400033,,1068,OLD RR NO 1537,A,,,61406.9600,4,,,31202231,12,True,True,,,,,,,,,,,,False,,,,,,,,,,,,,,,31202231,APPROVED,True,storage of non-hazardous goods & office in connection therewith,Other,1956-12-05,,0,,,0,0.00,0.00,0,0,,,,,,,,,,,,,
3632,205010006,17 BEARING R R NO 874,,,MAZGAON SEWREE RECLAMATION (EAST),361/145,PAREL-SEWERI,17536.29,,A,False,True,True,,,4,11,57,5,7,,,20501141,,,,,,False,,,,,400033,,1069,OLD RR NO 1655,A,,,17536.2900,4,,,31202232,12,True,True,,,,,,,,,,,,False,,,,,,,,,,,,,,,31202232,APPROVED,True,,Other,1950-05-01,,0,,,0,0.00,0.00,0,0,,,,,,,,,,,,,
3645,205010008,1713,,,MAZGAON SEWREE RECLAMATION (EAST),396/145,PAREL-SEWERI,35.67,,A,False,True,True,,,4,11,57,5,7,,,20501207,,,,,,False,,,,,400033,,4378,GARAGE NO 2 ATT.TO AFS QUARTER,A,,,35.6700,4,,,20501207,5,False,False,,,,,,,,,,,,False,,35.6700,0.0000,0.0000,0.0000,True,1873-01-01,,,,,,,,20501207,APPROVED,False,,Other,1873-01-01,,0,,,0,0.00,0.00,0,0,,,,,,,,,,,,,
3646,205010009,1714,,,MAZGAON SEWREE RECLAMATION (EAST),271/145,PAREL-SEWERI,1896.71,,A,False,True,True,,,4,11,57,5,7,,,20501210,,,,,,False,,,,,400033,,4379,R R NO 1881,A,,,1896.7100,4,,,20501210,5,False,False,,,,,,,,,,,,False,,1896.7100,1.5800,0.0000,0.0000,True,1873-01-01,,,,,,,,20501210,APPROVED,False,,Other,1958-03-04,,0,,,0,0.00,0.00,0,0,,,,,,,,,,,,,
3731,205010010,2(SEWREE GADI ADDA),,,MAZGAON SEWREE RECLAMATION (EAST),276C/145,PAREL-SEWERI,289.21,,A,False,True,True,,,,11,57,5,5,,,20501145,,,,,,True,P T ROAD,ROAD,P.T Road,(7) 17,400033,,1105,2(SEWREE GADI ADDA),A,,,289.2100,4,,,41304534,13,False,True,,,,,,,,,,,,False,,,,,,,,,,,,,,,41304534,APPROVED,True,,Other,2000-07-01,,0,,,0,0.00,0.00,0,0,,,,,,,,,,,,,
7545,205010021,OLD RR NO 1692,,Private Structure,,288/145,PAREL-SEWERI,12529.45,,A,False,True,True,,,,11,57,5,,,,20501113,,,,,,False,,,,,,,2758,OLD RR NO 1692,A,,,12529.4500,4,,,20501113,5,False,False,,,,,,,,,,,,False,,12529.4500,0.6600,0.0000,0.0000,True,1873-01-01,,,,,,,,20501113,APPROVED,False,"Petrol & oil, diesel pumps, service station, weigh bridge & other purposes connected with motor trade",Other,1939-04-01,,0,,,0,0.00,0.00,0,0,,,,,,,,,,,,,
7558,205010034,RR NO 1724,,Private Structure,,384/145,PAREL-SEWERI,9485.87,,A,False,True,True,,,,11,57,5,,,,20501130,,,,,,False,,,,,,,2771,RR NO 1724,A,,,9485.8700,4,,,20501130,5,False,False,,,,,,,,,,,,False,,9485.8700,1.1400,0.0000,0.0000,True,1873-01-01,,,,,,,,20501130,APPROVED,False,,Other,1948-12-11,,0,,,0,0.00,0.00,0,0,,,,,,,,,,,,,
7559,205010035,RR NO 1647,,Private Structure,,329/145,PAREL-SEWERI,15872.21,,A,False,True,True,,,,11,57,5,,,,20501131,,,,,,False,,,,,,,2772,RR NO 1647,A,,,15872.2100,4,,,20501131,5,False,False,,,,,,,,,,,,False,,15872.2100,0.5000,0.0000,0.0000,True,1873-01-01,,,,,,,,20501131,APPROVED,False,,Other,1940-07-08,,0,,,0,0.00,0.00,0,0,,,,,,,,,,,,,
7560,205010036,RR NO 1581,,Private Structure,,315/145,PAREL-SEWERI,17582.26,,A,False,True,True,,,,11,57,5,,,,20501132,,,,,,False,,,,,,,2773,RR NO 1581,A,,,17582.2600,4,,,20501132,5,False,False,,,,,,,,,,,,False,,17582.2600,0.7600,0.0000,0.0000,True,1873-01-01,,,,,,,,20501132,APPROVED,False,,Other,1938-01-13,,0,,,0,0.00,0.00,0,0,,,,,,,,,,,,,
7561,205010037,RR NO 1540(ADDL LAND),,Private Structure,,145,PAREL-SEWERI,12425.04,,A,False,True,True,,,,11,57,5,,,,20501136,,,,,,False,,,,,,,4982,RR NO 1540(ADDL LAND),A,,,12425.0400,4,,,20501136,5,False,False,,,,,,,,,,,,False,,12425.0400,1.0100,0.0000,0.0000,True,1873-01-01,,,,,,,,20501136,APPROVED,False,,Pravin,1960-10-18,,0,,,0,0.00,0.00,0,0,,,,,,,,,,,,,
7563,205010039,OLD RR NO 1547,,Private Structure,,309/145,PAREL-SEWERI,55.74,,A,False,True,True,,,,11,57,5,,,,20501138,,,,,,False,,,,,,,4984,OLD RR NO 1547,A,,,55.7400,4,,,20501138,5,False,False,,,,,,,,,,,,False,,55.7400,0.2400,0.0000,0.0000,True,1873-01-01,,,,,,,,20501138,APPROVED,False,,Other,1933-04-01,,0,,,0,0.00,0.00,0,0,,,,,,,,,,,,,
7564,205010040,OLD RR NO 1594,,Private Structure,,341/145,PAREL-SEWERI,5800.96,,A,False,True,True,,,,11,57,5,,,,20501139,,,,,,False,,,,,,,4985,OLD RR NO 1594,A,,,5800.9600,4,,,20501139,5,False,False,,,,,,,,,,,,False,,5800.9600,0.0000,0.0000,0.0000,True,1873-01-01,,,,,,,,20501139,APPROVED,False,,Other,1939-05-15,,0,,,0,0.00,0.00,0,0,,,,,,,,,,,,,
7565,205010041,ADDL.LAND NORTH OF OLD RR 1655,,Private Structure,,145,PAREL-SEWERI,1702.26,,A,False,True,True,,,,11,57,5,,,,20501142,,,,,,False,,,,,,,2778,ADDL.LAND NORTH OF OLD RR 1655,A,,,1702.2600,4,,,20501142,5,False,False,,,,,,,,,,,,False,,1702.2600,0.9000,0.0000,0.0000,True,1873-01-01,,,,,,,,20501142,APPROVED,False,"Petrol & oil, diesel pumps, service station, weigh bridge & other purposes connected with motor trade",Other,1968-04-07,,0,,,0,0.00,0.00,0,0,,,,,,,,,,,,,
7569,205010045,ADDL LAND TO N OF OLD RR 1692,,Private Structure,,288/145,PAREL-SEWERI,2173.38,,A,False,True,True,,,,11,57,5,,,,20501218,,,,,,False,,,,,,,2782,ADDL LAND TO N OF OLD RR 1692,A,,,2173.3800,4,,,20501218,5,False,False,,,,,,,,,,,,False,,2173.3800,0.6600,0.0000,0.0000,True,1873-01-01,,,,,,,,20501218,APPROVED,False,"Petrol & oil, diesel pumps, service station, weigh bridge & other purposes connected with motor trade",Other,1979-02-01,,0,,,0,0.00,0.00,0,0,,,,,,,,,,,,,
7571,205010047,RR NO. 1836 & 1743,,Open Plot,,270/145,PAREL-SEWERI,6959.83,,A,False,True,True,,,,11,57,5,,,,20501225,,,,,,False,,,,,,,2784,RR NO. 1836 & 1743,A,,,6959.8300,4,,,20501225,5,False,False,,,,,,,,,,,,False,,6959.8300,0.6500,0.0000,0.0000,True,1994-04-01,2019-12-27,,,,,,,20501225,APPROVED,False,,Other,1994-04-01,,0,,,0,0.00,0.00,0,0,,,,,,,,,,,,,
8112,205010051,14 AT MANGANESE ORE DEPOT MSR, , , ,145 (part),PAREL SEWRI,1837.99,,A,False,True,True, , , ,11,57,5,,,,20501101, , , ,,,False, , , , ,, ,4619,14 AT MANGANESE ORE DEPOT MSR,A,,,1837.9900,4,,,20501101,5,False,False,,,,,,,,,,,,False,,1837.9900,0.0000,0.0000,0.0000,True,1873-01-01,,,,,,,,20501101,APPROVED,False,,Other,1873-01-01,,0,,,0,0.00,0.00,0,0,,,,,,,,,,,,,
8124,205010063,GARRAGE NO 3 ATTACHED AFS QTRS, , , ,396/145,PAREL SEWRI,35.67,,A,False,True,True, , , ,11,57,5,,,,20501204, , , ,,,False, , , , ,, ,4631,GARRAGE NO 3 ATTACHED AFS QTRS,A,,,35.6700,4,,,20501204,5,False,False,,,,,,,,,,,,False,,35.6700,0.0000,0.0000,0.0000,True,1873-01-01,,,,,,,,20501204,APPROVED,False,,Other,1873-01-01,,0,,,0,0.00,0.00,0,0,,,,,,,,,,,,,
8125,205010064,26 ADJ.TO GARAGE 3 AT AFS QTRS, , , ,396/145,PAREL SEWRI,68.28,,A,False,True,True, , , ,11,57,5,,,,20501205, , , ,,,False, , , , ,, ,4632,26 ADJ.TO GARAGE 3 AT AFS QTRS,A,,,68.2800,4,,,20501205,5,False,False,,,,,,,,,,,,False,,68.2800,0.0000,0.0000,0.0000,True,1873-01-01,,,,,,,,20501205,APPROVED,False,,Other,1873-01-01,,0,,,0,0.00,0.00,0,0,,,,,,,,,,,,,
8126,205010065,GARRAGE 1 SOUTH OF EX.AFS.QTR., , , ,396/145,PAREL SEWRI,35.67,,A,False,True,True, , , ,11,57,5,,,,20501206, , , ,,,False, , , , ,, ,4633,GARRAGE 1 SOUTH OF EX.AFS.QTR.,A,,,35.6700,4,,,20501206,5,False,False,,,,,,,,,,,,False,,35.6700,0.0000,0.0000,0.0000,True,1873-01-01,,,,,,,,20501206,APPROVED,False,,Other,1873-01-01,,0,,,0,0.00,0.00,0,0,,,,,,,,,,,,,
8128,205010067,27 SEWREE TIMBER POND, , , ,145 (part),PAREL SEWRI,543.48,,A,False,True,True, , , ,11,57,5,,,,20501211, , , ,,,False, , , , ,, ,4635,27 SEWREE TIMBER POND,A,,,543.4800,4,,,20501211,5,False,False,,,,,,,,,,,,False,,543.4800,0.0000,0.0000,0.0000,True,1873-01-01,,,,,,,,20501211,APPROVED,False,,Other,1873-01-01,,0,,,0,0.00,0.00,0,0,,,,,,,,,,,,,
8129,205010068,120 NEW PLOT 28, , , ,145 (part),PAREL SEWRI,429.86,,A,False,True,True, , , ,11,57,5,,,,20501212, , , ,,,False, , , , ,, ,4636,120 NEW PLOT 28,A,,,429.8600,4,,,20501212,5,False,False,,,,,,,,,,,,False,,429.8600,0.0000,0.0000,0.0000,True,1873-01-01,,,,,,,,20501212,APPROVED,False,,Other,1873-01-01,,0,,,0,0.00,0.00,0,0,,,,,,,,,,,,,
8251,205020001,OLD R R NO 876, , , ,S No. 21 & 166,,283952.94,,A,False,True,True, , , ,12,57,5,,,,20502220, , , ,,,False, , , , ,, ,4757,OLD R R NO 876,A,,,283952.9400,4,,,20502220,5,False,False,,,,,,,,,,,,False,,283952.9400,0.0000,0.0000,0.0000,True,1873-01-01,,,,,,,,20502220,APPROVED,False,,Other,1873-01-01,,0,,,0,0.00,0.00,0,0,,,,,,,,,,,,,
5478,206010021,21,,,MAZGAON TANK BUNDER,19/671,MAZGAON,70.61,,A,False,True,True,,,,14,57,6,5,,,"20601117
",,,,,,False,PLOT NO.22 FML,PLOT NO.20,PLOT NO.19,Ghorupdeo Cross Road No.1,400010,,2684,21,A,67.38 ,,70.6100,4,1967-11-01,,20601117,6,True,True,,,,,,,,,,,,False,,67.3800,1.0000,0.0000,0.0000,True,1967-11-01,,,,,,,,20601117,APPROVED,True,Factory & Storage Of Non Hazardous Goods,,1967-11-01,,0,,,0,0.00,0.00,0,0,,,,,,,,,,,,,
5481,206010024,26,,, MAZGAON TANK BUNDER,26/671,MAZGAON,127.18,,A,False,True,True,,,,14,57,6,5,,,"20601121
",,,,,,False,Ghorupdeao Cross Road  No 3,PLOT NO.25,PT PASSAGE,PLOT NO.27,400010,,2687,26,A,,,127.1800,4,,,20601121,6,True,True,,,,,,,,,,,,False,,127.1800,1.4100,0.0000,0.0000,True,1873-01-01,,,,,,,,20601121,APPROVED,True,storage of non-hazardous goods & office in connection therewith,,1965-03-01,,0,,,0,0.00,0.00,0,0,,,,,,,,,,,,,
5483,206010026,29,,, MAZGAON TANK BUNDER,26/671,MAZGAON,178.75,,A,False,True,True,,,,14,57,6,5,,,"20601127
",,,,,,False,Ghorupdeao Cross Road  No 3,PLOT NO.39,PLOT NO.28,PLOT NO.30,400010,,2689,29,A,,,178.7500,4,,,20601127,6,True,True,,,,,,,,,,,,False,,178.7500,1.1400,0.0000,0.0000,True,1873-01-01,,,,,,,,20601127,APPROVED,True,storage of non-hazardous goods & office in connection therewith,,1961-11-01,,0,,,0,0.00,0.00,0,0,,,,,,,,,,,,,
5485,206010028,31,,, MAZGAON TANK BUNDER,26/671,MAZGAON,66.61,,A,False,True,True,,,,14,57,6,5,,,"20601129
",,,,,,False,Ghorupdeao Cross Road  No 3,PLOT NO.39,PLOT NO.30,PLOT NO.32,400010,,2691,31,A,,,66.6100,4,,,20601129,6,True,True,,,,,,,,,,,,False,,66.6100,1.1500,0.0000,0.0000,True,1873-01-01,,,,,,,,20601129,APPROVED,True,,Other,1968-04-01,,0,,,0,0.00,0.00,0,0,,,,,,,,,,,,,
5486,206010029,32,,,MAZGAON TANK BUNDER,28/671,MAZGAON,136.85,,A,False,True,True,,,,14,57,6,5,,,"20601130
",,,,,,False,Ghorupdeao Cross Road  No 3,PLOT NO.37,PLOT NO.31,PLOT NO.33,400010,,2692,32,A,,,136.8500,4,,,20601130,6,True,True,,,,,,,,,,,,False,,136.8500,0.7600,0.0000,0.0000,True,1873-01-01,,,,,,,,20601130,APPROVED,True,storage of non-hazardous goods & office in connection therewith,Other,1966-02-01,,0,,,0,0.00,0.00,0,0,,,,,,,,,,,,,
5490,206010033,36,,, MAZGAON TANK BUNDER,26/671,MAZGAON,49.80,,A,False,True,True,,,,14,57,6,5,,,"20601134
",,,,,,False,PLOT NO.33,GHORUPDEO ROAD,PLOT NO.37,PLOT NO.35,400010,,2696,36,A,,,49.8000,4,,,20601134,6,True,True,,,,,,,,,,,,False,,49.8000,1.2200,0.0000,0.0000,True,1873-01-01,,,,,,,,20601134,APPROVED,True,storage of non-hazardous goods & office in connection therewith,,1968-07-01,,0,,,0,0.00,0.00,0,0,,,,,,,,,,,,,
5503,206010046,55,,, MAZGAON TANK BUNDER,18/671,MAZGAON,84.54,,A,False,True,True,,,,14,57,6,5,,,"20601209
",,,,,,False,PLOT NO.54 FML,PLOT NO.56,PLOT NO.48 FML,Ghorupdeo Cross Road No.1,400010,,2709,55,A,,,84.5400,4,,,20601209,6,True,True,,,,,,,,,,,,False,,84.5400,2.0000,0.0000,0.0000,True,1873-01-01,,,,,,,,20601209,APPROVED,True,storage of non-hazardous goods & office in connection therewith,Other,1964-09-01,,0,,,0,0.00,0.00,0,0,,,,,,,,,,,,,
5522,206010061,92,,,MAZGAON TANK BUNDER,632,MAZGAON,184.41,,A,False,True,True,,,,14,57,6,5,,,"20601234
",,,,,,False,REAY ROAD,PLOT NO.91,B.P.T ROAD,PLOT NO.93,400010,,2727,92,A,,,184.4100,4,,,20601234,6,True,True,,,,,,,,,,,,False,,184.4100,0.9600,0.0000,0.0000,True,1873-01-01,,,,,,,,20601234,APPROVED,True,storage of non-hazardous goods & office in connection therewith,Other,1975-02-01,,0,,,0,0.00,0.00,0,0,,,,,,,,,,,,,
5544,206010082,120,,, MAZGAON TANK BUNDER,3/630,MAZGAON,581.29,,A,False,True,True,,,,14,57,6,5,,,"20601311
",,,,,,True,PLOT NO.121 FML,PLOT NO.119 FML,ROAD,ROAD,400010,,2748,120,A,,,581.2900,4,,,20601311,6,True,True,,,,,,,,,,,,False,,581.2900,0.9800,0.0000,0.0000,True,1873-01-01,,,,,,,,20601311,APPROVED,True,,Other,1968-10-01,,0,,,0,0.00,0.00,0,0,,,,,,,,,,,,,
5545,206010083,121,,, MAZGAON TANK BUNDER,3/630,MAZGAON,411.37,,A,False,True,True,,,,14,57,6,5,,,"20601312
",,,,,,False,PLOT NO.122 & 123,PLOT NO.120,ROAD,ROAD,400010,,5375,121,A,,,,4,,,20601312,6,True,True,,,,,,,,,,,,False,384.00,,,,,,,,,,,,,,20601312,APPROVED,True,,Other,1973-08-01,,0,,,0,0.00,0.00,0,0,,,,,,,,,,,,,
5547,206010085,124,,,MAZGAON TANK BUNDER,533,MAZGAON,734.58,,A,False,True,True,,,,14,57,6,5,,,"20601315
",,,,,,True,ROAD,B.P.T BOUNDARY,ROAD,PT PASSAGE,400010,,5376,124,A,,,,4,,,20601315,6,True,True,,,,,,,,,,,,False,385.00,,,,,,,,,,,,,,20601315,APPROVED,True,,Other,1961-08-01,,0,,,0,0.00,0.00,0,0,,,,,,,,,,,,,
7575,206010089,R R NO 1927,,Private Structure,,14/671,MAZAGAON,748.61,,A,False,True,True,,,,14,57,6,,,,20601106,,,,,,False,,,,,,,2788,R R NO 1927,A,,,748.6100,4,,,20601106,6,False,False,,,,,,,,,,,,False,,748.6100,0.8900,0.0000,0.0000,True,1873-01-01,,,,,,,,20601106,APPROVED,False,,Other,1959-01-10,,0,,,0,0.00,0.00,0,0,,,,,,,,,,,,,
8000,206010124,24, , , ,671 (Part),MAZGAON,1331.67,,A,False,True,True, , , ,14,57,6,,,,20601119, , , ,,,False, , , , ,, ,5454,24,A,,,,4,,,20601119,6,False,False,,,,,,,,,,,,False,113.00,,,,,,,,,,,,,,20601119,APPROVED,False,,Other,1873-01-01,,0,,,0,0.00,0.00,0,0,,,,,,,,,,,,,
8005,206010129,100, , , ,630 (Part),MAZGAON,247.12,,A,False,True,True, , , ,14,57,6,,,,20601242, , , ,,,False, , , , ,, ,4512,100,A,,,247.1200,4,,,20601242,6,False,False,,,,,,,,,,,,False,,247.1200,0.0000,0.0000,0.0000,True,1873-01-01,,,,,,,,20601242,APPROVED,False,,Other,1873-01-01,,0,,,0,0.00,0.00,0,0,,,,,,,,,,,,,
8006,206010130,RR NO 2005, , , ,862,MAZGAON,327.67,,A,False,True,True, , , ,14,57,6,,,,20601317, , , ,,,False, , , , ,, ,4513,RR NO 2005,A,,,327.6700,4,,,20601317,6,False,False,,,,,,,,,,,,False,,327.6700,0.0000,0.0000,0.0000,True,1873-01-01,,,,,,,,20601317,APPROVED,False,,Other,1873-01-01,,0,,,0,0.00,0.00,0,0,,,,,,,,,,,,,
7947,206020006,60    (OPEN STRIP), , , ,727,MAZGAON,21.95,,A,False,True,True, , , ,15,57,6,,,,20602103, , , ,,,False, , , , ,, ,4461,60    (OPEN STRIP),A,,,21.9500,4,,,20602103,6,False,False,,,,,,,,,,,,False,,21.9500,0.0000,0.0000,0.0000,True,1873-01-01,,,,,,,,20602103,APPROVED,False,,Other,1873-01-01,,0,,,0,0.00,0.00,0,0,,,,,,,,,,,,,
5470,207010048,5,,,MAZGAON RECLAMATION (NORTH),1,MAZAGAON,118.36,,A,False,True,True,,,,16,57,7,5,,,"20701109
",,,,,,False,MAGAZINE STREET,PLOT NO.4 & THE BOMBAY BURMA TDG.CORPTN.LTD.,PT PASSAGE,MAGAZINE STREET,400010,,5370,5,A,,,,4,,,20701109,7,True,True,,,,,,,,,,,,False,407.00,,,,,,,,,,,,,,20701109,APPROVED,True,Lorry weigh bridge & office in connection therewith,Other,1968-10-01,,0,,,0,0.00,0.00,0,0,,,,,,,,,,,,,
5473,207010051,12,,,MAZGAON RECLAMATION (NORTH),1,MAZGAON,810.76,,A,False,True,True,,,,16,57,7,5,,,"20701114
",,,,,,True,ROAD,PANTHON BUNDER WHARF,PLOT NO.11,ROAD,400010,,2679,12,A,,,810.7600,4,,,20701114,7,True,True,,,,,,,,,,,,False,,810.7600,1.1300,0.0000,0.0000,True,1873-01-01,,,,,,,,20701114,APPROVED,True,,,1972-06-01,,0,,,0,0.00,0.00,0,0,,,,,,,,,,,,,
7637,207010076,203 & 210,,Private Structure,,1,MAZAGAON,213.49,,A,False,True,True,,,,16,57,7,,,,20701129,,,,,,False,,,,,,,5403,203 & 210,A,,,,4,,,20701129,7,True,True,,,,,,,,,,,,False,411.00,,,,,,,,,,,,,,20701129,APPROVED,True,,,1960-12-01,,0,,,0,0.00,0.00,0,0,,,,,,,,,,,,,
7648,207010087,220 QUAY STREET,,Private Structure,,1,MAZAGAON,150.39,,A,False,True,True,,,,16,57,7,,,,20701143,,,,,,False,,,,,,,2861,220 QUAY STREET,A,,,150.3900,4,,,20701143,7,True,True,,,,,,,,,,,,False,,150.3900,1.9400,0.0000,0.0000,True,1873-01-01,,,,,,,,20701143,APPROVED,True,,Other,1970-09-01,,0,,,0,0.00,0.00,0,0,,,,,,,,,,,,,
7695,207010134,R R 2004,,Private Structure,,170,MAZAGAON,5499.30,,A,False,True,True,,,,16,57,7,,,,20701339,,,,,,False,,,,,,,5260,R R 2004,A,,,,4,,,20701339,7,True,True,,,,,,,,,,,,False,213.00,,,,,,,,,,,,,,20701339,APPROVED,True,,Other,1960-11-01,,0,,,0,0.00,0.00,0,0,,,,,,,,,,,,,
7701,207010140,328 SUPPLY OF RR 2004,,Private Structure,,169/1,MAZAGAON,90.67,,A,False,True,True,,,,16,57,7,,,,20701348,,,,,,False,,,,,,,2914,328 SUPPLY OF RR 2004,A,,,90.6700,4,,,20701348,7,True,True,,,,,,,,,,,,False,,90.6700,0.4200,0.0000,0.0000,True,1873-01-01,,,,,,,,20701348,APPROVED,True,"Petrol & oil, diesel pumps, service station, weigh bridge & other purposes connected with motor trade",Other,1973-06-15,,0,,,0,0.00,0.00,0,0,,,,,,,,,,,,,
7711,207010150,334,,Open Plot,,631,MAZAGAON,66.61,,A,False,True,True,,,,16,57,7,,,,20701410,,,,,,False,,,,,,,6059,"L.F FOR OFFICE SPACE IN MARATHA MANDIR BLDG.
",A,,,,4,,,31209104,12,True,True,,,,,,,,,,,,False,,180.6200,0.0000,0.0000,0.0000,True,2004-02-01,,,,,,,,31209104,APPROVED,True,,Other,2004-09-13,,0,,,0,0.00,0.00,0,0,,,,,,,,,,,,,
8007,207010151,R R 1950, , , ,1 (Part),MAZGAON,3234.32,,A,False,True,True, , , ,16,57,7,,,,20701139, , , ,,,False, , , , ,, ,5455,R R 1950,A,,,,4,,,20701139,7,False,False,,,,,,,,,,,,False,166.00,,,,,,,,,,,,,,20701139,APPROVED,False,,Other,1873-01-01,,0,,,0,0.00,0.00,0,0,,,,,,,,,,,,,
8008,207010152,219 QUAY STREET, , , ,1 (Part),MAZGAON,330.96,,A,False,True,True, , , ,16,57,7,,,,20701142, , , ,,,False, , , , ,, ,4515,219 QUAY STREET,A,,,330.9600,4,,,20701142,7,False,False,,,,,,,,,,,,False,,330.9600,0.0000,0.0000,0.0000,True,1873-01-01,,,,,,,,20701142,APPROVED,False,,Other,1873-01-01,,0,,,0,0.00,0.00,0,0,,,,,,,,,,,,,
8009,207010153,228 QUAY RD, , , ,1 (Part),MAZGAON,132.85,,A,False,True,True, , , ,16,57,7,,,,20701150, , , ,,,False, , , , ,, ,4516,228 QUAY RD,A,,,132.8500,4,,,20701150,7,False,False,,,,,,,,,,,,False,,132.8500,0.0000,0.0000,0.0000,True,1873-01-01,,,,,,,,20701150,APPROVED,False,,Other,1873-01-01,,0,,,0,0.00,0.00,0,0,,,,,,,,,,,,,
8010,207010154,278, , , ,1/155 (Part),MAZGAON,244.06,,A,False,True,True, , , ,16,57,7,,,,20701249, , , ,,,False, , , , ,, ,4517,278,A,,,244.0600,4,,,20701249,7,False,False,,,,,,,,,,,,False,,244.0600,0.0000,0.0000,0.0000,True,1873-01-01,,,,,,,,20701249,APPROVED,False,,Other,1873-01-01,,0,,,0,0.00,0.00,0,0,,,,,,,,,,,,,
8011,207010155,294 B, , , ,1 (Part),MAZGAON,38.65,,A,False,True,True, , , ,16,57,7,,,,20701317, , , ,,,False, , , , ,, ,4518,294 B,A,,,38.6500,4,,,20701317,7,False,False,,,,,,,,,,,,False,,38.6500,0.0000,0.0000,0.0000,True,1873-01-01,,,,,,,,20701317,APPROVED,False,,Other,1873-01-01,,0,,,0,0.00,0.00,0,0,,,,,,,,,,,,,
3695,208010030,187A/1,,,MAZGAON RECLAMATION (SOUTH),1/134A,MAZGAON,4.83,,A,False,True,True,,,,17,57,8,5,,,"20801429
",,,,,,False,Plot No.195 & RR No.2008,Quay Street,Plot No.186,Plot No.187-B,400010,,1094,187A/1,A,,,4.8300,4,,,20801429,8,True,True,,,,,,,,,,,,False,,4.8300,0.3800,0.0000,0.0000,True,1873-01-01,,,,,,,,20801429,APPROVED,True,storage of non-hazardous goods & office in connection therewith,Other,1945-10-01,,0,,,0,0.00,0.00,0,0,,,,,,,,,,,,,
4032,208010059,32 AT PANTON BUNDER,,,MAZGAON RECLAMATION (SOUTH),1/210,MAZGAON,258.55,,A,False,True,True,,,,17,57,8,5,,,"20801115
",,,,,,False,RR No.2019 & Plot No.31,Link Road,Plot No.22,Plot No.40-A,400010,,1173,32 AT PANTON BUNDER,A,,,258.5500,4,,,20801115,8,False,False,,,,,,,,,,,,False,,258.5500,0.0000,0.0000,0.0000,True,1873-01-01,,,,,,,,20801115,APPROVED,False,storage of non-hazardous goods & office in connection therewith,Other,1961-02-01,,0,,,0,0.00,0.00,0,0,,,,,,,,,,,,,
5509,208010097,62,,,MAZGAON RECLAMATION (SOUTH),1,MAZGAON,412.30,,A,False,True,True,,,,17,57,8,5,,,"20801149
",,,,,,False,PLOT NO.63,PLOT NO.61-A FML,PLOT NO.61C FML & 61B,1ST CROSS STREET,400010,,2714,62,A,,,412.3000,4,,,20801149,8,True,True,,,,,,,,,,,,False,,412.3000,0.4100,0.0000,0.0000,True,1873-01-01,,,,,,,,20801149,APPROVED,True,storage of non-hazardous goods & office in connection therewith,Other,1963-08-01,,0,,,0,0.00,0.00,0,0,,,,,,,,,,,,,
7712,208010099,RRNO 2017 AT MAGAZINE STREET,,Private Structure,,1/210,MAZAGAON,2789.32,,A,False,True,True,,,,17,57,8,,,,20801114,,,,,,False,,,,,,,5265,RRNO 2017 AT MAGAZINE STREET,A,,,,4,,,20801114,8,False,False,,,,,,,,,,,,False,228.00,,,,,,,,,,,,,,20801114,APPROVED,False,,,1961-03-01,,0,,,0,0.00,0.00,0,0,,,,,,,,,,,,,
7776,208010163,118 KASSARA STREET,,Private Structure,,1,MAZAGAON,55.18,,A,False,True,True,,,,17,57,8,,,,20801305,,,,,,False,,,,,,,2989,118 KASSARA STREET,A,,,55.1800,4,,,20801305,8,True,True,,,,,,,,,,,,False,,55.1800,1.8900,0.0000,0.0000,True,1873-01-01,,,,,,,,20801305,APPROVED,True,storage of non-hazardous goods & office in connection therewith,Other,1958-04-18,,0,,,0,0.00,0.00,0,0,,,,,,,,,,,,,
7779,208010166,121 KASSARA STREET,,Private Structure,,1,MAZAGAON,113.71,,A,False,True,True,,,,17,57,8,,,,20801308,,,,,,False,,,,,,,2992,121 KASSARA STREET,A,,,113.7100,4,,,20801308,8,True,True,,,,,,,,,,,,False,,113.7100,1.2300,0.0000,0.0000,True,1873-01-01,,,,,,,,20801308,APPROVED,True,storage of non-hazardous goods & office in connection therewith,Other,1977-05-01,,0,,,0,0.00,0.00,0,0,,,,,,,,,,,,,
7804,208010191,148 QUAY STREET,,Private Structure,,1,MAZAGAON,146.42,,A,False,True,True,,,,17,57,8,,,,20801336,,,,,,False,,,,,,,3017,148 QUAY STREET,A,,,146.4200,4,,,20801336,8,True,True,,,,,,,,,,,,False,,146.4200,1.6200,0.0000,0.0000,True,1873-01-01,,,,,,,,20801336,APPROVED,True,storage of non-hazardous goods & office in connection therewith,Other,1972-11-01,,0,,,0,0.00,0.00,0,0,,,,,,,,,,,,,
7816,208010203,161,,Private Structure,,1/243,MAZAGAON,153.85,,A,False,True,True,,,,17,57,8,,,,20801349,,,,,,False,,,,,,,3029,161,A,,,153.8500,4,,,20801349,8,True,True,,,,,,,,,,,,False,,153.8500,2.0000,0.0000,0.0000,True,1873-01-01,,,,,,,,20801349,APPROVED,True,storage of non-hazardous goods & office in connection therewith,Other,1961-08-01,,0,,,0,0.00,0.00,0,0,,,,,,,,,,,,,
7823,208010210,COMPT 1&2,,Mb.P.T. Structure,,883,MAZAGAON,102.01,,A,False,True,True,,,,17,57,8,,,,20801447,,,,,,False,,,,,,,3036,COMPT 1&2,A,,,102.0100,4,,,10104910,1,True,True,,,,,,,,,,,,False,,,,,,,,,,,,,,,10104910,APPROVED,True,,,1873-01-01,,0,,,0,0.00,0.00,0,0,,,,,,,,,,,,,
8015,208010291, 46 MAGAZINE STREET, , , ,1 (Part),MAZGAON,350.06,,A,False,True,True, , , ,17,57,8,,,,20801130, , , ,,,False, , , , ,, ,4522,46 MAGAZINE STREET,A,,,350.0600,4,,,20801130,8,False,False,,,,,,,,,,,,False,,350.0600,0.0000,0.0000,0.0000,True,1873-01-01,,,,,,,,20801130,APPROVED,False,,,1873-01-01,,0,,,0,0.00,0.00,0,0,,,,,,,,,,,,,
8017,208010293, COMPTT 3, , , ,883,MAZGAON,9.29,,A,False,True,True, , , ,17,57,8,,,,20801448, , , ,,,False, , , , ,, ,4524, COMPTT 3,A,,,9.2900,4,,,20801448,8,False,False,,,,,,,,,,,,False,,9.2900,0.0000,0.0000,0.0000,True,1873-01-01,,,,,,,,20801448,APPROVED,False,,,1873-01-01,,0,,,0,0.00,0.00,0,0,,,,,,,,,,,,,
8019,208010295,215, , , ,882,MAZGAON,154.03,,A,False,True,True, , , ,17,57,8,,,,20801501, , , ,,,False, , , , ,, ,4526,215,A,,,154.0300,4,,,20801501,8,False,False,,,,,,,,,,,,False,,154.0300,1.0000,0.0000,0.0000,True,2010-08-10,,,,,,,,20801501,APPROVED,False,,,1962-10-01,,0,,,0,0.00,0.00,0,0,,,,,,,,,,,,,
7904,208020001,SHOP 4 BPT CHAWL WADI BUNDER,,Mb.P.T. Structure,,75,MAZAGAON,20.81,,A,False,True,True,,,,18,57,8,,,,20802101,,,,,,False,,,,,,,3117,SHOP 4 BPT CHAWL WADI BUNDER,A,,,20.8100,4,,,20802101,8,True,True,,,,,,,,,,,,False,,20.8100,1.0000,0.0000,0.0000,True,1873-01-01,,,,,,,,20802101,APPROVED,True,storage of non-hazardous goods & office in connection therewith,Other,1959-09-01,,0,,,0,0.00,0.00,0,0,,,,,,,,,,,,,
7905,208020002,SHOP 5 WADI BR BPT CHAWL,,Mb.P.T. Structure,,75,MAZAGAON,17.84,,A,False,True,True,,,,18,57,8,,,,20802102,,,,,,False,,,,,,,3118,SHOP 5 WADI BR BPT CHAWL,A,,,17.8400,4,,,20802102,8,True,True,,,,,,,,,,,,False,,17.8400,0.0000,0.0000,0.0000,True,1873-01-01,,,,,,,,20802102,APPROVED,True,,,1975-08-01,,0,,,0,0.00,0.00,0,0,,,,,,,,,,,,,
7906,208020003,STALL NO 5 BPT CHAWL WADI BUND,,Mb.P.T. Structure,,76,MAZAGAON,1.49,,A,False,True,True,,,,18,57,8,,,,20802103,,,,,,False,,,,,,,3119,STALL NO 5 BPT CHAWL WADI BUND,A,,,1.4900,4,,,20802103,8,True,True,,,,,,,,,,,,False,,1.4900,1.0000,0.0000,0.0000,True,1873-01-01,,,,,,,,20802103,APPROVED,True,storage of non-hazardous goods & office in connection therewith,Other,1966-07-01,,0,,,0,0.00,0.00,0,0,,,,,,,,,,,,,
7907,208020004,STALL NO.6 BPT WADI BUNDER,,Mb.P.T. Structure,,76,MAZAGAON,1.49,,A,False,True,True,,,,18,57,8,,,,20802104,,,,,,False,,,,,,,3120,STALL NO.6 BPT WADI BUNDER,A,,,1.4900,4,,,20802104,8,True,True,,,,,,,,,,,,False,,1.4900,1.0000,0.0000,0.0000,True,1873-01-01,,,,,,,,20802104,APPROVED,True,storage of non-hazardous goods & office in connection therewith,Other,1959-02-01,,0,,,0,0.00,0.00,0,0,,,,,,,,,,,,,
7908,208020005,STALL 8 BPT CHAWL WADI BUNDER,,Mb.P.T. Structure,,75,MAZAGAON,1.49,,A,False,True,True,,,,18,57,8,,,,20802105,,,,,,False,,,,,,,3121,STALL 8 BPT CHAWL WADI BUNDER,A,,,1.4900,4,,,20802105,8,True,True,,,,,,,,,,,,False,,1.4900,1.0000,0.0000,0.0000,True,1873-01-01,,,,,,,,20802105,APPROVED,True,storage of non-hazardous goods & office in connection therewith,Other,1953-01-27,,0,,,0,0.00,0.00,0,0,,,,,,,,,,,,,
7909,208020006,STALL 11 BPT CHAWL WADI BR,,Mb.P.T. Structure,, , ,1.49,,A,False,True,True,,,,18,57,8,,,,20802106,,,,,,False,,,,,,,3122,STALL 11 BPT CHAWL WADI BR,A,,,1.4900,4,,,20802106,8,True,True,,,,,,,,,,,,False,,1.4900,1.0000,0.0000,0.0000,True,1873-01-01,,,,,,,,20802106,APPROVED,True,storage of non-hazardous goods & office in connection therewith,Other,1953-08-13,,0,,,0,0.00,0.00,0,0,,,,,,,,,,,,,
7910,208020007,STALL 12 BPT WADI BR CHAWL,,Mb.P.T. Structure,, , ,1.49,,A,False,True,True,,,,18,57,8,,,,20802107,,,,,,False,,,,,,,3123,STALL 12 BPT WADI BR CHAWL,A,,,1.4900,4,,,20802107,8,True,True,,,,,,,,,,,,False,,1.4900,1.0000,0.0000,0.0000,True,1873-01-01,,,,,,,,20802107,APPROVED,True,storage of non-hazardous goods & office in connection therewith,Other,1957-10-01,,0,,,0,0.00,0.00,0,0,,,,,,,,,,,,,
7913,208020010,NEW SHOP NO 3,,Mb.P.T. Structure,,75,MAZAGAON,21.45,,A,False,True,True,,,,18,57,8,,,,20802111,,,,,,False,,,,,,,3126,NEW SHOP NO 3,A,,,21.4500,4,,,20802111,8,True,True,,,,,,,,,,,,False,,21.4500,1.5300,0.0000,0.0000,True,1873-01-01,,,,,,,,20802111,APPROVED,True,storage of non-hazardous goods & office in connection therewith,Other,1976-02-13,,0,,,0,0.00,0.00,0,0,,,,,,,,,,,,,
7914,208020011,NEW SHOP NO 4,,Mb.P.T. Structure,,75,MAZAGAON,21.45,,A,False,True,True,,,,18,57,8,,,,20802112,,,,,,False,,,,,,,3127,NEW SHOP NO 4,A,,,21.4500,4,,,20802112,8,True,True,,,,,,,,,,,,False,,21.4500,1.5300,0.0000,0.0000,True,1873-01-01,,,,,,,,20802112,APPROVED,True,storage of non-hazardous goods & office in connection therewith,Other,1976-03-26,,0,,,0,0.00,0.00,0,0,,,,,,,,,,,,,
7915,208020012,SHOP NO 5 WADI BR,,Mb.P.T. Structure,,75,MAZAGAON,21.45,,A,False,True,True,,,,18,57,8,,,,20802113,,,,,,False,,,,,,,3128,SHOP NO 5 WADI BR,A,,,21.4500,4,,,10105905,1,True,True,,,,,,,,,,,,False,,,,,,,,,,,,,,,10105905,APPROVED,True,,,1873-01-01,,0,,,0,0.00,0.00,0,0,,,,,,,,,,,,,
7916,208020013,NEW SHOP NO 6 WADI BUNDER,,Mb.P.T. Structure,,75,MAZAGAON,21.45,,A,False,True,True,,,,18,57,8,,,,20802114,,,,,,False,,,,,,,3129,NEW SHOP NO 6 WADI BUNDER,A,,,21.4500,4,,,20802114,8,True,True,,,,,,,,,,,,False,,21.4500,1.5400,0.0000,0.0000,True,1873-01-01,,,,,,,,20802114,APPROVED,True,,,1976-03-26,,0,,,0,0.00,0.00,0,0,,,,,,,,,,,,,
7917,208020014,NEW SHOP NO 2,,Mb.P.T. Structure,,75,MAZAGAON,21.45,,A,False,True,True,,,,18,57,8,,,,20802115,,,,,,False,,,,,,,3130,NEW SHOP NO 2,A,,,21.4500,4,,,20802115,8,True,True,,,,,,,,,,,,False,,21.4500,1.5400,0.0000,0.0000,True,1873-01-01,,,,,,,,20802115,APPROVED,True,,,1976-07-01,,0,,,0,0.00,0.00,0,0,,,,,,,,,,,,,
4230,309010007,121,,,ELPHINSTON (EAST),1,PRINCESS DOCK,71.35,,A,False,True,True,,,,19,58,9,2,,,30901421,,,,,,False,PLOT NO. 120,O.N.G.C (15 ML),PLOT NO. 131-B,MALET ROAD,400009,,5323,121,A,,,,4,,,30901421,9,True,True,,,,,,,,,,,,False,470.00,,,,,,,,,,,,,,30901421,APPROVED,True,,Other,1978-05-26,,0,,,0,0.00,0.00,0,0,,,,,,,,,,,,,
4234,309010010,159,,,ELPHINSTON (EAST),42/1,PRINCESS DOCK,11569.68,,A,False,True,True,,,,19,58,9,2,,,30901428,,,,,,False,EXPORT SHED,P.T ROAD,C O N T A I N E R S C A N N I N G F O R O C T,RR NO. 113,400009,,5326,159,A,,,,4,,,30901428,9,False,False,,,,,,,,,,,,False,472.00,,,,,,,,,,,,,,30901428,APPROVED,False,,Other,1986-10-18,,0,,,0,0.00,0.00,0,0,,,,,,,,,,,,,
4236,309010012,161,,,ELPHINSTON (EAST),1,PRINCESS DOCK,2.00,,A,False,True,True,,,4,19,58,9,2,,,30901426,,,,,,False,,,,,400009,,1255,161,A,,,2.0000,4,,,30901426,9,True,True,,,,,,,,,,,,False,,2.0000,1.0000,0.0000,0.0000,True,1873-01-01,,,,,,,,30901426,APPROVED,True,storage of non-hazardous goods & office in connection therewith,Other,1984-07-01,,0,,,0,0.00,0.00,0,0,,,,,,,,,,,,,
4284,309010014,"120 121-A,121-B,122 & 119",,,ELPHINSTON (EAST),1,PRINCESS DOCK,1348.63,,A,False,True,True,,,,19,58,9,2,,,30901417,,,,,,False,PLOT NO-118,O.N.G.C (15.MT),LEASED TO STATE TRADING CORPORATION OF INDIA LTD,MALET ROAD,400009,,1442,"120 121-A,121-B,122 & 119",A,,,1348.6300,4,,,30901417,9,True,True,,,,,,,,,,,,False,,1348.6300,0.0000,0.0000,0.0000,True,1873-01-01,,,,,,,,30901417,APPROVED,True,,Other,1975-07-25,,0,,,0,0.00,0.00,0,0,,,,,,,,,,,,,
4288,309010015,124 & 125,,,ELPHINSTON (EAST),1,PRINCESS DOCK,355.44,,A,False,True,True,,,,19,58,9,2,,,30901402,,,,,,True,CONTAINER SCANNING FOR OCT.,P.T ROAD,PLOT NO-126,PLOT NO-124,400009,,5328,124 & 125,A,,,,4,,,30901402,9,True,True,,,,,,,,,,,,False,465.00,,,,,,,,,,,,,,30901402,APPROVED,True,,Other,1958-10-01,,0,,,0,0.00,0.00,0,0,,,,,,,,,,,,,
4583,309010045,OLD RR 1616,,,ELPHINSTON (EAST),43847,PRINCESS DOCK,138.00,,A,False,True,True,,,,19,58,9,2,,,30901149,,,,,,False,MANSION ROAD,P.D. MELLO ROAD,RR NO. 1866,RR NO. 1622,400009,,1755,OLD RR 1616,A,,,138.0000,4,,,30901149,9,False,False,,,,,,,,,,,,False,,138.0000,1.0000,0.0000,0.0000,True,1873-01-01,,,,,,,,30901149,APPROVED,False,"Petrol & oil, diesel pumps, service station, weigh bridge & other purposes connected with motor trade",Other,1942-07-20,,0,,,0,0.00,0.00,0,0,,,,,,,,,,,,,
4633,309010056,PLOT NO 59 AT MANSON ROAD,,,ELPHINSTON (EAST),179/1,PRINCESS DOCK,74.79,,A,False,True,True,,,,19,58,9,2,,,30901247,,,,,,False,PLOT NO. 60 & PLOT NO. 61A,PLOT NO. 58 7 PLOT NO. 64,PLOT NO.62,PLOT NO. 57,400009,,1800,PLOT NO 59 AT MANSON ROAD,A,,,74.7900,4,,,30901247,9,True,True,,,,,,,,,,,,False,,74.7900,1.0000,0.0000,0.0000,True,1873-01-01,,,,,,,,30901247,APPROVED,True,storage of non-hazardous goods & office in connection therewith,Other,1959-08-01,,0,,,0,0.00,0.00,0,0,,,,,,,,,,,,,
4639,309010060,PLOT NO 78,,,ELPHINSTON (EAST),44013,PRINCESS DOCK,53.51,,A,False,True,True,,,,19,58,9,2,,,30901309,,,,,,False,P.T PASSAGE,PLOT NO. 67,B.P.T D-SP,PLOT NO. 07,400009,,1804,PLOT NO 78,A,,,53.5100,4,,,30901309,9,False,False,,,,,,,,,,,,False,,53.5100,2.0000,0.0000,0.0000,True,1873-01-01,,,,,,,,30901309,APPROVED,False,,Other,1873-01-01,,0,,,0,0.00,0.00,0,0,,,,,,,,,,,,,
4661,309010072,PT SHED ON PLOT NO.70,,,ELPHINSTON (EAST),1,PRINCESS DOCK,69.89,,A,False,True,True,,,,19,58,9,2,,,30901306,,,,,,False,PLOT NO. 73,P.D MELLO ROAD,PLOT NO. 69,P.T PASSAGE,400009,,1825,PT SHED ON PLOT NO.70,A,,,105.3500,4,,,30901306,9,False,False,,,,,,,,,,,,False,,105.3500,1.0000,0.0000,0.0000,True,1873-01-01,,,,,,,,30901306,APPROVED,False,,Other,1968-10-01,,0,,,0,0.00,0.00,0,0,,,,,,,,,,,,,
7985,309010095,FML PLOT 42 AT MANSON ROAD, , , ,1187 (Part),FORT,44.31,,A,False,True,True, , , ,19,58,9,,,,30901219, , , ,,,False, , , , ,, ,4492,FML PLOT 42 AT MANSON ROAD,A,,,44.3100,4,,,30901219,9,False,False,,,,,,,,,,,,False,,44.3100,0.0000,0.0000,0.0000,True,1873-01-01,,,,,,,,30901219,APPROVED,False,,Other,1873-01-01,,0,,,0,0.00,0.00,0,0,,,,,,,,,,,,,
8134,309010099,PLOT NO 48 AT MANSON ROAD, , , ,36/1 (part),PRINCESS DOCK,35.44,,A,False,True,True, , , ,19,58,9,,,,30901244, , , ,,,False, , , , ,, ,5470,PLOT NO 48 AT MANSON ROAD,A,,,,4,,,30901244,9,False,False,,,,,,,,,,,,False,455.00,,,,,,,,,,,,,,30901244,APPROVED,False,,Other,1971-12-01,,0,,,0,0.00,0.00,0,0,,,,,,,,,,,,,
8136,309010101,PLOT NO.60 AT MANSION ROAD, , , ,179/1,PRINCESS DOCK,19.51,,A,False,True,True, , , ,19,58,9,,,,30901248, , , ,,,False, , , , ,, ,4643,PLOT NO.60 AT MANSION ROAD,A,,,19.5100,4,,,30901248,9,True,True,,,,,,,,,,,,False,,19.5100,1.0000,0.0000,0.0000,True,1873-01-01,,,,,,,,30901248,APPROVED,False,,Other,1959-01-01,,0,,,0,0.00,0.00,0,0,,,,,,,,,,,,,
8141,309010106,PLOT NO 118, , , ,1 (Part),PRINCESS DOCK,139.35,,A,False,True,True, , , ,19,58,9,,,,30901338, , , ,,,False, , , , ,, ,4648,PLOT NO 118,A,,,139.3500,4,,,30901338,9,False,False,,,,,,,,,,,,False,,139.3500,0.0000,0.0000,0.0000,True,1873-01-01,,,,,,,,30901338,APPROVED,False,,Other,1958-10-01,,0,,,0,0.00,0.00,0,0,,,,,,,,,,,,,
8152,309010117,62 & 63, , , ,193/1,PRINCESS DOCK,128.58,,A,False,True,True, , , ,19,58,9,,,,30901418, , , ,,,False, , , , ,, ,5475,62 & 63,A,,,,4,,,30901418,9,False,False,,,,,,,,,,,,False,469.00,,,,,,,,,,,,,,30901418,APPROVED,False,,Other,1873-01-01,,0,,,0,0.00,0.00,0,0,,,,,,,,,,,,,
8153,309010118,3, , , ,1187(Part),PRINCESS DOCK,14.80,,A,False,True,True, , , ,19,58,9,,,,30901423, , , ,,,False, , , , ,, ,5477,3,A,,,,4,,,30901423,9,False,False,,,,,,,,,,,,False,471.00,,,,,,,,,,,,,,30901423,APPROVED,False,,Other,1873-01-01,,0,,,0,0.00,0.00,0,0,,,,,,,,,,,,,
8154,309010119,"114,115,116,117coterminous with plt 159&159A", , , ,1 (Part),PRINCESS DOCK,1200.12,,A,False,True,True, , , ,19,58,9,,,,30901468, , , ,,,False, , , , ,, ,4661,"114,115,116,117coterminous with plt 159&159A",A,,,1200.1200,4,,,30901468,9,False,False,,,,,,,,,,,,False,,1200.1200,0.0000,0.0000,0.0000,True,2006-02-28,,,,,,,,30901468,APPROVED,False,,Other,2006-02-28,,0,,,0,0.00,0.00,0,0,,,,,,,,,,,,,
8218,309010142,OLD R R 1829, , , ,59/1,FORT,194.26,,A,False,True,True, , , ,19,58,9,,,,30901223, , , ,,,False, , , , ,, ,4724,OLD R R 1829,A,,,194.2600,4,,,30901223,9,False,False,,,,,,,,,,,,False,,194.2600,0.0000,0.0000,0.0000,True,1873-01-01,,,,,,,,30901223,APPROVED,False,,Other,1873-01-01,,0,,,0,0.00,0.00,0,0,,,,,,,,,,,,,
8232,309010147,OLD RR 1622, , , ,01-Oct,PRINCESS DOCK,287.07,,A,False,True,True, , , ,19,58,9,,,,30901144, , , ,,,False, , , , ,, ,4738,OLD RR 1622,A,,,287.0700,4,,,30901144,9,False,False,,,,,,,,,,,,False,,287.0700,0.0000,0.0000,0.0000,True,1873-01-01,,,,,,,,30901144,APPROVED,False,,Other,1974-09-01,,0,,,0,0.00,0.00,0,0,,,,,,,,,,,,,
8233,309010148,OLD R R 1866, , , ,01-Dec,PRINCESS DOCK,143.54,,A,False,True,True, , , ,19,58,9,,,,30901145, , , ,,,False, , , , ,, ,4739,OLD R R 1866,A,,,143.5400,4,,,30901145,9,False,False,,,,,,,,,,,,False,,143.5400,1.2000,0.0000,0.0000,True,1873-01-01,,,,,,,,30901145,APPROVED,False,,Other,1958-08-01,,0,,,0,0.00,0.00,0,0,,,,,,,,,,,,,
8234,309010149,OLD RR 1621 MANSON ROAD, , , ,13-Jan,PRINCESS DOCK,143.54,,A,False,True,True, , , ,19,58,9,,,,30901146, , , ,,,False, , , , ,, ,4740,OLD RR 1621 MANSON ROAD,A,,,143.5400,4,,,30901146,9,False,False,,,,,,,,,,,,False,,143.5400,0.0000,0.0000,0.0000,True,1873-01-01,,,,,,,,30901146,APPROVED,False,,Other,1873-01-01,,0,,,0,0.00,0.00,0,0,,,,,,,,,,,,,
4224,310010002,92,,,ELPHINSTON (WEST),59,PRINCESS DOCK,191.47,,A,False,True,True,,,4,21,58,10,2,,,31001411,,,,,,False,,,,,400009,,5074,92,A,,,,4,,,31001411,10,False,False,,,,,,,,,,,,False,297.00,,,,,,,,,,,,,,31001411,APPROVED,False,,Other,1949-05-01,,0,,,0,0.00,0.00,0,0,,,,,,,,,,,,,
4231,310010004,121,,,ELPHINSTON (WEST),156,PRINCESS DOCK,567.73,,A,False,True,True,,,4,21,58,10,2,,,31001509,,,,,,False,,,,,400009,,1250,121,A,,,567.7300,4,,,31001509,10,True,True,,,,,,,,,,,,False,,567.7300,3.6500,1444.6500,627.2500,True,2004-04-01,,,,,,,,31001509,APPROVED,True,,Other,1994-04-01,,0,,,0,0.00,0.00,0,0,,,,,,,,,,,,,
4302,310010026,161 SURAT STREET,,,ELPHINSTON (WEST),77,PRINCESS DOCK,371.61,,A,False,True,True,,,,21,58,10,2,,,31001426,,,,,,False,RR NO. 1496,OLD RR 1149,SURAT STREET,F.P 87B & 87C,400009,,1457,161 SURAT STREET,A,,,371.6100,4,,,31001426,10,True,True,,,,,,,,,,,,False,,371.6100,1.0400,0.0000,0.0000,True,1873-01-01,,,,,,,,31001426,APPROVED,True,storage of non-hazardous goods & office in connection therewith,Other,1953-01-01,,0,,,0,0.00,0.00,0,0,,,,,,,,,,,,,
7919,310010209,13 SHOLAPUR ST,,Open Plot,,FP No.26,PRINCESS DOCK,468.24,,A,False,True,True,,,,21,58,10,,,,31001137,,,,,,False,,,,,,,5290,13 SHOLAPUR ST,A,,,,4,,,31001137,10,False,False,,,,,,,,,,,,False,295.00,,,,,,,,,,,,,,31001137,APPROVED,False,,Other,1920-08-15,,0,,,0,0.00,0.00,0,0,,,,,,,,,,,,,
8155,310010213,4 SOUTH ELPHISTON BRIDGE, , , ,180,PRINCESS DOCK,195.10,,A,False,True,True, , , ,21,58,10,,,,31001104, , , ,,,False, , , , ,, ,4662,4 SOUTH ELPHISTON BRIDGE,A,,,195.1000,4,,,31001104,10,False,False,,,,,,,,,,,,False,,195.1000,0.0000,0.0000,0.0000,True,1873-01-01,,,,,,,,31001104,APPROVED,False,,,1873-01-01,,0,,,0,0.00,0.00,0,0,,,,,,,,,,,,,
8161,310010219,13 POONA ST(NORTH), , , ,FP No.27(P) & 28 (P),PRINCESS DOCK,58.99,,A,False,True,True, , , ,21,58,10,,,,31001138, , , ,,,False, , , , ,, ,4668,13 POONA ST(NORTH),A,,,58.9900,4,,,31001138,10,False,False,,,,,,,,,,,,False,,58.9900,0.0000,0.0000,0.0000,True,1873-01-01,,,,,,,,31001138,APPROVED,False,,Other,1873-01-01,,0,,,0,0.00,0.00,0,0,,,,,,,,,,,,,
8162,310010220,13 BET.SHOLAPUR & POONA ST., , , ,FP No.27(P) & 28 (P),PRINCESS DOCK,981.07,,A,False,True,True, , , ,21,58,10,,,,31001139, , , ,,,False, , , , ,, ,4669,13 BET.SHOLAPUR & POONA ST.,A,,,981.0700,4,,,31001139,10,False,False,,,,,,,,,,,,False,,981.0700,0.0000,0.0000,0.0000,True,1873-01-01,,,,,,,,31001139,APPROVED,False,,Other,1873-01-01,,0,,,0,0.00,0.00,0,0,,,,,,,,,,,,,
8171,310010229,RR 1085 THANA STREET, , , ,FP No.33 (Part),PRINCESS DOCK,387.54,,A,False,True,True, , , ,21,58,10,,,,31001150, , , ,,,False, , , , ,, ,4678,RR 1085 THANA STREET,A,,,387.5400,4,,,31001150,10,False,False,,,,,,,,,,,,False,,387.5400,1.0000,0.0000,0.0000,True,1873-01-01,,,,,,,,31001150,APPROVED,False,,Other,1928-08-28,,0,,,0,0.00,0.00,0,0,,,,,,,,,,,,,
8172,310010230,62 BARODA ST, , , ,FP No.59 (part),PRINCESS DOCK,401.90,,A,False,True,True, , , ,21,58,10,,,,31001228, , , ,,,False, , , , ,, ,4679,62 BARODA ST,A,,,401.9000,4,,,31001228,10,False,False,,,,,,,,,,,,False,,401.9000,0.0000,0.0000,0.0000,True,1873-01-01,,,,,,,,31001228,APPROVED,False,,Other,1873-01-01,,0,,,0,0.00,0.00,0,0,,,,,,,,,,,,,
8173,310010231,62/3 BARODA ST, , , ,FP No.59 (part),PRINCESS DOCK,112.23,,A,False,True,True, , , ,21,58,10,,,,31001234, , , ,,,False, , , , ,, ,4680,62/3 BARODA ST,A,,,112.2300,4,,,31001234,10,False,False,,,,,,,,,,,,False,,112.2300,0.0000,0.0000,0.0000,True,1873-01-01,,,,,,,,31001234,APPROVED,False,,Other,1955-05-13,,0,,,0,0.00,0.00,0,0,,,,,,,,,,,,,
8174,310010232,YT 76, , , ,FP No.70E (part),PRINCESS DOCK,56.95,,A,False,True,True, , , ,21,58,10,,,,31001327, , , ,,,False, , , , ,, ,4681,YT 76,A,,,56.9500,4,,,31001327,10,False,False,,,,,,,,,,,,False,,56.9500,0.0000,0.0000,0.0000,True,1873-01-01,,,,,,,,31001327,APPROVED,False,,Other,1873-01-01,,0,,,0,0.00,0.00,0,0,,,,,,,,,,,,,
8175,310010233,Y T 33, , , ,Part of Road ( T P Scheme ),PRINCESS DOCK,43.13,,A,False,True,True, , , ,21,58,10,,,,31001350, , , ,,,False, , , , ,, ,4682,Y T 33,A,,,43.1300,4,,,31001350,10,False,False,,,,,,,,,,,,False,,43.1300,0.0000,0.0000,0.0000,True,1873-01-01,,,,,,,,31001350,APPROVED,False,,Other,1873-01-01,,0,,,0,0.00,0.00,0,0,,,,,,,,,,,,,
8177,310010235,87/72, , , ,FP No.80C (part),PRINCESS DOCK,144.65,,A,False,True,True, , , ,21,58,10,,,,31001407, , , ,,,False, , , , ,, ,4684,87/72,A,,,144.6500,4,,,31001407,10,False,False,,,,,,,,,,,,False,,144.6500,0.0000,0.0000,0.0000,True,1873-01-01,,,,,,,,31001407,APPROVED,False,,Other,1873-01-01,,0,,,0,0.00,0.00,0,0,,,,,,,,,,,,,
8178,310010236,FINAL PLOT NO 80/A, , , ,FP No.80A (part),PRINCESS DOCK,406.43,,A,False,True,True, , , ,21,58,10,,,,31001408, , , ,,,False, , , , ,, ,4685,FINAL PLOT NO 80/A,A,,,406.4300,4,,,31001408,10,False,False,,,,,,,,,,,,False,,406.4300,4.3700,0.0000,0.0000,True,1873-01-01,,,,,,,,31001408,APPROVED,False,,Other,1974-02-16,,0,,,0,0.00,0.00,0,0,,,,,,,,,,,,,
8180,310010238,PORTION OF PLOT 162, , , ,FP No.129A (part),PRINCESS DOCK,481.61,,A,False,True,True, , , ,21,58,10,,,,31001525, , , ,,,False, , , , ,, ,4687,PORTION OF PLOT 162,A,,,481.6100,4,,,31001525,10,False,False,,,,,,,,,,,,False,,481.6100,0.0000,0.0000,0.0000,True,1873-01-01,,,,,,,,31001525,APPROVED,False,,Other,1873-01-01,,0,,,0,0.00,0.00,0,0,,,,,,,,,,,,,
8181,310010239,POPRTION OF PLOT 162, , , ,FP No.130B (part),PRINCESS DOCK,105.35,,A,False,True,True, , , ,21,58,10,,,,31001526, , , ,,,False, , , , ,, ,4688,POPRTION OF PLOT 162,A,,,105.3500,4,,,31001526,10,False,False,,,,,,,,,,,,False,,105.3500,0.0000,0.0000,0.0000,True,1873-01-01,,,,,,,,31001526,APPROVED,False,,Other,1873-01-01,,0,,,0,0.00,0.00,0,0,,,,,,,,,,,,,
8183,310010241,164, , , ,FP No.133A ,PRINCESS DOCK,435.99,,A,False,True,True, , , ,21,58,10,,,,31001532, , , ,,,False, , , , ,, ,4690,164,A,,,435.9900,4,,,31001532,10,False,False,,,,,,,,,,,,False,,435.9900,0.0000,0.0000,0.0000,True,1873-01-01,,,,,,,,31001532,APPROVED,False,,Other,1873-01-01,,0,,,0,0.00,0.00,0,0,,,,,,,,,,,,,
8184,310010242,170-A, , , ,FP No.170A (part),PRINCESS DOCK,16.20,,A,False,True,True, , , ,21,58,10,,,,31001549, , , ,,,False, , , , ,, ,4691,170-A,A,,,16.2000,4,,,31001549,10,False,False,,,,,,,,,,,,False,,16.2000,1.6200,0.0000,0.0000,True,2014-09-06,,,,,,,,31001549,APPROVED,False,,Other,1973-11-01,,0,,,0,0.00,0.00,0,0,,,,,,,,,,,,,
8247,310010243,OIDRR1589, , , ,FP No.55 (part),PRINCESS DOCK,310.37,,A,False,True,True, , , ,21,58,10,,,,31001221, , , ,,,False, , , , ,, ,4753,OIDRR1589,A,,,310.3700,4,,,31001221,10,False,False,,,,,,,,,,,,False,,310.3700,1.4400,0.0000,0.0000,True,2015-10-06,,,,,,,,31001221,APPROVED,False,,Other,1943-01-01,,0,,,0,0.00,0.00,0,0,,,,,,,,,,,,,
8248,310010244,OLD RR NO 1143, , , ,,PRINCESS DOCK,297.01,,A,False,True,True, , , ,21,58,10,,,,31001402, , , ,,,False, , , , ,, ,4754,OLD RR NO 1143,A,,,297.0100,4,,,31001402,10,False,False,,,,,,,,,,,,False,,297.0100,0.0000,0.0000,0.0000,True,1873-01-01,,,,,,,,31001402,APPROVED,False,,Other,1873-01-01,,0,,,0,0.00,0.00,0,0,,,,,,,,,,,,,
7986,311010065,13/PART OF GARDEN PLOT C, , , ,132/1187 ,FORT,156.63,,A,False,True,True, , , ,23,58,11,,,,31101136, , , ,,,False, , , , ,, ,4493,13/PART OF GARDEN PLOT C,A,,,156.6300,4,,,31101136,11,False,False,,,,,,,,,,,,False,,156.6300,0.0000,0.0000,0.0000,True,1873-01-01,,,,,,,,31101136,APPROVED,False,,Other,1873-01-01,,0,,,0,0.00,0.00,0,0,,,,,,,,,,,,,
7987,311010066,12 PART OF GARDEN PLOT C, , , ,132/1187 ,FORT,210.46,,A,False,True,True, , , ,23,58,11,,,,31101137, , , ,,,False, , , , ,, ,4494,12 PART OF GARDEN PLOT C,A,,,210.4600,4,,,31101137,11,False,False,,,,,,,,,,,,False,,210.4600,0.0000,0.0000,0.0000,True,1873-01-01,,,,,,,,31101137,APPROVED,False,,Other,1873-01-01,,0,,,0,0.00,0.00,0,0,,,,,,,,,,,,,
7989,311010068,BEHIND STRAND HOUSE, , , ,132/1187 ,FORT,37.40,,A,False,True,True, , , ,23,58,11,,,,31101238, , , ,,,False, , , , ,, ,4496,BEHIND STRAND HOUSE,A,,,37.4000,4,,,31101238,11,False,False,,,,,,,,,,,,False,,37.4000,0.0000,0.0000,0.0000,True,1873-01-01,,,,,,,,31101238,APPROVED,False,,Other,1873-01-01,,0,,,0,0.00,0.00,0,0,,,,,,,,,,,,,
4539,311020026,OLD R R NO 2082,,,MODY BAY,1156,FORT,401.53,,A,False,True,True,,,,24,58,11,1,,,31102139,,,,,,False,RR NO. 1371,RR NO. 639,GOA STREET,RR NO. 1337,400001,,1710,OLD R R NO 2082,A,,,401.5300,4,,,31102139,11,True,True,,,,,,,,,,,,False,,401.5300,3.4500,0.0000,1385.3300,True,2004-04-01,,,,,,,,31102139,APPROVED,True,,Other,1994-04-01,,0,,,0,0.00,0.00,0,0,,,,,,,,,,,,,
7991,311020118,R R 1925, , , ,1116,FORT,251.12,,A,False,True,True, , , ,24,58,11,,,,31102227, , , ,,,False, , , , ,, ,4498,R R 1925,A,,,251.1200,4,,,31102227,11,False,False,,,,,,,,,,,,False,,251.1200,0.9400,0.0000,235.2000,True,2004-04-01,,,,,,,,31102227,APPROVED,False,,Other,1960-11-01,,0,,,0,0.00,0.00,0,0,,,,,,,,,,,,,
7992,311020119,BPORTION OF OLD R.R.1768, , , ,1112,FORT,1131.56,,A,False,True,True, , , ,24,58,11,,,,31102239, , , ,,,False, , , , ,, ,4499,BPORTION OF OLD R.R.1768,A,,,1131.5600,4,,,31102239,11,False,False,,,,,,,,,,,,False,,1131.5600,1.9100,13.9400,2117.3300,True,2004-04-01,,,,,,,,31102239,APPROVED,False,,Other,1967-04-01,,0,,,0,0.00,0.00,0,0,,,,,,,,,,,,,
4213,312020004,26,,,SASSOON DOCK,67,COLABA,77.76,,A,False,True,True,,,,26,58,12,1,,,31202144,,,,,,False,PLOT NO. 26-A,PLOT NO. 25,PLOT NO. 26-B,P.T PASSAGE,400005, Date: 17-12-2019 User: mbpt_no <br>Remark: For sample<br> <br> Date: 17-12-2019 User: mbpt_hod <br>Remark: For sample<br>,1233,26,A,,,77.7600,4,,,31202144,12,True,True,,,,,,,,,,,,False,,77.7600,1.0000,0.0000,0.0000,True,1873-01-01,,,,,,,,31202144,APPROVED,True,storage of non-hazardous goods & office in connection therewith,Other,1947-08-01,,0,,,0,0.00,0.00,0,0,,,,,,,,,,,,,
4215,312020006,36,,,SASSOON DOCK,67,COLABA,13.38,,A,False,True,True,,,,26,58,12,1,,,31202220,,,,,,False,PLOT NO. 36-A,15.25 M ROAD,PLOT NO. 35,DOCK TENANCY,400005, Date: 17-12-2019 User: mbpt_no <br>Remark: For sample<br> <br> Date: 17-12-2019 User: mbpt_hod <br>Remark: For sample<br>,1235,36,A,,,13.3800,4,,,31202220,12,True,True,,,,,,,,,,,,False,,13.3800,2.0000,0.0000,0.0000,True,1873-01-01,,,,,,,,31202220,APPROVED,True,storage of non-hazardous goods & office in connection therewith,Other,1957-07-01,,0,,,0,0.00,0.00,0,0,,,,,,,,,,,,,
4332,312020017,26B,,,SASSOON DOCK,67,COLABA,9.38,,A,False,True,True,,,,26,58,12,1,,,31202146,,,,,,False,PLOT NO-26-A,PLOT NO-25,P.T PASSAGE,P.T PASSAGE,400005, Date: 18-12-2019 User: mbpt_no <br>Remark: For sample<br> <br> Date: 18-12-2019 User: mbpt_hod <br>Remark: For sample<br>,1482,26B,A,,,9.3800,4,,,31202146,12,True,True,,,,,,,,,,,,False,,9.3800,1.0000,0.0000,0.0000,True,1873-01-01,,,,,,,,31202146,APPROVED,True,storage of non-hazardous goods & office in connection therewith,Other,1957-11-16,,0,,,0,0.00,0.00,0,0,,,,,,,,,,,,,
4358,312020030,36 C/C,,,SASSOON DOCK,67,COLABA,2.23,,A,False,True,True,,,,26,58,12,1,,,31202209,,,,,,False,P.T PASSAGE,P.T PASSAGE,PLOT NO-36C-c,PLOT NO36C-b,400005, Date: 18-12-2019 User: mbpt_no <br>Remark: For sample<br> <br> Date: 18-12-2019 User: mbpt_hod <br>Remark: For sample<br>,1504,36 C/C,A,,,2.2300,4,,,31202209,12,True,True,,,,,,,,,,,,False,,2.2300,1.0000,0.0000,0.0000,True,1873-01-01,,,,,,,,31202209,APPROVED,True,storage of non-hazardous goods & office in connection therewith,Other,1959-01-01,,0,,,0,0.00,0.00,0,0,,,,,,,,,,,,,
4458,312020037,GDN NO 158,,,SASSOON DOCK,67,COLABA,1460.59,,A,False,True,True,,,,26,58,12,1,,,31202140,,,,,,False,159-MBPT QUARTERS,GATE,MIDDLE COLABA ROAD,PLOT NO-23A & PLOT NO-29A,400005, Date: 17-12-2019 User: mbpt_no <br>Remark: For sample<br> <br> Date: 17-12-2019 User: mbpt_hod <br>Remark: For sample<br>,1600,GDN NO 158,A,,,1184.4200,4,,,31202140,12,True,True,,,,,,,,,,,,False,,1184.4200,2.6900,0.0000,0.0000,True,2010-04-01,,,,,,,,31202140,APPROVED,True,storage of non-hazardous goods & office in connection therewith,Other,1969-09-01,,0,,,0,0.00,0.00,0,0,,,,,,,,,,,,,
4463,312020040,GODOWN NO 162 & Plot 29,,,SASSOON DOCK,67,COLABA,419.98,,A,False,True,True,,,,26,58,12,1,,,31202139,,,,,,False,VACANT STRUCTURE 24-A,PLOT NO. 29-A ,MT 163-A,PLOT NO. 29,400005, Date: 16-12-2019 User: mbpt_no <br>Remark: For sample<br> <br> Date: 16-12-2019 User: mbpt_hod <br>Remark: For sample<br>,5439,GODOWN NO 162,A,,,,4,,,31202139,12,False,False,,,,,,,,,,,,False,481.00,,,,,,,,,,,,,,31202139,APPROVED,False,,Other,1873-01-01,,0,,,0,0.00,0.00,0,0,,,,,,,,,,,,,
4586,312020048,OLD RR 1773,,,SASSOON DOCK,24869,COLABA,3172.79,,A,False,True,True,,,,26,58,12,1,,,31202128,,,,,,False,RR NO. 1773-E,RR NO. 1773-J,MB.P.T ROAD,SAGAR PRESS GODOWNS,400005, Date: 16-12-2019 User: mbpt_no <br>Remark: For sample<br> <br> Date: 18-12-2019 User: mbpt_hod <br>Remark: correct the CS no.<br> <br> Date: 18-12-2019 User: mbpt_no <br>Remark: For sample<br> <br> Date: 18-12-2019 User: mbpt_hod <br>Remark: For sample<br>,5337,OLD RR 1773,A,,,,4,,,31202128,12,True,True,,,,,,,,,,,,False,480.00,,,,,,,,,,,,,,31202128,APPROVED,True,,Other,1968-12-01,,0,,,0,0.00,0.00,0,0,,,,,,,,,,,,,
4613,312020052,P T 161 & MbPT QRTS,,,SASSOON DOCK,67,COLABA,519.65,,A,False,True,True,,,,26,58,12,1,,,31202147,,,,,,False,174-MBPT QUARTERS.,P.T PASSAGE,P.T PASSAGE,P.T PASSAGE,400005, Date: 18-12-2019 User: mbpt_no <br>Remark: For sample<br> <br> Date: 18-12-2019 User: mbpt_hod <br>Remark: For sample<br>,5338,EAST GROUND FLOOR ROOM P T 161,A,,,,4,,,31202147,12,True,True,,,,,,,,,,,,False,483.00,,,,,,,,,,,,,,31202147,APPROVED,True,,Other,1963-02-01,,0,,,0,0.00,0.00,0,0,,,,,,,,,,,,,
4883,312020064,RR NO.1455,,,SASSOON DOCK,24654,COLABA,972.88,,A,False,True,True,,,,26,58,12,1,,,31202226,,,,,,True,PLOT NO. 31-A & PLOT NO. 31FML,VACANT 45- & PLOT NO. 44 & PLOT NO. 43FML,VACANT OPEN,MB.P.T ROAD,400005," Date: 17-12-2019 User: mbpt_no <br>Remark: city survey no. format is date format ,correct it<br> <br> Date: 18-12-2019 User: mbpt_no <br>Remark: For sample<br> <br> Date: 18-12-2019 User: mbpt_hod <br>Remark: For sample<br>",2045,RR NO.1455,A,,,972.8800,4,,,31202226,12,False,False,,,,,,,,,,,,False,,972.8800,3.7900,837.0700,2853.3100,True,2004-04-01,,,,,,,,31202226,APPROVED,False,,Other,1939-01-26,,0,,,0,0.00,0.00,0,0,,,,,,,,,,,,,
7955,312020076,LAND ADJ TO GO DOWN NO 169, , , ,67 (Part),Colaba,22.95,,A,False,True,True, , , ,26,58,12,,,,31202130, , , ,,,False, , , , ,, ,4466,LAND ADJ TO GO DOWN NO 169,A,,,22.9500,4,,,31202130,12,False,False,,,,,,,,,,,,False,,22.9500,0.0000,0.0000,0.0000,True,1873-01-01,,,,,,,,31202130,APPROVED,False,,Other,1964-02-26,,0,,,0,0.00,0.00,0,0,,,,,,,,,,,,,
7957,312020078,15 ML 46, , , ,67 (Part),Colaba,757.06,,A,False,True,True, , , ,26,58,12,,,,31202150, , , ,,,False, , , , ,, ,4468,15 ML 46,A,,,757.0600,4,,,31202150,12,False,False,,,,,,,,,,,,False,,757.0600,1.5300,0.0000,0.0000,True,1873-01-01,,,,,,,,31202150,APPROVED,False,,Other,1964-05-01,,0,,,0,0.00,0.00,0,0,,,,,,,,,,,,,
7958,312020079,36 D 2, , , ,67 (Part),Colaba,21.00,,A,False,True,True, , , ,26,58,12,,,,31202205, , , ,,,False, , , , ,, ,4469,36 D 2,A,,,21.0000,4,,,31202205,12,False,False,,,,,,,,,,,,False,,21.0000,0.0000,0.0000,0.0000,True,1873-01-01,,,,,,,,31202205,APPROVED,False,,Other,1873-01-01,,0,,,0,0.00,0.00,0,0,,,,,,,,,,,,,
7959,312020080,36 D 3, , , ,67 (Part),Colaba,26.85,,A,False,True,True, , , ,26,58,12,,,,31202206, , , ,,,False, , , , ,, ,4470,36 D 3,A,,,26.8500,4,,,31202206,12,False,False,,,,,,,,,,,,False,,26.8500,0.0000,0.0000,0.0000,True,1873-01-01,,,,,,,,31202206,APPROVED,False,,Other,1873-01-01,,0,,,0,0.00,0.00,0,0,,,,,,,,,,,,,
7961,312020082,36 C/E, , , ,67 (Part),Colaba,2.23,,A,False,True,True, , , ,26,58,12,,,,31202211, , , ,,,False, , , , ,, ,4472,36 C/E,A,,,2.2300,4,,,31202211,12,False,False,,,,,,,,,,,,False,,2.2300,0.0000,0.0000,0.0000,True,1873-01-01,,,,,,,,31202211,APPROVED,False,,Other,1873-01-01,,0,,,0,0.00,0.00,0,0,,,,,,,,,,,,,
7964,312020085,36 B/A, , , ,67 (Part),Colaba,3.34,,A,False,True,True, , , ,26,58,12,,,,31202214, , , ,,,False, , , , ,, ,4475,36 B/A,A,,,3.3400,4,,,31202214,12,False,False,,,,,,,,,,,,False,,3.3400,0.0000,0.0000,0.0000,True,1873-01-01,,,,,,,,31202214,APPROVED,False,,Other,1873-01-01,,0,,,0,0.00,0.00,0,0,,,,,,,,,,,,,
7966,312020087,45, , , ,Jul-67,Colaba,36.05,,A,False,True,True, , , ,26,58,12,,,,31202229, , , ,,,False, , , , ,, ,4477,45,A,,,36.0500,4,,,31202229,12,False,False,,,,,,,,,,,,False,,36.0500,0.0000,0.0000,0.0000,True,1873-01-01,,,,,,,,31202229,APPROVED,False,,Other,1873-01-01,,0,,,0,0.00,0.00,0,0,,,,,,,,,,,,,
8193,312020089,OLD R.R.NO.1861, , , ,14/67,Colaba,267.38,,A,False,True,True, , , ,26,58,12,,,,31202102, , , ,,,False, , , , ,, ,4699,OLD R.R.NO.1861,A,,,267.3800,4,,,31202102,12,False,False,,,,,,,,,,,,False,,267.3800,0.0000,0.0000,0.0000,True,1873-01-01,,,,,,,,31202102,APPROVED,False,,Other,1873-01-01,,0,,,0,0.00,0.00,0,0,,,,,,,,,,,,,
7968,312030004,66, , , ,67 (Part),Colaba,46.71,,A,False,True,True, , , ,27,58,12,,,,31203326, , , ,,,False, , , , ,, ,3162,66,A,,,46.7100,4,,,31203326,12,True,True,,,,,,,,,,,,False,,46.7100,1.0000,0.0000,0.0000,True,1873-01-01,,,,,,,,31203326,APPROVED,True,,Other,1959-06-01,,0,,,0,0.00,0.00,0,0,,,,,,,,,,,,,
7969,312030005,65, , , ,67 (Part),Colaba,490.53,,A,False,True,True, , , ,27,58,12,,,,31203327, , , ,,,False, , , , ,, ,4479,65,A,,,490.5300,4,,,31203327,12,False,False,,,,,,,,,,,,False,,490.5300,0.0000,0.0000,0.0000,True,1873-01-01,,,,,,,,31203327,APPROVED,False,,Other,1873-01-01,,0,,,0,0.00,0.00,0,0,,,,,,,,,,,,,
4687,312050025,R R 647,,,APPOLO RECLAMATION ,465,COLABA,428.66,,A,False,True,True,,,,29,58,12,1,,,31205102,,,,,,False,RR NO. 633,RR NO. 582,CHATRAPATI SHIVAJI MAHARAJ MARG,RR NO. 741 & RR NO. 871,400009, Date: 20-12-2019 User: mbpt_no <br>Remark: For sample<br> <br> Date: 20-12-2019 User: mbpt_hod <br>Remark: For sample<br>,4425,R R 647,A,,,428.6600,4,,,31205102,12,False,False,,,,,,,,,,,,False,,428.6600,0.5000,,,True,1873-01-01,2019-08-29,,,,,,,31205102,APPROVED,False,,Other,0006-07-11,,0,,,0,0.00,0.00,0,0,,,,,,,,,,,,,
5434,413040217,PART OF 10/8,,,LAKRI BUNDER,1,MAZAGAON,347.46,,A,False,True,True,,,4,38,59,13,5,,,"41304404,
41304405,
41304406,
41304407,
",,,,,,False,,,,,400010,,5361,PART OF 10/8,A,,,,4,,,41304407,13,True,True,,,,,,,,,,,,False,537.00,,,,,,,,,,,,,,41304407,APPROVED,True,,Other,1959-01-01,,0,,,0,0.00,0.00,0,0,,,,,,,,,,,,,
8024,413040221,35B/1, , , ,1 (Part),MAZGAON,16.72,,A,False,True,True, , , ,38,59,13,,,,41304130, , , ,,,False, , , , ,, ,4531,35B/1,A,,,16.7200,4,,,41304130,13,False,False,,,,,,,,,,,,False,,16.7200,0.0000,0.0000,0.0000,True,1873-01-01,,,,,,,,41304130,APPROVED,False,,Other,1873-01-01,,0,,,0,0.00,0.00,0,0,,,,,,,,,,,,,
5180,413050061,,,,COAL BUNDER,1,MAZAGAON,204.48,,A,False,True,True,,,,39,59,13,5,,,41305137,,,261-15,,,True,MbPT ROAD,PLOT NO.273-15,PT LAND,PLOT NO.262,400010,,2324,261/15,A,,,204.4800,4,,,41305137,13,False,False,,,,,,,,,,,,False,,204.4800,1.3300,0.0000,0.0000,True,1873-01-01,,,,,,,,41305137,APPROVED,False,,Other,1957-08-12,,0,,,0,0.00,0.00,0,0,,,,,,,,,,,,,
5185,413050065,,,,COAL BUNDER,1,MAZAGAON,113.71,,A,False,True,True,,,,39,59,13,5,,,41305139,,,266-15,,,True,PLOT NO.265-15,PLOT NO.267-15,PLOT NO.270-15,MbPT ROAD,400010,,5122,266/15,A,,,,4,,,41305139,13,False,False,,,,,,,,,,,,False,335.00,,,,,,,,,,,,,,41305139,APPROVED,False,,Other,1952-04-01,,0,,,0,0.00,0.00,0,0,,,,,,,,,,,,,
8032,413050112,228/6, , , ,1 (Part),MAZGAON,1170.58,,A,False,True,True, , , ,39,59,13,,,,41305113, , , ,,,False, , , , ,, ,4539,228/6,A,,,1170.5800,4,,,41305113,13,False,False,,,,,,,,,,,,False,,1170.5800,0.0000,0.0000,0.0000,True,1873-01-01,,,,,,,,41305113,APPROVED,False,,Other,1873-01-01,,0,,,0,0.00,0.00,0,0,,,,,,,,,,,,,
8033,413050113,239/1A, , , ,1 (Part),MAZGAON,745.55,,A,False,True,True, , , ,39,59,13,,,,41305121, , , ,,,False, , , , ,, ,4540,239/1A,A,,,745.5500,4,,,41305121,13,False,False,,,,,,,,,,,,False,,745.5500,0.0000,0.0000,0.0000,True,1873-01-01,,,,,,,,41305121,APPROVED,False,,Other,1873-01-01,,0,,,0,0.00,0.00,0,0,,,,,,,,,,,,,
8034,413050114,310/19, , , ,1 (Part),MAZGAON,1336.13,,A,False,True,True, , , ,39,59,13,,,,41305230, , , ,,,False, , , , ,, ,4541,310/19,A,,,1336.1300,4,,,41305230,13,False,False,,,,,,,,,,,,False,,1336.1300,0.6100,0.0000,0.0000,True,2013-07-01,,,,,,,,41305230,APPROVED,False,,Other,1941-05-16,,0,,,0,0.00,0.00,0,0,,,,,,,,,,,,,
8035,413050115,235B/7, , , ,1 (Part),MAZGAON,651.81,,A,False,True,True, , , ,39,59,13,,,,41305241, , , ,,,False, , , , ,, ,4542,235B/7,A,,,651.8100,4,,,41305241,13,False,False,,,,,,,,,,,,False,,651.8100,0.0300,0.0000,0.0000,True,1873-01-01,,,,,,,,41305241,APPROVED,False,,Other,1969-11-24,,0,,,0,0.00,0.00,0,0,,,,,,,,,,,,,
4940,413060008,,,,NEW TANK BUNDER,1,MAZAGAON,722.14,,A,False,True,True,,,,40,59,13,5,,,41306213,,,318,,,True,MbPT ROAD,PLOT NO.317,MbPT ROAD,MbPT LAND,400010,,2098,318,A,,,722.1400,4,,,41306213,13,True,True,,,,,,,,,,,,False,,722.1400,0.5700,0.0000,0.0000,True,1873-01-01,,,,,,,,41306213,APPROVED,True,storage of non-hazardous goods & office in connection therewith,Transfer of Tenancy,1996-01-03,,0,,,0,0.00,0.00,0,0,,,,,,,,,,,,,
5250,413060034,,,,NEW TANK BUNDER,1,MAZAGAON,482.32,,A,False,True,True,,,,40,59,13,5,,,41306221,,,319-A,,,True,PLOT NO.319-B,MbPT ROAD,PT LAND,MbPT ROAD,400010,,2392,319/A,A,,,482.3200,4,,,41306221,13,True,True,,,,,,,,,,,,False,,482.3200,0.1200,0.0000,0.0000,True,1873-01-01,,,,,,,,41306221,APPROVED,True,,Other,1873-01-01,,0,,,0,0.00,0.00,0,0,,,,,,,,,,,,,
5342,413060053,62/C,,,NEW TANK BUNDER,1,MAZAGAON,120.40,,A,False,True,True,,,,40,59,13,5,,,41306129,,,,,,False,PLOT NO.63-C,PLOT NO.61,PLOT NO.55,MbPT ROAD,400010,,5135,62/C,A,,,,6,,,41306129,13,True,True,,,,,,,,,,,,False,342.00,,,,,,,,,,,,,,41306129,APPROVED,True,Open storage of Manglore tiles,Other,1931-09-01,,0,,,0,0.00,0.00,0,0,,,,,,,,,,,,,
8036,413060069,21/A, , , ,1 (Part),MAZGAON,62.71,,A,False,True,True, , , ,40,59,13,,,,41306112, , , ,,,False, , , , ,, ,4543,21/A,A,,,62.7100,4,,,41306112,13,False,False,,,,,,,,,,,,False,,62.7100,1.0000,0.0000,0.0000,True,1873-01-01,,,,,,,,41306112,APPROVED,False,,Other,1978-12-14,,0,,,0,0.00,0.00,0,0,,,,,,,,,,,,,
8037,413060070,22/A, , , ,1 (Part),MAZGAON,114.46,,A,False,True,True, , , ,40,59,13,,,,41306113, , , ,,,False, , , , ,, ,4544,22/A,A,,,114.4600,4,,,41306113,13,False,False,,,,,,,,,,,,False,,114.4600,1.0000,0.0000,0.0000,True,1873-01-01,,,,,,,,41306113,APPROVED,False,,Transfer of Tenancy,1978-12-14,,0,,,0,0.00,0.00,0,0,,,,,,,,,,,,,
8038,413060071,103/F, , , ,1 (Part),MAZGAON,69.68,,A,False,True,True, , , ,40,59,13,,,,41306145, , , ,,,False, , , , ,, ,4545,103/F,A,,,69.6800,4,,,41306145,13,False,False,,,,,,,,,,,,False,,69.6800,0.0000,0.0000,0.0000,True,1873-01-01,,,,,,,,41306145,APPROVED,False,,Other,1873-01-01,,0,,,0,0.00,0.00,0,0,,,,,,,,,,,,,
8039,413060072,104/F, , , ,1 (Part),MAZGAON,13.38,,A,False,True,True, , , ,40,59,13,,,,41306147, , , ,,,False, , , , ,, ,4546,104/F,A,,,13.3800,4,,,41306147,13,False,False,,,,,,,,,,,,False,,13.3800,1.0000,0.0000,0.0000,True,2007-02-15,,,,,,,,41306147,APPROVED,False,,Other,1873-01-01,,0,,,0,0.00,0.00,0,0,,,,,,,,,,,,,
8041,413060074,91/E, , , ,1 (Part),MAZGAON,66.89,,A,False,True,True, , , ,40,59,13,,,,41306207, , , ,,,False, , , , ,, ,4548,91/E,A,,,66.8900,4,,,41306207,13,False,False,,,,,,,,,,,,False,,66.8900,0.0000,0.0000,0.0000,True,1873-01-01,,,,,,,,41306207,APPROVED,False,,Other,1873-01-01,,0,,,0,0.00,0.00,0,0,,,,,,,,,,,,,
8042,413060075,324A/B, , , ,1 (Part),MAZGAON,1807.64,,A,False,True,True, , , ,40,59,13,,,,41306224, , , ,,,False, , , , ,, ,4549,324A/B,A,,,1807.6400,4,,,41306224,13,False,False,,,,,,,,,,,,False,,1807.6400,0.0000,0.0000,0.0000,True,1873-01-01,,,,,,,,41306224,APPROVED,False,,Other,1873-01-01,,0,,,0,0.00,0.00,0,0,,,,,,,,,,,,,
4992,413080004,,,,BRICK BUNDER,435/145,PAREL-SEWERI,139.08,,A,False,True,True,,,,42,59,13,7,,,41308110,,,12-D,,,False,"PLOT NO.14,16","PLOT NO.11,3",PLOT NO.17,PLOT NO.13,400010,,4431,12/D,A,,,139.0800,4,,,41308110,13,False,False,,,,,,,,,,,,False,,139.0800,0.0000,0.0000,0.0000,True,1873-01-01,,,,,,,,41308110,APPROVED,False,,Other,1945-01-01,,0,,,0,0.00,0.00,0,0,,,,,,,,,,,,,
5317,413080048,,,,BRICK BUNDER,145,PAREL-SEWERI,193.33,,A,False,True,True,,,,42,59,13,7,,,41308204,,,55-A,,,False,PLOT NO.54-A,PLOT NO.56-A,PLOT NO.45-A,PT LAND,400010,,2457,55/A,A,,,193.3300,4,,,41308204,13,True,True,,,,,,,,,,,,False,,193.3300,1.0000,0.0000,0.0000,True,1873-01-01,,,,,,,,41308204,APPROVED,True,,Other,1957-12-27,,0,,,0,0.00,0.00,0,0,,,,,,,,,,,,,
4927,414040004,13,,,JAMSHEDJI BUNDER,132,COLABA,93.27,,A,False,True,True,,,4,51,59,14,1,,,41404102,,,,,,False,,,,,400001,,2085,13,A,,,54.6300,4,,,41404102,14,True,True,,,,,,,,,,,,False,,54.6300,2.0000,0.0000,0.0000,True,1873-01-01,,,,,,,,41404102,APPROVED,True,storage of non-hazardous goods & office in connection therewith,Other,1957-12-31,,0,,,0,0.00,0.00,0,0,,,,,,,,,,,,,
7974,414040014,12, , , ,132 (Part),Colaba,52.68,,A,False,True,True, , , ,51,59,14,,,,41404101, , , ,,,False, , , , ,, ,4482,12,A,,,52.6800,4,,,41404101,14,False,False,,,,,,,,,,,,False,,52.6800,0.0000,0.0000,0.0000,True,1873-01-01,,,,,,,,41404101,APPROVED,False,,Other,1873-01-01,,0,,,0,0.00,0.00,0,0,,,,,,,,,,,,,
4916,414130002,3,,,MAHIM BUNDER, , ,1634.91,,A,False,True,True,,,4,60,59,14,8,,,41413103,,,,,,False,,,,,400001,,2074,3,A,,,796.8300,4,,,41413103,14,True,True,,,,,,,,,,,,False,,796.8300,0.4300,0.0000,0.0000,True,1873-01-01,,,,,,,,41413103,APPROVED,True,storage of non-hazardous goods & office in connection therewith,Other,1960-10-18,,0,,,0,0.00,0.00,0,0,,,,,,,,,,,,,
4918,414130004,5,,,MAHIM BUNDER, , ,772.77,,A,False,True,True,,,4,60,59,14,8,,,41413102,,,,,,False,,,,,400001,,2076,5,A,,,449.9300,4,,,41413102,14,True,True,,,,,,,,,,,,False,,449.9300,0.0800,0.0000,0.0000,True,1873-01-01,,,,,,,,41413102,APPROVED,True,storage of non-hazardous goods & office in connection therewith,Other,1959-07-04,,0,,,0,0.00,0.00,0,0,,,,,,,,,,,,,
4919,414130005,6,,,MAHIM BUNDER, , ,648.00,,A,False,True,True,,,4,60,59,14,8,,,41413125,,,,,,False,,,,,400001,,2077,6,A,,,235.2300,4,,,41413125,14,True,True,,,,,,,,,,,,False,,235.2300,0.0200,0.0000,0.0000,True,1873-01-01,,,,,,,,41413125,APPROVED,True,,15 monthly,1999-10-01,,0,,,0,0.00,0.00,0,0,,,,,,,,,,,,,
4933,414130015,29,,,MAHIM BUNDER, , ,144.65,,A,False,True,True,,,4,60,59,14,8,,,41413112,,,,,,False,,,,,400001,,2091,29,A,,,35.1200,4,,,41413112,14,True,True,,,,,,,,,,,,False,,35.1200,1.0000,0.0000,0.0000,True,1873-01-01,,,,,,,,41413112,APPROVED,True,storage of non-hazardous goods & office in connection therewith,Other,1942-06-01,,0,,,0,0.00,0.00,0,0,,,,,,,,,,,,,
5427,414140001,LAND AT BI,,,"BUTCHER ISLAND, M.O.T.", , ,1207.00,,A,False,True,True,,,4,61,59,14,10,,,41414102,,,,,,False,,,,,400010,,4457,LAND AT BI,A,,,1207.0000,4,,,41414102,14,False,False,,,,,,,,,,,,False,,1207.0000,0.0000,0.0000,0.0000,True,1873-01-01,,,,,,,,41414102,APPROVED,False,,EXPIRED LEASE,1977-04-01,,0,,,0,0.00,0.00,0,0,,,,,,,,,,,,,
